{"type":"FeatureCollection","features":[{"type":"Feature","id":1,"geometry":{"type":"LineString","coordinates":[[-82.01743566239858,26.576450906598346],[-82.0174351015637,26.57630045132529]]},"properties":{"OBJECTID":1,"ANGLE":90.5,"BRIDGE_NUMBER":"79","TYPE":"B","INSPECTED_BY":"City","UNIT":"70","CANAL_NAME":"ROSE CANAL","PROXIMITY":"AGUALINDA BLVD-SW 40TH TER-SW 41ST ST","REPORT_DATE":"2009","COMMENTS":"Scour","INSPECTED":null,"INSP_FREQ":"2 Years","AbutmentType":"","ConditionGroup":"","DeckType":"","DeckWearingSurface":"","FeatureCrossed":"Canal","PierType":"","PredictionGroup":"","SpanType":"","Street":"AGUALINDA BLVD","StructureType":"","UseType":"Vehicle","CartegraphID":"1","Structure_Num":"125696","Jurisdiction":"City","Width":null,"LocalName":"","NOTES":"","FunctionallyObsolete":"","StructurallyDeficient":"","ScourCritical":"","VerticalClearance":9.6,"Qualifying":"NO","Navigable":"","SufficiencyRating":77.7,"HealthIndex":null,"AADT":2900,"EstimatedOCR":"","EstimatedCCI":null,"EstimatedCCR":"","EstimatedOCI":null,"CurrentInspectionDate":null,"CurrentInspectionOCI":null,"CurrentInspectionOCR":null,"CurrentInspectionNotes":null,"CurrentInspectedby":null,"Installed":null,"Replaced":null,"Retired":null,"ActBefore":null,"GroundElevation":null,"CriticalityFactor":1,"DesignedLoadRating":null,"LoadRestricted":"","GlobalID":"{BFD85865-544B-4529-8F25-4305C39A2680}","created_user":null,"created_date":null,"last_edited_user":"cgcartegraphsync","last_edited_date":1774378818000,"Shape.STLength()":54.688493564108065}},{"type":"Feature","id":2,"geometry":{"type":"LineString","coordinates":[[-82.01732191311022,26.56787487788425],[-82.01732155803205,26.567769749511733]]},"properties":{"OBJECTID":2,"ANGLE":90,"BRIDGE_NUMBER":"78","TYPE":"B","INSPECTED_BY":"City","UNIT":"70","CANAL_NAME":"BONITA CANAL","PROXIMITY":"AGUALINDA BLVD-SW 44TH TER-SW 45TH TER","REPORT_DATE":"2009","COMMENTS":"Scour","INSPECTED":null,"INSP_FREQ":"2 Years","AbutmentType":"","ConditionGroup":"","DeckType":"","DeckWearingSurface":"","FeatureCrossed":"Canal","PierType":"","PredictionGroup":"","SpanType":"","Street":"AGUALINDA BLVD","StructureType":"","UseType":"Vehicle","CartegraphID":"2","Structure_Num":"125694","Jurisdiction":"City","Width":null,"LocalName":"","NOTES":"","FunctionallyObsolete":"","StructurallyDeficient":"","ScourCritical":"","VerticalClearance":9.3,"Qualifying":"NO","Navigable":"","SufficiencyRating":77.7,"HealthIndex":null,"AADT":3900,"EstimatedOCR":"","EstimatedCCI":null,"EstimatedCCR":"","EstimatedOCI":null,"CurrentInspectionDate":null,"CurrentInspectionOCI":null,"CurrentInspectionOCR":null,"CurrentInspectionNotes":null,"CurrentInspectedby":null,"Installed":null,"Replaced":null,"Retired":null,"ActBefore":null,"GroundElevation":null,"CriticalityFactor":1,"DesignedLoadRating":null,"LoadRestricted":"","GlobalID":"{E53AB852-017D-4582-BDB3-56AFBEBA14FB}","created_user":null,"created_date":null,"last_edited_user":"cgcartegraphsync","last_edited_date":1774378695000,"Shape.STLength()":38.212682903364836}},{"type":"Feature","id":3,"geometry":{"type":"LineString","coordinates":[[-82.01733766888736,26.556113261989953],[-82.01733765035017,26.555990033399343]]},"properties":{"OBJECTID":3,"ANGLE":90,"BRIDGE_NUMBER":"77","TYPE":"B","INSPECTED_BY":"City","UNIT":"69","CANAL_NAME":"ETERNITY CANAL","PROXIMITY":"AGUALINDA BLVD-SW 51ST ST-SW 52ND ST","REPORT_DATE":"2009","COMMENTS":"","INSPECTED":null,"INSP_FREQ":"2 Years","AbutmentType":"","ConditionGroup":"","DeckType":"","DeckWearingSurface":"","FeatureCrossed":"Canal","PierType":"","PredictionGroup":"","SpanType":"","Street":"AGUALINDA BLVD","StructureType":"","UseType":"Vehicle","CartegraphID":"3","Structure_Num":"125692","Jurisdiction":"City","Width":null,"LocalName":"","NOTES":"","FunctionallyObsolete":"","StructurallyDeficient":"","ScourCritical":"","VerticalClearance":9.5,"Qualifying":"NO","Navigable":"","SufficiencyRating":77.7,"HealthIndex":null,"AADT":1700,"EstimatedOCR":"","EstimatedCCI":null,"EstimatedCCR":"","EstimatedOCI":null,"CurrentInspectionDate":null,"CurrentInspectionOCI":null,"CurrentInspectionOCR":null,"CurrentInspectionNotes":null,"CurrentInspectedby":null,"Installed":null,"Replaced":null,"Retired":null,"ActBefore":null,"GroundElevation":null,"CriticalityFactor":1,"DesignedLoadRating":null,"LoadRestricted":"","GlobalID":"{37CBB65F-E23A-4E1D-9870-B2E0B9259E3A}","created_user":null,"created_date":null,"last_edited_user":"cgcartegraphsync","last_edited_date":1786558727000,"Shape.STLength()":44.79157708333332}},{"type":"Feature","id":4,"geometry":{"type":"LineString","coordinates":[[-81.9571259741226,26.6741862100234],[-81.95712522513443,26.67405587985909]]},"properties":{"OBJECTID":4,"ANGLE":90,"BRIDGE_NUMBER":"17","TYPE":"D","INSPECTED_BY":"State","UNIT":"31","CANAL_NAME":"BAL MORAL CANAL","PROXIMITY":"ANDALUSIA BLVD-NE 11TH TER-NE 12TH ST","REPORT_DATE":"2015","COMMENTS":"","INSPECTED":null,"INSP_FREQ":"2 Years","AbutmentType":"","ConditionGroup":"","DeckType":"","DeckWearingSurface":"","FeatureCrossed":"Canal","PierType":"","PredictionGroup":"","SpanType":"","Street":"ANDALUSIA BLVD","StructureType":"","UseType":"Vehicle","CartegraphID":"4","Structure_Num":"125646","Jurisdiction":"City","Width":null,"LocalName":"","NOTES":"","FunctionallyObsolete":"","StructurallyDeficient":"","ScourCritical":"","VerticalClearance":8.9,"Qualifying":"","Navigable":"","SufficiencyRating":89.3,"HealthIndex":91.65,"AADT":5100,"EstimatedOCR":"","EstimatedCCI":null,"EstimatedCCR":"","EstimatedOCI":null,"CurrentInspectionDate":null,"CurrentInspectionOCI":null,"CurrentInspectionOCR":null,"CurrentInspectionNotes":null,"CurrentInspectedby":null,"Installed":null,"Replaced":null,"Retired":null,"ActBefore":null,"GroundElevation":null,"CriticalityFactor":1,"DesignedLoadRating":null,"LoadRestricted":"","GlobalID":"{E96D3F7F-698C-480C-B7CC-22C6A0ECECA4}","created_user":null,"created_date":null,"last_edited_user":"cgcartegraphsync","last_edited_date":1789063469000,"Shape.STLength()":47.374309125610324}},{"type":"Feature","id":5,"geometry":{"type":"LineString","coordinates":[[-81.95701828435477,26.689323614142427],[-81.95702031951544,26.689113590804403]]},"properties":{"OBJECTID":5,"ANGLE":89.300003,"BRIDGE_NUMBER":"19","TYPE":"D","INSPECTED_BY":"State","UNIT":"32","CANAL_NAME":"FRONTIER CANAL","PROXIMITY":"ANDALUSIA BLVD-NE 19TH TER-NE 20TH ST","REPORT_DATE":"2015","COMMENTS":"POA","INSPECTED":null,"INSP_FREQ":"2 Years","AbutmentType":"","ConditionGroup":"","DeckType":"","DeckWearingSurface":"","FeatureCrossed":"Canal","PierType":"","PredictionGroup":"","SpanType":"","Street":"ANDALUSIA BLVD","StructureType":"","UseType":"Vehicle","CartegraphID":"5","Structure_Num":"125648","Jurisdiction":"City","Width":null,"LocalName":"","NOTES":"","FunctionallyObsolete":"","StructurallyDeficient":"","ScourCritical":"","VerticalClearance":9.6,"Qualifying":"","Navigable":"","SufficiencyRating":89.7,"HealthIndex":87.86,"AADT":4800,"EstimatedOCR":"","EstimatedCCI":null,"EstimatedCCR":"","EstimatedOCI":null,"CurrentInspectionDate":null,"CurrentInspectionOCI":null,"CurrentInspectionOCR":null,"CurrentInspectionNotes":null,"CurrentInspectedby":null,"Installed":null,"Replaced":null,"Retired":null,"ActBefore":null,"GroundElevation":null,"CriticalityFactor":1,"DesignedLoadRating":null,"LoadRestricted":"","GlobalID":"{C31C1BB2-FB62-49BA-90D6-9EF19308747B}","created_user":null,"created_date":null,"last_edited_user":"cgcartegraphsync","last_edited_date":1789063243000,"Shape.STLength()":76.34438322897732}},{"type":"Feature","id":6,"geometry":{"type":"LineString","coordinates":[[-81.95714683860673,26.725536168437728],[-81.95714902981102,26.72536709205994]]},"properties":{"OBJECTID":6,"ANGLE":90.300003,"BRIDGE_NUMBER":"19 w","TYPE":"C","INSPECTED_BY":"State","UNIT":"84","CANAL_NAME":"GATOR SLOUGH CANAL","PROXIMITY":"ANDALUSIA BLVD-NE 36TH ST-VOGIANTZIS PKWY.","REPORT_DATE":"2015","COMMENTS":"WEIR 19 POA","INSPECTED":null,"INSP_FREQ":"2 Years","AbutmentType":"","ConditionGroup":"","DeckType":"","DeckWearingSurface":"","FeatureCrossed":"Canal","PierType":"","PredictionGroup":"","SpanType":"","Street":"ANDALUSIA BLVD","StructureType":"","UseType":"Vehicle","CartegraphID":"6","Structure_Num":"125650","Jurisdiction":"City","Width":null,"LocalName":"","NOTES":"","FunctionallyObsolete":"","StructurallyDeficient":"","ScourCritical":"","VerticalClearance":0,"Qualifying":"","Navigable":"NO","SufficiencyRating":97,"HealthIndex":82.34,"AADT":1200,"EstimatedOCR":"","EstimatedCCI":null,"EstimatedCCR":"","EstimatedOCI":null,"CurrentInspectionDate":null,"CurrentInspectionOCI":null,"CurrentInspectionOCR":null,"CurrentInspectionNotes":null,"CurrentInspectedby":null,"Installed":null,"Replaced":null,"Retired":null,"ActBefore":null,"GroundElevation":null,"CriticalityFactor":1,"DesignedLoadRating":null,"LoadRestricted":"","GlobalID":"{14C4DE21-5108-4B71-A536-0E304F81E118}","created_user":null,"created_date":null,"last_edited_user":"cgcartegraphsync","last_edited_date":1776710667000,"Shape.STLength()":61.46213493427292}},{"type":"Feature","id":7,"geometry":{"type":"LineString","coordinates":[[-81.94020217656579,26.716907349551906],[-81.94020239574724,26.71683602627162]]},"properties":{"OBJECTID":7,"ANGLE":90,"BRIDGE_NUMBER":"100","TYPE":"D","INSPECTED_BY":"City","UNIT":"84","CANAL_NAME":"LEETS CANAL","PROXIMITY":"AVERILL BLVD-NE 33RD TER-NE 33RD LN","REPORT_DATE":"2009","COMMENTS":"","INSPECTED":null,"INSP_FREQ":"2 Years","AbutmentType":"","ConditionGroup":"","DeckType":"","DeckWearingSurface":"","FeatureCrossed":"Canal","PierType":"","PredictionGroup":"","SpanType":"","Street":"AVERILL BLVD","StructureType":"","UseType":"Vehicle","CartegraphID":"7","Structure_Num":"125622","Jurisdiction":"City","Width":null,"LocalName":"","NOTES":"","FunctionallyObsolete":"","StructurallyDeficient":"","ScourCritical":"","VerticalClearance":7.6,"Qualifying":"NO","Navigable":"","SufficiencyRating":77.7,"HealthIndex":null,"AADT":4000,"EstimatedOCR":"","EstimatedCCI":null,"EstimatedCCR":"","EstimatedOCI":null,"CurrentInspectionDate":null,"CurrentInspectionOCI":null,"CurrentInspectionOCR":null,"CurrentInspectionNotes":null,"CurrentInspectedby":null,"Installed":null,"Replaced":null,"Retired":null,"ActBefore":null,"GroundElevation":null,"CriticalityFactor":1,"DesignedLoadRating":null,"LoadRestricted":"","GlobalID":"{43F5D092-AF8E-4471-B87F-6522595C2D42}","created_user":null,"created_date":null,"last_edited_user":"cgcartegraphsync","last_edited_date":1776970167000,"Shape.STLength()":25.925541092621906}},{"type":"Feature","id":8,"geometry":{"type":"LineString","coordinates":[[-82.0394905066408,26.678663338446857],[-82.03950284410443,26.678373004367632]]},"properties":{"OBJECTID":8,"ANGLE":88.699997,"BRIDGE_NUMBER":"13 w","TYPE":"C","INSPECTED_BY":"County","UNIT":"57","CANAL_NAME":"HORSESHOE CANAL","PROXIMITY":"S.B. BURNT STORE RD N-NW 14TH TER-NW 14TH ST","REPORT_DATE":"","COMMENTS":"WEIR 13","INSPECTED":null,"INSP_FREQ":"2 Years","AbutmentType":"","ConditionGroup":"","DeckType":"","DeckWearingSurface":"","FeatureCrossed":"Canal","PierType":"","PredictionGroup":"","SpanType":"","Street":"BURNT STORE RD N","StructureType":"","UseType":"Vehicle","CartegraphID":"8","Structure_Num":"120034","Jurisdiction":"County","Width":null,"LocalName":"","NOTES":"","FunctionallyObsolete":"","StructurallyDeficient":"","ScourCritical":"","VerticalClearance":5.9,"Qualifying":"","Navigable":"","SufficiencyRating":null,"HealthIndex":null,"AADT":11300,"EstimatedOCR":"","EstimatedCCI":null,"EstimatedCCR":"","EstimatedOCI":null,"CurrentInspectionDate":null,"CurrentInspectionOCI":null,"CurrentInspectionOCR":null,"CurrentInspectionNotes":null,"CurrentInspectedby":null,"Installed":null,"Replaced":null,"Retired":null,"ActBefore":null,"GroundElevation":null,"CriticalityFactor":1,"DesignedLoadRating":null,"LoadRestricted":"","GlobalID":"{58C0DC3A-F017-495A-A266-A09BF7A623FE}","created_user":null,"created_date":null,"last_edited_user":"cgCartegraphAdmin","last_edited_date":1601910483000,"Shape.STLength()":105.61038947355688}},{"type":"Feature","id":9,"geometry":{"type":"LineString","coordinates":[[-82.04003912327711,26.650523557612974],[-82.04004003158674,26.650276666612136]]},"properties":{"OBJECTID":9,"ANGLE":90,"BRIDGE_NUMBER":"15 w","TYPE":"C","INSPECTED_BY":"County","UNIT":"54","CANAL_NAME":"SHADROE CANAL","PROXIMITY":"BURNT STORE RD S / EMBERS PARKWAY W","REPORT_DATE":"","COMMENTS":"WEIR 15","INSPECTED":null,"INSP_FREQ":"2 Years","AbutmentType":"","ConditionGroup":"","DeckType":"","DeckWearingSurface":"","FeatureCrossed":"Canal","PierType":"","PredictionGroup":"","SpanType":"","Street":"BURNT STORE RD S","StructureType":"","UseType":"Vehicle","CartegraphID":"9","Structure_Num":"120035","Jurisdiction":"County","Width":null,"LocalName":"","NOTES":"","FunctionallyObsolete":"","StructurallyDeficient":"","ScourCritical":"","VerticalClearance":5.6,"Qualifying":"","Navigable":"","SufficiencyRating":null,"HealthIndex":null,"AADT":19000,"EstimatedOCR":"","EstimatedCCI":null,"EstimatedCCR":"","EstimatedOCI":null,"CurrentInspectionDate":null,"CurrentInspectionOCI":null,"CurrentInspectionOCR":null,"CurrentInspectionNotes":null,"CurrentInspectedby":null,"Installed":null,"Replaced":null,"Retired":null,"ActBefore":null,"GroundElevation":null,"CriticalityFactor":1,"DesignedLoadRating":null,"LoadRestricted":"","GlobalID":"{CC665B8D-BE10-42A7-9C2F-9CFC4EFE4A65}","created_user":null,"created_date":null,"last_edited_user":"cgCartegraphAdmin","last_edited_date":1601910483000,"Shape.STLength()":89.74253427596561}},{"type":"Feature","id":10,"geometry":{"type":"LineString","coordinates":[[-82.03931817480452,26.69461811139646],[-82.0393190853777,26.69418235033166]]},"properties":{"OBJECTID":10,"ANGLE":90,"BRIDGE_NUMBER":"11 w","TYPE":"C","INSPECTED_BY":"County","UNIT":"61","CANAL_NAME":"GATOR SLOUGH CANAL","PROXIMITY":"BURNT STORE RD N-NW 21ST TER-KISMET PKWY W","REPORT_DATE":"","COMMENTS":"Weir nearby","INSPECTED":null,"INSP_FREQ":"2 Years","AbutmentType":"","ConditionGroup":"","DeckType":"","DeckWearingSurface":"","FeatureCrossed":"Canal","PierType":"","PredictionGroup":"","SpanType":"","Street":"BURNT STORE RD N","StructureType":"","UseType":"Vehicle","CartegraphID":"10","Structure_Num":"120025","Jurisdiction":"County","Width":null,"LocalName":"","NOTES":"","FunctionallyObsolete":"","StructurallyDeficient":"","ScourCritical":"","VerticalClearance":5.6,"Qualifying":"","Navigable":"","SufficiencyRating":null,"HealthIndex":null,"AADT":11300,"EstimatedOCR":"","EstimatedCCI":null,"EstimatedCCR":"","EstimatedOCI":null,"CurrentInspectionDate":null,"CurrentInspectionOCI":null,"CurrentInspectionOCR":null,"CurrentInspectionNotes":null,"CurrentInspectedby":null,"Installed":null,"Replaced":null,"Retired":null,"ActBefore":null,"GroundElevation":null,"CriticalityFactor":1,"DesignedLoadRating":null,"LoadRestricted":"","GlobalID":"{F4FC0732-DC93-4B1F-93BD-6E0E33112AFA}","created_user":null,"created_date":null,"last_edited_user":"cgCartegraphAdmin","last_edited_date":1601910483000,"Shape.STLength()":158.3954025989742}},{"type":"Feature","id":11,"geometry":{"type":"LineString","coordinates":[[-82.03986559312956,26.669867260300453],[-82.03988222975356,26.669551308110726]]},"properties":{"OBJECTID":11,"ANGLE":88,"BRIDGE_NUMBER":"14 w","TYPE":"C","INSPECTED_BY":"County","UNIT":"56","CANAL_NAME":"HERMOSA CANAL","PROXIMITY":"BURNT STORE RD N-NW 9TH ST-NW 9TH TER","REPORT_DATE":"","COMMENTS":"WEIR 14","INSPECTED":null,"INSP_FREQ":"2 Years","AbutmentType":"","ConditionGroup":"","DeckType":"","DeckWearingSurface":"","FeatureCrossed":"Canal","PierType":"","PredictionGroup":"","SpanType":"","Street":"BURNT STORE RD N","StructureType":"","UseType":"Vehicle","CartegraphID":"11","Structure_Num":"120036","Jurisdiction":"County","Width":null,"LocalName":"","NOTES":"","FunctionallyObsolete":"","StructurallyDeficient":"","ScourCritical":"","VerticalClearance":5.9,"Qualifying":"","Navigable":"","SufficiencyRating":null,"HealthIndex":null,"AADT":11300,"EstimatedOCR":"","EstimatedCCI":null,"EstimatedCCR":"","EstimatedOCI":null,"CurrentInspectionDate":null,"CurrentInspectionOCI":null,"CurrentInspectionOCR":null,"CurrentInspectionNotes":null,"CurrentInspectedby":null,"Installed":null,"Replaced":null,"Retired":null,"ActBefore":null,"GroundElevation":null,"CriticalityFactor":1,"DesignedLoadRating":null,"LoadRestricted":"","GlobalID":"{56F6D9F9-112E-4203-B9EB-3CF22D1A0519}","created_user":null,"created_date":null,"last_edited_user":"cgCartegraphAdmin","last_edited_date":1601910483000,"Shape.STLength()":114.97374048424409}},{"type":"Feature","id":12,"geometry":{"type":"LineString","coordinates":[[-82.0393024286201,26.689606352574124],[-82.0393024127952,26.689504554730902]]},"properties":{"OBJECTID":12,"ANGLE":90,"BRIDGE_NUMBER":"12 w","TYPE":"C","INSPECTED_BY":"County","UNIT":"61","CANAL_NAME":"ARROZ CANAL","PROXIMITY":"BURNT STORE RD N-NW 19TH TER-NW 20TH ST","REPORT_DATE":"","COMMENTS":"Weir nearby","INSPECTED":null,"INSP_FREQ":"2 Years","AbutmentType":"","ConditionGroup":"","DeckType":"","DeckWearingSurface":"","FeatureCrossed":"Canal","PierType":"","PredictionGroup":"","SpanType":"","Street":"BURNT STORE RD N","StructureType":"","UseType":"Vehicle","CartegraphID":"12","Structure_Num":"120033","Jurisdiction":"County","Width":null,"LocalName":"","NOTES":"","FunctionallyObsolete":"","StructurallyDeficient":"","ScourCritical":"","VerticalClearance":5.6,"Qualifying":"","Navigable":"","SufficiencyRating":null,"HealthIndex":null,"AADT":11300,"EstimatedOCR":"","EstimatedCCI":null,"EstimatedCCR":"","EstimatedOCI":null,"CurrentInspectionDate":null,"CurrentInspectionOCI":null,"CurrentInspectionOCR":null,"CurrentInspectionNotes":null,"CurrentInspectedby":null,"Installed":null,"Replaced":null,"Retired":null,"ActBefore":null,"GroundElevation":null,"CriticalityFactor":1,"DesignedLoadRating":null,"LoadRestricted":"","GlobalID":"{AB0AB082-9262-483E-A3B5-4D493DAC2C2B}","created_user":null,"created_date":null,"last_edited_user":"cgCartegraphAdmin","last_edited_date":1601910483000,"Shape.STLength()":37.002551191732636}},{"type":"Feature","id":13,"geometry":{"type":"LineString","coordinates":[[-82.05989831885314,26.726185950892148],[-82.05974141139066,26.72618482292752]]},"properties":{"OBJECTID":13,"ANGLE":0,"BRIDGE_NUMBER":"96","TYPE":"D","INSPECTED_BY":"City","UNIT":"90","CANAL_NAME":"QUICKSILVER CANAL","PROXIMITY":"CALOOSA PKWY-NW 42ND PL-NW 43RD PL","REPORT_DATE":"2007","COMMENTS":"","INSPECTED":null,"INSP_FREQ":"2 Years","AbutmentType":"","ConditionGroup":"","DeckType":"","DeckWearingSurface":"","FeatureCrossed":"Canal","PierType":"","PredictionGroup":"","SpanType":"","Street":"CALOOSA PKWY","StructureType":"","UseType":"Vehicle","CartegraphID":"13","Structure_Num":"125602","Jurisdiction":"City","Width":null,"LocalName":"","NOTES":"","FunctionallyObsolete":"","StructurallyDeficient":"","ScourCritical":"","VerticalClearance":9,"Qualifying":"NO","Navigable":"","SufficiencyRating":96.5,"HealthIndex":null,"AADT":100,"EstimatedOCR":"","EstimatedCCI":null,"EstimatedCCR":"","EstimatedOCI":null,"CurrentInspectionDate":null,"CurrentInspectionOCI":null,"CurrentInspectionOCR":null,"CurrentInspectionNotes":null,"CurrentInspectedby":null,"Installed":null,"Replaced":null,"Retired":null,"ActBefore":null,"GroundElevation":null,"CriticalityFactor":1,"DesignedLoadRating":null,"LoadRestricted":"","GlobalID":"{CA299994-E469-411D-B158-1F3FBCBAC9D8}","created_user":null,"created_date":null,"last_edited_user":"cgcartegraphsync","last_edited_date":1785872948000,"Shape.STLength()":51.21695996438259}},{"type":"Feature","id":14,"geometry":{"type":"LineString","coordinates":[[-82.0012919200631,26.562718640181917],[-82.00121104284459,26.562718758231295]]},"properties":{"OBJECTID":14,"ANGLE":0,"BRIDGE_NUMBER":"29","TYPE":"B","INSPECTED_BY":"City","UNIT":"64-2","CANAL_NAME":"GLORIANA CANAL","PROXIMITY":"CAPE CORAL PKWY W-SW 12TH PL-SW 13TH AVE","REPORT_DATE":"2009","COMMENTS":"","INSPECTED":null,"INSP_FREQ":"2 Years","AbutmentType":"","ConditionGroup":"","DeckType":"","DeckWearingSurface":"","FeatureCrossed":"Canal","PierType":"","PredictionGroup":"","SpanType":"","Street":"CAPE CORAL PKWY W","StructureType":"","UseType":"Vehicle","CartegraphID":"14","Structure_Num":"125504","Jurisdiction":"City","Width":null,"LocalName":"","NOTES":"","FunctionallyObsolete":"","StructurallyDeficient":"","ScourCritical":"","VerticalClearance":10.25,"Qualifying":"NO","Navigable":"","SufficiencyRating":78.5,"HealthIndex":null,"AADT":21700,"EstimatedOCR":"","EstimatedCCI":null,"EstimatedCCR":"","EstimatedOCI":null,"CurrentInspectionDate":null,"CurrentInspectionOCI":null,"CurrentInspectionOCR":null,"CurrentInspectionNotes":null,"CurrentInspectedby":null,"Installed":null,"Replaced":null,"Retired":null,"ActBefore":null,"GroundElevation":null,"CriticalityFactor":1,"DesignedLoadRating":null,"LoadRestricted":"","GlobalID":"{38808C81-E0D7-4494-ACC9-D006E1379AC3}","created_user":null,"created_date":null,"last_edited_user":"cgcartegraphsync","last_edited_date":1786461658000,"Shape.STLength()":26.43633323853528}},{"type":"Feature","id":15,"geometry":{"type":"LineString","coordinates":[[-81.9735467996405,26.56279270258529],[-81.97336898669947,26.562792649603765]]},"properties":{"OBJECTID":15,"ANGLE":0,"BRIDGE_NUMBER":"77","TYPE":"","INSPECTED_BY":"State","UNIT":"2-3","CANAL_NAME":"SAN CARLOS CANAL","PROXIMITY":"CAPE CORAL PKWY E-SANTA BARBARA BLVD-SE 1ST PL","REPORT_DATE":"2015","COMMENTS":"New 1997","INSPECTED":null,"INSP_FREQ":"2 Years","AbutmentType":"","ConditionGroup":"","DeckType":"","DeckWearingSurface":"","FeatureCrossed":"Canal","PierType":"","PredictionGroup":"","SpanType":"","Street":"CAPE CORAL PKWY E","StructureType":"","UseType":"Vehicle","CartegraphID":"15","Structure_Num":"125595","Jurisdiction":"City","Width":null,"LocalName":"","NOTES":"","FunctionallyObsolete":"","StructurallyDeficient":"","ScourCritical":"","VerticalClearance":9.25,"Qualifying":"","Navigable":"","SufficiencyRating":87.4,"HealthIndex":99.45,"AADT":33500,"EstimatedOCR":"","EstimatedCCI":null,"EstimatedCCR":"","EstimatedOCI":null,"CurrentInspectionDate":null,"CurrentInspectionOCI":null,"CurrentInspectionOCR":null,"CurrentInspectionNotes":null,"CurrentInspectedby":null,"Installed":null,"Replaced":null,"Retired":null,"ActBefore":null,"GroundElevation":null,"CriticalityFactor":1,"DesignedLoadRating":null,"LoadRestricted":"","GlobalID":"{18F3481C-DBE6-4187-99C2-5C65D7F66370}","created_user":null,"created_date":null,"last_edited_user":"cgcartegraphsync","last_edited_date":1773860093000,"Shape.STLength()":58.1216033648401}},{"type":"Feature","id":16,"geometry":{"type":"LineString","coordinates":[[-82.00656072671836,26.684752201762254],[-82.00656230981785,26.684551599722873]]},"properties":{"OBJECTID":16,"ANGLE":90,"BRIDGE_NUMBER":"16 w","TYPE":"D","INSPECTED_BY":"State","UNIT":"42","CANAL_NAME":"HORSESHOE CANAL","PROXIMITY":"N.B. CHIQUITA BLVD N-NW 17TH ST-NW 17TH TER","REPORT_DATE":"2015","COMMENTS":"WEIR POA","INSPECTED":null,"INSP_FREQ":"2 Years","AbutmentType":"","ConditionGroup":"","DeckType":"","DeckWearingSurface":"","FeatureCrossed":"Canal","PierType":"","PredictionGroup":"","SpanType":"","Street":"CHIQUITA BLVD N","StructureType":"","UseType":"Vehicle","CartegraphID":"16","Structure_Num":"125687","Jurisdiction":"City","Width":null,"LocalName":"","NOTES":"","FunctionallyObsolete":"YES","StructurallyDeficient":"","ScourCritical":"","VerticalClearance":0,"Qualifying":"","Navigable":"NO","SufficiencyRating":87.6,"HealthIndex":99.16,"AADT":4100,"EstimatedOCR":"","EstimatedCCI":null,"EstimatedCCR":"","EstimatedOCI":null,"CurrentInspectionDate":null,"CurrentInspectionOCI":null,"CurrentInspectionOCR":null,"CurrentInspectionNotes":null,"CurrentInspectedby":null,"Installed":null,"Replaced":null,"Retired":null,"ActBefore":null,"GroundElevation":null,"CriticalityFactor":1,"DesignedLoadRating":null,"LoadRestricted":"","GlobalID":"{67A744B9-B72B-45EB-80A7-FD24212ED05E}","created_user":null,"created_date":null,"last_edited_user":"cgcartegraphsync","last_edited_date":1785154810000,"Shape.STLength()":72.91870782839304}},{"type":"Feature","id":17,"geometry":{"type":"LineString","coordinates":[[-82.00652843595047,26.702682803306836],[-82.00653076727893,26.702522002335154]]},"properties":{"OBJECTID":17,"ANGLE":90,"BRIDGE_NUMBER":"4 w","TYPE":"C","INSPECTED_BY":"State","UNIT":"80","CANAL_NAME":"TELSTAR CANAL","PROXIMITY":"CHIQUITA BLVD N-NW 26TH ST-NW 27TH ST","REPORT_DATE":"2015","COMMENTS":"WEIR 4","INSPECTED":null,"INSP_FREQ":"2 Years","AbutmentType":"","ConditionGroup":"","DeckType":"","DeckWearingSurface":"","FeatureCrossed":"Canal","PierType":"","PredictionGroup":"","SpanType":"","Street":"CHIQUITA BLVD N","StructureType":"","UseType":"Vehicle","CartegraphID":"17","Structure_Num":"125690","Jurisdiction":"City","Width":null,"LocalName":"","NOTES":"","FunctionallyObsolete":"","StructurallyDeficient":"","ScourCritical":"","VerticalClearance":0,"Qualifying":"","Navigable":"NO","SufficiencyRating":82,"HealthIndex":74.24,"AADT":900,"EstimatedOCR":"","EstimatedCCI":null,"EstimatedCCR":"","EstimatedOCI":null,"CurrentInspectionDate":null,"CurrentInspectionOCI":null,"CurrentInspectionOCR":null,"CurrentInspectionNotes":null,"CurrentInspectedby":null,"Installed":null,"Replaced":null,"Retired":null,"ActBefore":null,"GroundElevation":null,"CriticalityFactor":1,"DesignedLoadRating":null,"LoadRestricted":"","GlobalID":"{88CCC4F8-5519-468B-8DEC-86491F492420}","created_user":null,"created_date":null,"last_edited_user":"cgcartegraphsync","last_edited_date":1785154691000,"Shape.STLength()":58.454680572474466}},{"type":"Feature","id":18,"geometry":{"type":"LineString","coordinates":[[-82.00697996086502,26.668658651231922],[-82.00698607730885,26.66846406159197]]},"properties":{"OBJECTID":18,"ANGLE":89,"BRIDGE_NUMBER":"17 w","TYPE":"D","INSPECTED_BY":"State","UNIT":"41","CANAL_NAME":"HERMOSA CANAL","PROXIMITY":"N.B. CHIQUITA BLVD N-NW 8TH TER-NW 9TH ST","REPORT_DATE":"2015","COMMENTS":"WEIR","INSPECTED":null,"INSP_FREQ":"2 Years","AbutmentType":"","ConditionGroup":"","DeckType":"","DeckWearingSurface":"","FeatureCrossed":"Canal","PierType":"","PredictionGroup":"","SpanType":"","Street":"CHIQUITA BLVD N","StructureType":"","UseType":"Vehicle","CartegraphID":"18","Structure_Num":"125686","Jurisdiction":"City","Width":null,"LocalName":"","NOTES":"","FunctionallyObsolete":"YES","StructurallyDeficient":"","ScourCritical":"","VerticalClearance":0,"Qualifying":"","Navigable":"NO","SufficiencyRating":78.8,"HealthIndex":86.68,"AADT":5800,"EstimatedOCR":"","EstimatedCCI":null,"EstimatedCCR":"","EstimatedOCI":null,"CurrentInspectionDate":null,"CurrentInspectionOCI":null,"CurrentInspectionOCR":null,"CurrentInspectionNotes":null,"CurrentInspectedby":null,"Installed":null,"Replaced":null,"Retired":null,"ActBefore":null,"GroundElevation":null,"CriticalityFactor":1,"DesignedLoadRating":null,"LoadRestricted":"","GlobalID":"{90C9DF66-7776-434F-92CB-77ED0F4EF595}","created_user":null,"created_date":null,"last_edited_user":"cgcartegraphsync","last_edited_date":1778006920000,"Shape.STLength()":70.75946517392887}},{"type":"Feature","id":19,"geometry":{"type":"LineString","coordinates":[[-82.00710595381574,26.66862927096772],[-82.00711152350438,26.66843440064218]]},"properties":{"OBJECTID":19,"ANGLE":89,"BRIDGE_NUMBER":"17 w","TYPE":"D","INSPECTED_BY":"State","UNIT":"52","CANAL_NAME":"HERMOSA CANAL","PROXIMITY":"S.B. CHIQUITA BLVD N-NW 9TH ST-NW 8TH TER","REPORT_DATE":"2015","COMMENTS":"WEIR","INSPECTED":null,"INSP_FREQ":"2 Years","AbutmentType":"","ConditionGroup":"","DeckType":"","DeckWearingSurface":"","FeatureCrossed":"Canal","PierType":"","PredictionGroup":"","SpanType":"","Street":"CHIQUITA BLVD N","StructureType":"","UseType":"Vehicle","CartegraphID":"19","Structure_Num":"125685","Jurisdiction":"City","Width":null,"LocalName":"","NOTES":"","FunctionallyObsolete":"YES","StructurallyDeficient":"","ScourCritical":"","VerticalClearance":0,"Qualifying":"","Navigable":"NO","SufficiencyRating":78.8,"HealthIndex":86.57,"AADT":5800,"EstimatedOCR":"","EstimatedCCI":null,"EstimatedCCR":"","EstimatedOCI":null,"CurrentInspectionDate":null,"CurrentInspectionOCI":null,"CurrentInspectionOCR":null,"CurrentInspectionNotes":null,"CurrentInspectedby":null,"Installed":null,"Replaced":null,"Retired":null,"ActBefore":null,"GroundElevation":null,"CriticalityFactor":1,"DesignedLoadRating":null,"LoadRestricted":"","GlobalID":"{82517BA8-9254-4977-A971-55EC0649D969}","created_user":null,"created_date":null,"last_edited_user":"cgcartegraphsync","last_edited_date":1778006803000,"Shape.STLength()":70.85664227538089}},{"type":"Feature","id":20,"geometry":{"type":"LineString","coordinates":[[-82.00668593933338,26.684717090511707],[-82.00668752217148,26.68451577271455]]},"properties":{"OBJECTID":20,"ANGLE":90,"BRIDGE_NUMBER":"16 w","TYPE":"D","INSPECTED_BY":"State","UNIT":"53","CANAL_NAME":"HORSESHOE CANAL","PROXIMITY":"S.B. CHIQUITA BLVD N-NW 17TH TER-NW 17TH ST","REPORT_DATE":"2015","COMMENTS":"WEIR","INSPECTED":null,"INSP_FREQ":"2 Years","AbutmentType":"","ConditionGroup":"","DeckType":"","DeckWearingSurface":"","FeatureCrossed":"Canal","PierType":"","PredictionGroup":"","SpanType":"","Street":"CHIQUITA BLVD N","StructureType":"","UseType":"Vehicle","CartegraphID":"20","Structure_Num":"125688","Jurisdiction":"City","Width":null,"LocalName":"","NOTES":"","FunctionallyObsolete":"YES","StructurallyDeficient":"","ScourCritical":"","VerticalClearance":0,"Qualifying":"","Navigable":"NO","SufficiencyRating":87.6,"HealthIndex":99.11,"AADT":4100,"EstimatedOCR":"","EstimatedCCI":null,"EstimatedCCR":"","EstimatedOCI":null,"CurrentInspectionDate":null,"CurrentInspectionOCI":null,"CurrentInspectionOCR":null,"CurrentInspectionNotes":null,"CurrentInspectedby":null,"Installed":null,"Replaced":null,"Retired":null,"ActBefore":null,"GroundElevation":null,"CriticalityFactor":1,"DesignedLoadRating":null,"LoadRestricted":"","GlobalID":"{B5C601DE-3A07-4680-B64E-151E2848E0F7}","created_user":null,"created_date":null,"last_edited_user":"cgcartegraphsync","last_edited_date":1785154887000,"Shape.STLength()":73.17887130280786}},{"type":"Feature","id":21,"geometry":{"type":"LineString","coordinates":[[-82.00710764516748,26.6495678184747],[-82.00710444609614,26.64940829193641]]},"properties":{"OBJECTID":21,"ANGLE":90,"BRIDGE_NUMBER":"18 w","TYPE":"D","INSPECTED_BY":"State","UNIT":"48","CANAL_NAME":"SUNBEN CANAL","PROXIMITY":"N.B. CHIQUITA BLVD S-SW 1ST TER-SW 1ST ST","REPORT_DATE":"2015","COMMENTS":"WEIR 18","INSPECTED":null,"INSP_FREQ":"2 Years","AbutmentType":"","ConditionGroup":"","DeckType":"","DeckWearingSurface":"","FeatureCrossed":"Canal","PierType":"","PredictionGroup":"","SpanType":"","Street":"CHIQUITA BLVD S","StructureType":"","UseType":"Vehicle","CartegraphID":"21","Structure_Num":"125684","Jurisdiction":"City","Width":null,"LocalName":"","NOTES":"","FunctionallyObsolete":"YES","StructurallyDeficient":"","ScourCritical":"","VerticalClearance":0,"Qualifying":"","Navigable":"NO","SufficiencyRating":64.4,"HealthIndex":97.5,"AADT":8400,"EstimatedOCR":"","EstimatedCCI":null,"EstimatedCCR":"","EstimatedOCI":null,"CurrentInspectionDate":null,"CurrentInspectionOCI":null,"CurrentInspectionOCR":null,"CurrentInspectionNotes":null,"CurrentInspectedby":null,"Installed":null,"Replaced":null,"Retired":null,"ActBefore":null,"GroundElevation":null,"CriticalityFactor":1,"DesignedLoadRating":null,"LoadRestricted":"","GlobalID":"{6C1A4E0C-6967-4871-813C-A6AF38B70680}","created_user":null,"created_date":null,"last_edited_user":"cgcartegraphsync","last_edited_date":1778680874000,"Shape.STLength()":57.99545999635739}},{"type":"Feature","id":22,"geometry":{"type":"LineString","coordinates":[[-82.00723181874467,26.649532466536105],[-82.00723200167276,26.6493748533323]]},"properties":{"OBJECTID":22,"ANGLE":90,"BRIDGE_NUMBER":"18 w","TYPE":"D","INSPECTED_BY":"State","UNIT":"48","CANAL_NAME":"SHADROE CANAL","PROXIMITY":"S.B. CHIQUITA BLVD S-SW 1ST ST-SW 1ST TER","REPORT_DATE":"2015","COMMENTS":"WEIR 18","INSPECTED":null,"INSP_FREQ":"2 Years","AbutmentType":"","ConditionGroup":"","DeckType":"","DeckWearingSurface":"","FeatureCrossed":"Canal","PierType":"","PredictionGroup":"","SpanType":"","Street":"CHIQUITA BLVD S","StructureType":"","UseType":"Vehicle","CartegraphID":"22","Structure_Num":"125683","Jurisdiction":"City","Width":null,"LocalName":"","NOTES":"","FunctionallyObsolete":"YES","StructurallyDeficient":"","ScourCritical":"","VerticalClearance":0,"Qualifying":"","Navigable":"NO","SufficiencyRating":64.4,"HealthIndex":99.96,"AADT":8400,"EstimatedOCR":"","EstimatedCCI":null,"EstimatedCCR":"","EstimatedOCI":null,"CurrentInspectionDate":null,"CurrentInspectionOCI":null,"CurrentInspectionOCR":null,"CurrentInspectionNotes":null,"CurrentInspectedby":null,"Installed":null,"Replaced":null,"Retired":null,"ActBefore":null,"GroundElevation":null,"CriticalityFactor":1,"DesignedLoadRating":null,"LoadRestricted":"","GlobalID":"{37483A51-72EF-49C4-8462-6F38662D41FB}","created_user":null,"created_date":null,"last_edited_user":"cgcartegraphsync","last_edited_date":1778681219000,"Shape.STLength()":57.29060246373598}},{"type":"Feature","id":23,"geometry":{"type":"LineString","coordinates":[[-82.0070446996557,26.599945775669237],[-82.00704329576683,26.599777812202166]]},"properties":{"OBJECTID":23,"ANGLE":90.5,"BRIDGE_NUMBER":"20 w","TYPE":"","INSPECTED_BY":"State","UNIT":"66","CANAL_NAME":"SHAUGHNESSEY CANAL","PROXIMITY":"CHIQUITA BLVD S-SW 28TH ST-SW 28TH TER","REPORT_DATE":"2015","COMMENTS":"WEIR 20","INSPECTED":null,"INSP_FREQ":"2 Years","AbutmentType":"","ConditionGroup":"","DeckType":"","DeckWearingSurface":"","FeatureCrossed":"Canal","PierType":"","PredictionGroup":"","SpanType":"","Street":"CHIQUITA BLVD S","StructureType":"","UseType":"Vehicle","CartegraphID":"23","Structure_Num":"125682","Jurisdiction":"City","Width":null,"LocalName":"","NOTES":"","FunctionallyObsolete":"","StructurallyDeficient":"","ScourCritical":"","VerticalClearance":0,"Qualifying":"","Navigable":"NO","SufficiencyRating":79.5,"HealthIndex":85.65,"AADT":17000,"EstimatedOCR":"","EstimatedCCI":null,"EstimatedCCR":"","EstimatedOCI":null,"CurrentInspectionDate":null,"CurrentInspectionOCI":null,"CurrentInspectionOCR":null,"CurrentInspectionNotes":null,"CurrentInspectedby":null,"Installed":null,"Replaced":null,"Retired":null,"ActBefore":null,"GroundElevation":null,"CriticalityFactor":1,"DesignedLoadRating":null,"LoadRestricted":"","GlobalID":"{15E0143C-E8A2-434B-AD44-2B2D1B344DBA}","created_user":null,"created_date":null,"last_edited_user":"cgcartegraphsync","last_edited_date":1773774060000,"Shape.STLength()":61.054069610993444}},{"type":"Feature","id":24,"geometry":{"type":"LineString","coordinates":[[-81.95327814633151,26.63303922626017],[-81.95346230092557,26.632875108511683]]},"properties":{"OBJECTID":24,"ANGLE":130,"BRIDGE_NUMBER":"9","TYPE":"B","INSPECTED_BY":"State","UNIT":"22","CANAL_NAME":"MONTEVIDEO CANAL","PROXIMITY":"COUNTRY CLUB BLVD-SE 9TH LANE-SE 10TH ST","REPORT_DATE":"2015","COMMENTS":"","INSPECTED":null,"INSP_FREQ":"2 Years","AbutmentType":"","ConditionGroup":"","DeckType":"","DeckWearingSurface":"","FeatureCrossed":"Canal","PierType":"","PredictionGroup":"","SpanType":"","Street":"COUNTRY CLUB BLVD","StructureType":"","UseType":"Vehicle","CartegraphID":"24","Structure_Num":"125638","Jurisdiction":"City","Width":null,"LocalName":"","NOTES":"","FunctionallyObsolete":"YES","StructurallyDeficient":"","ScourCritical":"","VerticalClearance":11.75,"Qualifying":"","Navigable":"","SufficiencyRating":69.4,"HealthIndex":89.93,"AADT":16700,"EstimatedOCR":"","EstimatedCCI":null,"EstimatedCCR":"","EstimatedOCI":null,"CurrentInspectionDate":null,"CurrentInspectionOCI":null,"CurrentInspectionOCR":null,"CurrentInspectionNotes":null,"CurrentInspectedby":null,"Installed":null,"Replaced":null,"Retired":null,"ActBefore":null,"GroundElevation":null,"CriticalityFactor":1,"DesignedLoadRating":null,"LoadRestricted":"","GlobalID":"{20B1B77C-E836-4D76-B887-8B46899071EF}","created_user":null,"created_date":null,"last_edited_user":"cgcartegraphsync","last_edited_date":1775508088000,"Shape.STLength()":84.72103231614487}},{"type":"Feature","id":25,"geometry":{"type":"LineString","coordinates":[[-81.95869882976507,26.639271741635138],[-81.95869998538846,26.6391109297667]]},"properties":{"OBJECTID":25,"ANGLE":90,"BRIDGE_NUMBER":"11","TYPE":"D","INSPECTED_BY":"State","UNIT":"23","CANAL_NAME":"CLOVER CANAL","PROXIMITY":"CULTURAL PARK BLVD S-SE 6TH TER-SE 7TH ST","REPORT_DATE":"2015","COMMENTS":"","INSPECTED":null,"INSP_FREQ":"2 Years","AbutmentType":"","ConditionGroup":"","DeckType":"","DeckWearingSurface":"","FeatureCrossed":"Canal","PierType":"","PredictionGroup":"","SpanType":"","Street":"CULTURAL PARK BLVD S","StructureType":"","UseType":"Vehicle","CartegraphID":"25","Structure_Num":"125640","Jurisdiction":"City","Width":null,"LocalName":"","NOTES":"","FunctionallyObsolete":"YES","StructurallyDeficient":"","ScourCritical":"","VerticalClearance":8.6,"Qualifying":"","Navigable":"","SufficiencyRating":76,"HealthIndex":97.76,"AADT":9500,"EstimatedOCR":"","EstimatedCCI":null,"EstimatedCCR":"","EstimatedOCI":null,"CurrentInspectionDate":null,"CurrentInspectionOCI":null,"CurrentInspectionOCR":null,"CurrentInspectionNotes":null,"CurrentInspectedby":null,"Installed":null,"Replaced":null,"Retired":null,"ActBefore":null,"GroundElevation":null,"CriticalityFactor":1,"DesignedLoadRating":null,"LoadRestricted":"","GlobalID":"{11BD5985-B65A-4E88-9FE2-849A7DB5E9EE}","created_user":null,"created_date":null,"last_edited_user":"cgcartegraphsync","last_edited_date":1782915285000,"Shape.STLength()":58.45439509801847}},{"type":"Feature","id":26,"geometry":{"type":"LineString","coordinates":[[-81.95868690068542,26.64887140132426],[-81.95868541562523,26.648680113641184]]},"properties":{"OBJECTID":26,"ANGLE":90,"BRIDGE_NUMBER":"13","TYPE":"D","INSPECTED_BY":"State","UNIT":"23","CANAL_NAME":"MORO CANAL","PROXIMITY":"CULTURAL PARK BLVD S-SE 1ST TER-SE 2ND ST","REPORT_DATE":"2007","COMMENTS":"","INSPECTED":null,"INSP_FREQ":"2 Years","AbutmentType":"","ConditionGroup":"","DeckType":"","DeckWearingSurface":"","FeatureCrossed":"Canal","PierType":"","PredictionGroup":"","SpanType":"","Street":"CULTURAL PARK BLVD S","StructureType":"","UseType":"Vehicle","CartegraphID":"26","Structure_Num":"125644","Jurisdiction":"City","Width":null,"LocalName":"","NOTES":"","FunctionallyObsolete":"YES","StructurallyDeficient":"","ScourCritical":"","VerticalClearance":8.6,"Qualifying":"","Navigable":"","SufficiencyRating":69.9,"HealthIndex":88.69,"AADT":9100,"EstimatedOCR":"","EstimatedCCI":null,"EstimatedCCR":"","EstimatedOCI":null,"CurrentInspectionDate":null,"CurrentInspectionOCI":null,"CurrentInspectionOCR":null,"CurrentInspectionNotes":null,"CurrentInspectedby":null,"Installed":null,"Replaced":null,"Retired":null,"ActBefore":null,"GroundElevation":null,"CriticalityFactor":1,"DesignedLoadRating":null,"LoadRestricted":"","GlobalID":"{660A11F0-5916-4927-A4A2-E044B8936A05}","created_user":null,"created_date":null,"last_edited_user":"cgcartegraphsync","last_edited_date":1782930357000,"Shape.STLength()":69.53255324103188}},{"type":"Feature","id":27,"geometry":{"type":"LineString","coordinates":[[-81.94152606548148,26.675258769529034],[-81.94153617963022,26.674845244434668]]},"properties":{"OBJECTID":27,"ANGLE":null,"BRIDGE_NUMBER":"","TYPE":"","INSPECTED_BY":"State","UNIT":"31-2","CANAL_NAME":"ZURICH CANAL","PROXIMITY":"DEL PRADO BLVD N-NE 11TH TER-NE 14TH ST","REPORT_DATE":"2014","COMMENTS":"","INSPECTED":null,"INSP_FREQ":"2 Years","AbutmentType":"","ConditionGroup":"","DeckType":"","DeckWearingSurface":"","FeatureCrossed":"Canal","PierType":"","PredictionGroup":"","SpanType":"","Street":"DEL PRADO BLVD N","StructureType":"","UseType":"Vehicle","CartegraphID":"27","Structure_Num":"125203","Jurisdiction":"City","Width":null,"LocalName":"","NOTES":"","FunctionallyObsolete":"","StructurallyDeficient":"","ScourCritical":"YES","VerticalClearance":9,"Qualifying":"","Navigable":"","SufficiencyRating":94.6,"HealthIndex":98.98,"AADT":22100,"EstimatedOCR":"","EstimatedCCI":null,"EstimatedCCR":"","EstimatedOCI":null,"CurrentInspectionDate":null,"CurrentInspectionOCI":null,"CurrentInspectionOCR":null,"CurrentInspectionNotes":null,"CurrentInspectedby":null,"Installed":null,"Replaced":null,"Retired":null,"ActBefore":null,"GroundElevation":null,"CriticalityFactor":1,"DesignedLoadRating":null,"LoadRestricted":"","GlobalID":"{9D1B04EB-0EB3-41EA-BC21-32E8CBD896CD}","created_user":null,"created_date":null,"last_edited_user":"cgcartegraphsync","last_edited_date":1788371594000,"Shape.STLength()":150.34845971719812}},{"type":"Feature","id":28,"geometry":{"type":"LineString","coordinates":[[-81.94188480483814,26.695053019093784],[-81.94188503622993,26.69459689062004]]},"properties":{"OBJECTID":28,"ANGLE":90,"BRIDGE_NUMBER":"","TYPE":"","INSPECTED_BY":"State","UNIT":"33","CANAL_NAME":"JAGUAR CANAL","PROXIMITY":"DEL PRADO BLVD N-NE 23RD ST-KISMET PKWY E","REPORT_DATE":"2014","COMMENTS":"","INSPECTED":null,"INSP_FREQ":"2 Years","AbutmentType":"","ConditionGroup":"","DeckType":"","DeckWearingSurface":"","FeatureCrossed":"Canal","PierType":"","PredictionGroup":"","SpanType":"","Street":"DEL PRADO BLVD N","StructureType":"","UseType":"Vehicle","CartegraphID":"28","Structure_Num":"125204","Jurisdiction":"City","Width":null,"LocalName":"","NOTES":"","FunctionallyObsolete":"","StructurallyDeficient":"","ScourCritical":"","VerticalClearance":6.6,"Qualifying":"","Navigable":"","SufficiencyRating":96.3,"HealthIndex":99.03,"AADT":17000,"EstimatedOCR":"","EstimatedCCI":null,"EstimatedCCR":"","EstimatedOCI":null,"CurrentInspectionDate":null,"CurrentInspectionOCI":null,"CurrentInspectionOCR":null,"CurrentInspectionNotes":null,"CurrentInspectedby":null,"Installed":null,"Replaced":null,"Retired":null,"ActBefore":null,"GroundElevation":null,"CriticalityFactor":1,"DesignedLoadRating":null,"LoadRestricted":"","GlobalID":"{8DE97DCA-BAA7-4E0A-8D6E-58E2AD02CC8E}","created_user":null,"created_date":null,"last_edited_user":"cgcartegraphsync","last_edited_date":1789062994000,"Shape.STLength()":165.79855291666664}},{"type":"Feature","id":29,"geometry":{"type":"LineString","coordinates":[[-81.94070813376037,26.62917899530308],[-81.94070833586511,26.62887689829665]]},"properties":{"OBJECTID":29,"ANGLE":90,"BRIDGE_NUMBER":"8","TYPE":"E","INSPECTED_BY":"State","UNIT":"18","CANAL_NAME":"HONOLULU CANAL","PROXIMITY":"N.B. DEL PRADO BLVD S-SE 13TH ST-SE 12TH TER","REPORT_DATE":"","COMMENTS":"","INSPECTED":null,"INSP_FREQ":"2 Years","AbutmentType":"","ConditionGroup":"","DeckType":"","DeckWearingSurface":"","FeatureCrossed":"Canal","PierType":"","PredictionGroup":"","SpanType":"","Street":"DEL PRADO BLVD S","StructureType":"","UseType":"Vehicle","CartegraphID":"29","Structure_Num":"124063","Jurisdiction":"County","Width":null,"LocalName":"","NOTES":"","FunctionallyObsolete":"","StructurallyDeficient":"","ScourCritical":"","VerticalClearance":11.25,"Qualifying":"","Navigable":"","SufficiencyRating":null,"HealthIndex":null,"AADT":45000,"EstimatedOCR":"","EstimatedCCI":null,"EstimatedCCR":"","EstimatedOCI":null,"CurrentInspectionDate":null,"CurrentInspectionOCI":null,"CurrentInspectionOCR":null,"CurrentInspectionNotes":null,"CurrentInspectedby":null,"Installed":null,"Replaced":null,"Retired":null,"ActBefore":null,"GroundElevation":null,"CriticalityFactor":1,"DesignedLoadRating":null,"LoadRestricted":"","GlobalID":"{4AD5DA91-E8A5-4381-84A4-96A42582DBD3}","created_user":null,"created_date":null,"last_edited_user":"cgCartegraphSync","last_edited_date":1701962429000,"Shape.STLength()":109.8085084537604}},{"type":"Feature","id":30,"geometry":{"type":"LineString","coordinates":[[-81.94087425176966,26.62918503604749],[-81.9408780847062,26.62887951338228]]},"properties":{"OBJECTID":30,"ANGLE":90,"BRIDGE_NUMBER":"8","TYPE":"E","INSPECTED_BY":"State","UNIT":"18","CANAL_NAME":"HONOLULU CANAL","PROXIMITY":"S.B. DEL PRADO BLVD S-SE 12TH TER-SE 13TH ST","REPORT_DATE":"","COMMENTS":"","INSPECTED":null,"INSP_FREQ":"2 Years","AbutmentType":"","ConditionGroup":"","DeckType":"","DeckWearingSurface":"","FeatureCrossed":"Canal","PierType":"","PredictionGroup":"","SpanType":"","Street":"DEL PRADO BLVD S","StructureType":"","UseType":"Vehicle","CartegraphID":"30","Structure_Num":"124064","Jurisdiction":"County","Width":null,"LocalName":"","NOTES":"","FunctionallyObsolete":"","StructurallyDeficient":"","ScourCritical":"","VerticalClearance":11.25,"Qualifying":"","Navigable":"","SufficiencyRating":null,"HealthIndex":null,"AADT":45000,"EstimatedOCR":"","EstimatedCCI":null,"EstimatedCCR":"","EstimatedOCI":null,"CurrentInspectionDate":null,"CurrentInspectionOCI":null,"CurrentInspectionOCR":null,"CurrentInspectionNotes":null,"CurrentInspectedby":null,"Installed":null,"Replaced":null,"Retired":null,"ActBefore":null,"GroundElevation":null,"CriticalityFactor":1,"DesignedLoadRating":null,"LoadRestricted":"","GlobalID":"{850579B7-DE34-4B7F-8517-548580D6012F}","created_user":null,"created_date":null,"last_edited_user":"cgCartegraphAdmin","last_edited_date":1601910483000,"Shape.STLength()":111.06073144714894}},{"type":"Feature","id":31,"geometry":{"type":"LineString","coordinates":[[-81.94137258674766,26.600069559169537],[-81.94138615369219,26.599806752199747]]},"properties":{"OBJECTID":31,"ANGLE":88.300003,"BRIDGE_NUMBER":"6","TYPE":"E","INSPECTED_BY":"State","UNIT":"20-2","CANAL_NAME":"LIDO CANAL","PROXIMITY":"N.B. DEL PRADO BLVD S-SE 28TH ST-SE 28TH TER","REPORT_DATE":"","COMMENTS":"","INSPECTED":null,"INSP_FREQ":"2 Years","AbutmentType":"","ConditionGroup":"","DeckType":"","DeckWearingSurface":"","FeatureCrossed":"Canal","PierType":"","PredictionGroup":"","SpanType":"","Street":"DEL PRADO BLVD S","StructureType":"","UseType":"Vehicle","CartegraphID":"31","Structure_Num":"124062","Jurisdiction":"County","Width":null,"LocalName":"","NOTES":"","FunctionallyObsolete":"","StructurallyDeficient":"","ScourCritical":"","VerticalClearance":11.25,"Qualifying":"","Navigable":"","SufficiencyRating":null,"HealthIndex":null,"AADT":40600,"EstimatedOCR":"","EstimatedCCI":null,"EstimatedCCR":"","EstimatedOCI":null,"CurrentInspectionDate":null,"CurrentInspectionOCI":null,"CurrentInspectionOCR":null,"CurrentInspectionNotes":null,"CurrentInspectedby":null,"Installed":null,"Replaced":null,"Retired":null,"ActBefore":null,"GroundElevation":null,"CriticalityFactor":1,"DesignedLoadRating":null,"LoadRestricted":"","GlobalID":"{54328545-3EE9-400E-A180-F6A0569B5478}","created_user":null,"created_date":null,"last_edited_user":"cgCartegraphAdmin","last_edited_date":1601910483000,"Shape.STLength()":95.62947158112368}},{"type":"Feature","id":32,"geometry":{"type":"LineString","coordinates":[[-81.94152945510075,26.60007480733954],[-81.94154302168803,26.59981199945179]]},"properties":{"OBJECTID":32,"ANGLE":88.300003,"BRIDGE_NUMBER":"6","TYPE":"E","INSPECTED_BY":"State","UNIT":"20-2","CANAL_NAME":"LIDO CANAL","PROXIMITY":"S.B. DEL PRADO BLVD S-SHELBY PKWY-SE 28TH TER","REPORT_DATE":"","COMMENTS":"","INSPECTED":null,"INSP_FREQ":"2 Years","AbutmentType":"","ConditionGroup":"","DeckType":"","DeckWearingSurface":"","FeatureCrossed":"Canal","PierType":"","PredictionGroup":"","SpanType":"","Street":"DEL PRADO BLVD S","StructureType":"","UseType":"Vehicle","CartegraphID":"32","Structure_Num":"124061","Jurisdiction":"County","Width":null,"LocalName":"","NOTES":"","FunctionallyObsolete":"","StructurallyDeficient":"","ScourCritical":"","VerticalClearance":11.25,"Qualifying":"","Navigable":"","SufficiencyRating":null,"HealthIndex":null,"AADT":40600,"EstimatedOCR":"","EstimatedCCI":null,"EstimatedCCR":"","EstimatedOCI":null,"CurrentInspectionDate":null,"CurrentInspectionOCI":null,"CurrentInspectionOCR":null,"CurrentInspectionNotes":null,"CurrentInspectedby":null,"Installed":null,"Replaced":null,"Retired":null,"ActBefore":null,"GroundElevation":null,"CriticalityFactor":1,"DesignedLoadRating":null,"LoadRestricted":"","GlobalID":"{F96593AD-8198-4931-B3F5-8DA9520D136D}","created_user":null,"created_date":null,"last_edited_user":"cgCartegraphAdmin","last_edited_date":1601910483000,"Shape.STLength()":95.62979931866596}},{"type":"Feature","id":33,"geometry":{"type":"LineString","coordinates":[[-81.94314159120182,26.57742240665396],[-81.94318420229096,26.577220922435885]]},"properties":{"OBJECTID":33,"ANGLE":89,"BRIDGE_NUMBER":"5","TYPE":"F","INSPECTED_BY":"State","UNIT":"7-2","CANAL_NAME":"PLATO CANAL","PROXIMITY":"DEL PRADO BLVD S-SE 40TH ST-CORONADO PKWY","REPORT_DATE":"","COMMENTS":"","INSPECTED":null,"INSP_FREQ":"2 Years","AbutmentType":"","ConditionGroup":"","DeckType":"","DeckWearingSurface":"","FeatureCrossed":"Canal","PierType":"","PredictionGroup":"","SpanType":"","Street":"DEL PRADO BLVD S","StructureType":"","UseType":"Vehicle","CartegraphID":"33","Structure_Num":"124060","Jurisdiction":"County","Width":null,"LocalName":"","NOTES":"","FunctionallyObsolete":"","StructurallyDeficient":"","ScourCritical":"","VerticalClearance":9,"Qualifying":"","Navigable":"","SufficiencyRating":null,"HealthIndex":null,"AADT":25500,"EstimatedOCR":"","EstimatedCCI":null,"EstimatedCCR":"","EstimatedOCI":null,"CurrentInspectionDate":null,"CurrentInspectionOCI":null,"CurrentInspectionOCR":null,"CurrentInspectionNotes":null,"CurrentInspectedby":null,"Installed":null,"Replaced":null,"Retired":null,"ActBefore":null,"GroundElevation":null,"CriticalityFactor":1,"DesignedLoadRating":null,"LoadRestricted":"","GlobalID":"{D63EE745-0AFA-40E8-BF30-5E93A819E0E6}","created_user":null,"created_date":null,"last_edited_user":"cgCartegraphAdmin","last_edited_date":1601910483000,"Shape.STLength()":74.54882256282616}},{"type":"Feature","id":34,"geometry":{"type":"LineString","coordinates":[[-81.94389286362912,26.566279650535815],[-81.9438929850556,26.56603032713298]]},"properties":{"OBJECTID":34,"ANGLE":90,"BRIDGE_NUMBER":"3","TYPE":"F","INSPECTED_BY":"State","UNIT":"7","CANAL_NAME":"MALAGA CANAL","PROXIMITY":"DEL PRADO BLVD S-SE 46TH ST-SE 46TH LN","REPORT_DATE":"","COMMENTS":"","INSPECTED":null,"INSP_FREQ":"2 Years","AbutmentType":"","ConditionGroup":"","DeckType":"","DeckWearingSurface":"","FeatureCrossed":"Canal","PierType":"","PredictionGroup":"","SpanType":"","Street":"DEL PRADO BLVD S","StructureType":"","UseType":"Vehicle","CartegraphID":"34","Structure_Num":"124059","Jurisdiction":"County","Width":null,"LocalName":"","NOTES":"","FunctionallyObsolete":"","StructurallyDeficient":"","ScourCritical":"","VerticalClearance":8.9,"Qualifying":"","Navigable":"","SufficiencyRating":null,"HealthIndex":null,"AADT":30000,"EstimatedOCR":"","EstimatedCCI":null,"EstimatedCCR":"","EstimatedOCI":null,"CurrentInspectionDate":null,"CurrentInspectionOCI":null,"CurrentInspectionOCR":null,"CurrentInspectionNotes":null,"CurrentInspectedby":null,"Installed":null,"Replaced":null,"Retired":null,"ActBefore":null,"GroundElevation":null,"CriticalityFactor":1,"DesignedLoadRating":null,"LoadRestricted":"","GlobalID":"{9D31789D-99A2-4551-9205-F4EFFC6FD04F}","created_user":null,"created_date":null,"last_edited_user":"cgCartegraphAdmin","last_edited_date":1601910483000,"Shape.STLength()":90.62514683333332}},{"type":"Feature","id":35,"geometry":{"type":"LineString","coordinates":[[-81.94574921912324,26.556999945951627],[-81.94577868331069,26.556917504834164]]},"properties":{"OBJECTID":35,"ANGLE":106.599998,"BRIDGE_NUMBER":"1","TYPE":"D","INSPECTED_BY":"State","UNIT":"6","CANAL_NAME":"BIMINI CANAL","PROXIMITY":"DEL PRADO BLVD S-VIKING CT-WELLINGTON CT","REPORT_DATE":"2015","COMMENTS":"POA","INSPECTED":null,"INSP_FREQ":"2 Years","AbutmentType":"","ConditionGroup":"","DeckType":"","DeckWearingSurface":"","FeatureCrossed":"Canal","PierType":"","PredictionGroup":"","SpanType":"","Street":"DEL PRADO BLVD S","StructureType":"","UseType":"Vehicle","CartegraphID":"35","Structure_Num":"125608","Jurisdiction":"City","Width":null,"LocalName":"","NOTES":"","FunctionallyObsolete":"YES","StructurallyDeficient":"","ScourCritical":"YES","VerticalClearance":8.6,"Qualifying":"","Navigable":"","SufficiencyRating":71.1,"HealthIndex":81.54,"AADT":4000,"EstimatedOCR":"","EstimatedCCI":null,"EstimatedCCR":"","EstimatedOCI":null,"CurrentInspectionDate":null,"CurrentInspectionOCI":null,"CurrentInspectionOCR":null,"CurrentInspectionNotes":null,"CurrentInspectedby":null,"Installed":null,"Replaced":null,"Retired":null,"ActBefore":null,"GroundElevation":null,"CriticalityFactor":1,"DesignedLoadRating":null,"LoadRestricted":"","GlobalID":"{0EDB40C7-BE56-44ED-9209-DC42E9E06D2B}","created_user":null,"created_date":null,"last_edited_user":"cgcartegraphsync","last_edited_date":1773860231000,"Shape.STLength()":31.47580431058726}},{"type":"Feature","id":36,"geometry":{"type":"LineString","coordinates":[[-81.98228736664097,26.706084859703576],[-81.98218941481333,26.70603128329025]]},"properties":{"OBJECTID":36,"ANGLE":40,"BRIDGE_NUMBER":"58","TYPE":"C","INSPECTED_BY":"State","UNIT":"40","CANAL_NAME":"SYRACUSE CANAL","PROXIMITY":"NW DOUGLAS PKWY-NW 4TH PL-NW 5TH AVE","REPORT_DATE":"2015","COMMENTS":"POA","INSPECTED":null,"INSP_FREQ":"2 Years","AbutmentType":"","ConditionGroup":"","DeckType":"","DeckWearingSurface":"","FeatureCrossed":"Canal","PierType":"","PredictionGroup":"","SpanType":"","Street":"NW DOUGLAS PKWY","StructureType":"","UseType":"Vehicle","CartegraphID":"36","Structure_Num":"125590","Jurisdiction":"City","Width":null,"LocalName":"","NOTES":"","FunctionallyObsolete":"","StructurallyDeficient":"","ScourCritical":"","VerticalClearance":8,"Qualifying":"","Navigable":"","SufficiencyRating":97.2,"HealthIndex":80.4,"AADT":null,"EstimatedOCR":"","EstimatedCCI":null,"EstimatedCCR":"","EstimatedOCI":null,"CurrentInspectionDate":null,"CurrentInspectionOCI":null,"CurrentInspectionOCR":null,"CurrentInspectionNotes":null,"CurrentInspectedby":null,"Installed":null,"Replaced":null,"Retired":null,"ActBefore":null,"GroundElevation":null,"CriticalityFactor":1,"DesignedLoadRating":null,"LoadRestricted":"","GlobalID":"{570663CC-9124-4A64-A0D8-5466EA04F0FF}","created_user":null,"created_date":null,"last_edited_user":"cgcartegraphsync","last_edited_date":1776970469000,"Shape.STLength()":37.4409062251318}},{"type":"Feature","id":37,"geometry":{"type":"LineString","coordinates":[[-81.9930356359802,26.682139371529843],[-81.99295480228845,26.68213918883022]]},"properties":{"OBJECTID":37,"ANGLE":0,"BRIDGE_NUMBER":"54","TYPE":"D","INSPECTED_BY":"State","UNIT":"41","CANAL_NAME":"GAVIOTA CANAL","PROXIMITY":"E.B. DIPLOMAT PKWY W-NW 9TH PL-NW 9TH AVE","REPORT_DATE":"2015","COMMENTS":"Posted/POA","INSPECTED":null,"INSP_FREQ":"2 Years","AbutmentType":"","ConditionGroup":"","DeckType":"","DeckWearingSurface":"","FeatureCrossed":"Canal","PierType":"","PredictionGroup":"","SpanType":"","Street":"DIPLOMAT PKWY W","StructureType":"","UseType":"Vehicle","CartegraphID":"37","Structure_Num":"125577","Jurisdiction":"City","Width":null,"LocalName":"","NOTES":"","FunctionallyObsolete":"YES","StructurallyDeficient":"","ScourCritical":"YES","VerticalClearance":7.9,"Qualifying":"","Navigable":"","SufficiencyRating":74.7,"HealthIndex":78.02,"AADT":4800,"EstimatedOCR":"","EstimatedCCI":null,"EstimatedCCR":"","EstimatedOCI":null,"CurrentInspectionDate":null,"CurrentInspectionOCI":null,"CurrentInspectionOCR":null,"CurrentInspectionNotes":null,"CurrentInspectedby":null,"Installed":null,"Replaced":null,"Retired":null,"ActBefore":null,"GroundElevation":null,"CriticalityFactor":1,"DesignedLoadRating":null,"LoadRestricted":"","GlobalID":"{97626814-AEDE-4901-B47B-0CF29D1D018B}","created_user":null,"created_date":null,"last_edited_user":"cgcartegraphsync","last_edited_date":1784746757000,"Shape.STLength()":26.394712187847396}},{"type":"Feature","id":38,"geometry":{"type":"LineString","coordinates":[[-82.00192551201825,26.651701080804447],[-82.00180538302102,26.651702037327674]]},"properties":{"OBJECTID":38,"ANGLE":0,"BRIDGE_NUMBER":"64","TYPE":"D","INSPECTED_BY":"State","UNIT":"48","CANAL_NAME":"NOVA CANAL","PROXIMITY":"E.B. EMBERS PKWY W-SW 14TH AVE-SW 13TH PL","REPORT_DATE":"2015","COMMENTS":"POA","INSPECTED":null,"INSP_FREQ":"2 Years","AbutmentType":"","ConditionGroup":"","DeckType":"","DeckWearingSurface":"","FeatureCrossed":"Canal","PierType":"","PredictionGroup":"","SpanType":"","Street":"EMBERS PKWY W","StructureType":"","UseType":"Vehicle","CartegraphID":"38","Structure_Num":"125557","Jurisdiction":"City","Width":null,"LocalName":"","NOTES":"","FunctionallyObsolete":"YES","StructurallyDeficient":"","ScourCritical":"","VerticalClearance":7.9,"Qualifying":"","Navigable":"","SufficiencyRating":77.8,"HealthIndex":80.36,"AADT":4800,"EstimatedOCR":"","EstimatedCCI":null,"EstimatedCCR":"","EstimatedOCI":null,"CurrentInspectionDate":null,"CurrentInspectionOCI":null,"CurrentInspectionOCR":null,"CurrentInspectionNotes":null,"CurrentInspectedby":null,"Installed":null,"Replaced":null,"Retired":null,"ActBefore":null,"GroundElevation":null,"CriticalityFactor":1,"DesignedLoadRating":null,"LoadRestricted":"","GlobalID":"{DAF7CBAB-F782-4C17-B9B3-A50FE385F070}","created_user":null,"created_date":null,"last_edited_user":"cgcartegraphsync","last_edited_date":1778680770000,"Shape.STLength()":39.23767737647593}},{"type":"Feature","id":39,"geometry":{"type":"LineString","coordinates":[[-81.98970313326275,26.545574626906483],[-81.98940731399598,26.545571053461867]]},"properties":{"OBJECTID":39,"ANGLE":359,"BRIDGE_NUMBER":"PG","TYPE":"S","INSPECTED_BY":"State","UNIT":"67","CANAL_NAME":"CELLINI CANAL","PROXIMITY":"E.B. ROSE GARDEN RD-SW 7TH CT-SW 6TH CT","REPORT_DATE":"2015","COMMENTS":"POA","INSPECTED":null,"INSP_FREQ":"2 Years","AbutmentType":"","ConditionGroup":"","DeckType":"","DeckWearingSurface":"","FeatureCrossed":"Canal","PierType":"","PredictionGroup":"","SpanType":"","Street":"ROSE GARDEN RD","StructureType":"","UseType":"Vehicle","CartegraphID":"39","Structure_Num":"125744","Jurisdiction":"City","Width":null,"LocalName":"","NOTES":"","FunctionallyObsolete":"","StructurallyDeficient":"","ScourCritical":"","VerticalClearance":10.75,"Qualifying":"","Navigable":"","SufficiencyRating":94.9,"HealthIndex":99.13,"AADT":2300,"EstimatedOCR":"","EstimatedCCI":null,"EstimatedCCR":"","EstimatedOCI":null,"CurrentInspectionDate":null,"CurrentInspectionOCI":null,"CurrentInspectionOCR":null,"CurrentInspectionNotes":null,"CurrentInspectedby":null,"Installed":null,"Replaced":null,"Retired":null,"ActBefore":null,"GroundElevation":null,"CriticalityFactor":1,"DesignedLoadRating":null,"LoadRestricted":"","GlobalID":"{280E72A5-D622-4324-9DE4-3C7647EF7E96}","created_user":null,"created_date":null,"last_edited_user":"cgcartegraphsync","last_edited_date":1786461348000,"Shape.STLength()":96.71741281345692}},{"type":"Feature","id":40,"geometry":{"type":"LineString","coordinates":[[-82.02304848658231,26.680588143216124],[-82.02305546972327,26.68035921936413]]},"properties":{"OBJECTID":40,"ANGLE":88,"BRIDGE_NUMBER":"69","TYPE":"B","INSPECTED_BY":"State","UNIT":"53","CANAL_NAME":"HORSESHOE CANAL","PROXIMITY":"EL DORADO BLVD N-NW 14TH LN-NW 15TH ST","REPORT_DATE":"2015","COMMENTS":"POA","INSPECTED":null,"INSP_FREQ":"2 Years","AbutmentType":"","ConditionGroup":"","DeckType":"","DeckWearingSurface":"","FeatureCrossed":"Canal","PierType":"","PredictionGroup":"","SpanType":"","Street":"EL DORADO BLVD N","StructureType":"","UseType":"Vehicle","CartegraphID":"40","Structure_Num":"125714","Jurisdiction":"City","Width":null,"LocalName":"","NOTES":"","FunctionallyObsolete":"","StructurallyDeficient":"","ScourCritical":"","VerticalClearance":6.75,"Qualifying":"","Navigable":"","SufficiencyRating":82.4,"HealthIndex":86.57,"AADT":1000,"EstimatedOCR":"","EstimatedCCI":null,"EstimatedCCR":"","EstimatedOCI":null,"CurrentInspectionDate":null,"CurrentInspectionOCI":null,"CurrentInspectionOCR":null,"CurrentInspectionNotes":null,"CurrentInspectedby":null,"Installed":null,"Replaced":null,"Retired":null,"ActBefore":null,"GroundElevation":null,"CriticalityFactor":1,"DesignedLoadRating":null,"LoadRestricted":"","GlobalID":"{44FD0B1D-9994-40AB-ACFD-68F03B11CC53}","created_user":null,"created_date":null,"last_edited_user":"cgcartegraphsync","last_edited_date":1785350038000,"Shape.STLength()":83.24276968688487}},{"type":"Feature","id":41,"geometry":{"type":"LineString","coordinates":[[-82.0229670618931,26.69947089403699],[-82.0229662509256,26.699355597315744]]},"properties":{"OBJECTID":41,"ANGLE":90,"BRIDGE_NUMBER":"94","TYPE":"D","INSPECTED_BY":"State","UNIT":"80","CANAL_NAME":"GATOR SLOUGH CANAL","PROXIMITY":"EL DORADO BLVD N-NW 25TH ST-NW 25TH TER","REPORT_DATE":"2015","COMMENTS":"POA","INSPECTED":null,"INSP_FREQ":"2 Years","AbutmentType":"","ConditionGroup":"","DeckType":"","DeckWearingSurface":"","FeatureCrossed":"Canal","PierType":"","PredictionGroup":"","SpanType":"","Street":"EL DORADO BLVD N","StructureType":"","UseType":"Vehicle","CartegraphID":"41","Structure_Num":"125716","Jurisdiction":"City","Width":null,"LocalName":"","NOTES":"","FunctionallyObsolete":"","StructurallyDeficient":"","ScourCritical":"","VerticalClearance":7,"Qualifying":"","Navigable":"","SufficiencyRating":91.6,"HealthIndex":85.84,"AADT":2100,"EstimatedOCR":"","EstimatedCCI":null,"EstimatedCCR":"","EstimatedOCI":null,"CurrentInspectionDate":null,"CurrentInspectionOCI":null,"CurrentInspectionOCR":null,"CurrentInspectionNotes":null,"CurrentInspectedby":null,"Installed":null,"Replaced":null,"Retired":null,"ActBefore":null,"GroundElevation":null,"CriticalityFactor":1,"DesignedLoadRating":null,"LoadRestricted":"","GlobalID":"{7BEFC509-2BD3-4380-9770-795A13D9A735}","created_user":null,"created_date":null,"last_edited_user":"cgcartegraphsync","last_edited_date":1766002632000,"Shape.STLength()":41.91015432397967}},{"type":"Feature","id":42,"geometry":{"type":"LineString","coordinates":[[-82.02354344429038,26.664034143642688],[-82.02354306072291,26.66390779852134]]},"properties":{"OBJECTID":42,"ANGLE":90,"BRIDGE_NUMBER":"67","TYPE":"D","INSPECTED_BY":"State","UNIT":"55","CANAL_NAME":"MOHAWK CANAL","PROXIMITY":"EL DORADO BLVD N-NW 6TH ST-NW 6TH TER","REPORT_DATE":"2015","COMMENTS":"POA","INSPECTED":null,"INSP_FREQ":"2 Years","AbutmentType":"","ConditionGroup":"","DeckType":"","DeckWearingSurface":"","FeatureCrossed":"Canal","PierType":"","PredictionGroup":"","SpanType":"","Street":"EL DORADO BLVD N","StructureType":"","UseType":"Vehicle","CartegraphID":"42","Structure_Num":"125710","Jurisdiction":"City","Width":null,"LocalName":"","NOTES":"","FunctionallyObsolete":"","StructurallyDeficient":"","ScourCritical":"","VerticalClearance":7.6,"Qualifying":"","Navigable":"","SufficiencyRating":81.9,"HealthIndex":98.27,"AADT":2800,"EstimatedOCR":"","EstimatedCCI":null,"EstimatedCCR":"","EstimatedOCI":null,"CurrentInspectionDate":null,"CurrentInspectionOCI":null,"CurrentInspectionOCR":null,"CurrentInspectionNotes":null,"CurrentInspectedby":null,"Installed":null,"Replaced":null,"Retired":null,"ActBefore":null,"GroundElevation":null,"CriticalityFactor":1,"DesignedLoadRating":null,"LoadRestricted":"","GlobalID":"{8C43B9AD-31DF-48EF-A360-20168854CD5C}","created_user":null,"created_date":null,"last_edited_user":"cgcartegraphsync","last_edited_date":1785435159000,"Shape.STLength()":45.92525352086761}},{"type":"Feature","id":43,"geometry":{"type":"LineString","coordinates":[[-82.02341384339073,26.670610548874667],[-82.02341753516765,26.67042687676302]]},"properties":{"OBJECTID":43,"ANGLE":88,"BRIDGE_NUMBER":"68","TYPE":"D","INSPECTED_BY":"State","UNIT":"56","CANAL_NAME":"HERMOSA CANAL","PROXIMITY":"EL DORADO BLVD N-NW 9TH TER-NW 10TH ST","REPORT_DATE":"2015","COMMENTS":"POA","INSPECTED":null,"INSP_FREQ":"2 Years","AbutmentType":"","ConditionGroup":"","DeckType":"","DeckWearingSurface":"","FeatureCrossed":"Canal","PierType":"","PredictionGroup":"","SpanType":"","Street":"EL DORADO BLVD N","StructureType":"","UseType":"Vehicle","CartegraphID":"43","Structure_Num":"125712","Jurisdiction":"City","Width":null,"LocalName":"","NOTES":"","FunctionallyObsolete":"","StructurallyDeficient":"","ScourCritical":"","VerticalClearance":7.3,"Qualifying":"","Navigable":"","SufficiencyRating":78.3,"HealthIndex":96.34,"AADT":1900,"EstimatedOCR":"","EstimatedCCI":null,"EstimatedCCR":"","EstimatedOCI":null,"CurrentInspectionDate":null,"CurrentInspectionOCI":null,"CurrentInspectionOCR":null,"CurrentInspectionNotes":null,"CurrentInspectedby":null,"Installed":null,"Replaced":null,"Retired":null,"ActBefore":null,"GroundElevation":null,"CriticalityFactor":1,"DesignedLoadRating":null,"LoadRestricted":"","GlobalID":"{EB11EF02-367C-47AA-AB17-57AF4E1A1881}","created_user":null,"created_date":null,"last_edited_user":"cgcartegraphsync","last_edited_date":1785350132000,"Shape.STLength()":66.77376843642145}},{"type":"Feature","id":44,"geometry":{"type":"LineString","coordinates":[[-82.02357060659216,26.649084047484433],[-82.02357375830586,26.648901593407494]]},"properties":{"OBJECTID":44,"ANGLE":90,"BRIDGE_NUMBER":"65","TYPE":"D","INSPECTED_BY":"State","UNIT":"54","CANAL_NAME":"SHADROE CANAL","PROXIMITY":"EL DORADO BLVD S-SW 1ST TER-SW 2ND TER","REPORT_DATE":"2015","COMMENTS":"POA","INSPECTED":null,"INSP_FREQ":"2 Years","AbutmentType":"","ConditionGroup":"","DeckType":"","DeckWearingSurface":"","FeatureCrossed":"Canal","PierType":"","PredictionGroup":"","SpanType":"","Street":"EL DORADO BLVD S","StructureType":"","UseType":"Vehicle","CartegraphID":"44","Structure_Num":"125708","Jurisdiction":"City","Width":null,"LocalName":"","NOTES":"","FunctionallyObsolete":"","StructurallyDeficient":"","ScourCritical":"","VerticalClearance":7.6,"Qualifying":"","Navigable":"","SufficiencyRating":90.4,"HealthIndex":96,"AADT":2000,"EstimatedOCR":"","EstimatedCCI":null,"EstimatedCCR":"","EstimatedOCI":null,"CurrentInspectionDate":null,"CurrentInspectionOCI":null,"CurrentInspectionOCR":null,"CurrentInspectionNotes":null,"CurrentInspectedby":null,"Installed":null,"Replaced":null,"Retired":null,"ActBefore":null,"GroundElevation":null,"CriticalityFactor":1,"DesignedLoadRating":null,"LoadRestricted":"","GlobalID":"{754B8531-E01A-442A-AC42-A371D74E1EA3}","created_user":null,"created_date":null,"last_edited_user":"cgcartegraphsync","last_edited_date":1785435430000,"Shape.STLength()":66.327929303477}},{"type":"Feature","id":45,"geometry":{"type":"LineString","coordinates":[[-81.98626575489673,26.549168952799093],[-81.9860158987868,26.549168899620508]]},"properties":{"OBJECTID":45,"ANGLE":359.5,"BRIDGE_NUMBER":"26","TYPE":"B","INSPECTED_BY":"State","UNIT":"44-1","CANAL_NAME":"AILSA CANAL","PROXIMITY":"EL DORADO PKWY W-SW 5TH AVE-SW 6TH AVE","REPORT_DATE":"2015","COMMENTS":"Yearly insp.req. per Gary G.","INSPECTED":null,"INSP_FREQ":"1 Year","AbutmentType":"","ConditionGroup":"","DeckType":"","DeckWearingSurface":"","FeatureCrossed":"Canal","PierType":"","PredictionGroup":"","SpanType":"","Street":"EL DORADO PKWY W","StructureType":"","UseType":"Vehicle","CartegraphID":"45","Structure_Num":"125502","Jurisdiction":"City","Width":null,"LocalName":"","NOTES":"","FunctionallyObsolete":"","StructurallyDeficient":"","ScourCritical":"YES","VerticalClearance":9.3,"Qualifying":"","Navigable":"","SufficiencyRating":90.3,"HealthIndex":97.51,"AADT":1100,"EstimatedOCR":"","EstimatedCCI":null,"EstimatedCCR":"","EstimatedOCI":null,"CurrentInspectionDate":null,"CurrentInspectionOCI":null,"CurrentInspectionOCR":null,"CurrentInspectionNotes":null,"CurrentInspectedby":null,"Installed":null,"Replaced":null,"Retired":null,"ActBefore":null,"GroundElevation":null,"CriticalityFactor":1,"DesignedLoadRating":null,"LoadRestricted":"","GlobalID":"{7B82644C-282E-43EA-A045-30F011D43BCA}","created_user":null,"created_date":null,"last_edited_user":"cgcartegraphsync","last_edited_date":1773860639000,"Shape.STLength()":81.67995542471877}},{"type":"Feature","id":46,"geometry":{"type":"LineString","coordinates":[[-82.03621949286446,26.65226774157384],[-82.03610743734276,26.652267540822105]]},"properties":{"OBJECTID":46,"ANGLE":0,"BRIDGE_NUMBER":"66","TYPE":"D","INSPECTED_BY":"State","UNIT":"54","CANAL_NAME":"CRETE CANAL","PROXIMITY":"EMBERS PKWY W-NW 29TH PL-NW 30TH PL","REPORT_DATE":"2015","COMMENTS":"POA","INSPECTED":null,"INSP_FREQ":"2 Years","AbutmentType":"","ConditionGroup":"","DeckType":"","DeckWearingSurface":"","FeatureCrossed":"Canal","PierType":"","PredictionGroup":"","SpanType":"","Street":"EMBERS PKWY W","StructureType":"","UseType":"Vehicle","CartegraphID":"46","Structure_Num":"125556","Jurisdiction":"City","Width":null,"LocalName":"","NOTES":"","FunctionallyObsolete":"","StructurallyDeficient":"","ScourCritical":"YES","VerticalClearance":7.6,"Qualifying":"","Navigable":"","SufficiencyRating":78.9,"HealthIndex":97.66,"AADT":1800,"EstimatedOCR":"","EstimatedCCI":null,"EstimatedCCR":"","EstimatedOCI":null,"CurrentInspectionDate":null,"CurrentInspectionOCI":null,"CurrentInspectionOCR":null,"CurrentInspectionNotes":null,"CurrentInspectedby":null,"Installed":null,"Replaced":null,"Retired":null,"ActBefore":null,"GroundElevation":null,"CriticalityFactor":1,"DesignedLoadRating":null,"LoadRestricted":"","GlobalID":"{C9F9789E-FA00-4E6E-B15A-EEE44EC4B231}","created_user":null,"created_date":null,"last_edited_user":"cgcartegraphsync","last_edited_date":1785435301000,"Shape.STLength()":36.59910303819479}},{"type":"Feature","id":47,"geometry":{"type":"LineString","coordinates":[[-81.92755994415332,26.739239680542553],[-81.92751087489324,26.73915344690936]]},"properties":{"OBJECTID":47,"ANGLE":70,"BRIDGE_NUMBER":"107","TYPE":"D","INSPECTED_BY":"City","UNIT":"88","CANAL_NAME":"GATOR SLOUGH CANAL","PROXIMITY":"GARDEN BLVD-NE 43RD LN-DURDEN PKWY","REPORT_DATE":"2007","COMMENTS":"","INSPECTED":null,"INSP_FREQ":"2 Years","AbutmentType":"","ConditionGroup":"","DeckType":"","DeckWearingSurface":"","FeatureCrossed":"Canal","PierType":"","PredictionGroup":"","SpanType":"","Street":"GARDEN BLVD","StructureType":"","UseType":"Vehicle","CartegraphID":"47","Structure_Num":"125628","Jurisdiction":"City","Width":null,"LocalName":"","NOTES":"","FunctionallyObsolete":"","StructurallyDeficient":"","ScourCritical":"","VerticalClearance":7.6,"Qualifying":"NO","Navigable":"","SufficiencyRating":99.6,"HealthIndex":null,"AADT":null,"EstimatedOCR":"","EstimatedCCI":null,"EstimatedCCR":"","EstimatedOCI":null,"CurrentInspectionDate":null,"CurrentInspectionOCI":null,"CurrentInspectionOCR":null,"CurrentInspectionNotes":null,"CurrentInspectedby":null,"Installed":null,"Replaced":null,"Retired":null,"ActBefore":null,"GroundElevation":null,"CriticalityFactor":1,"DesignedLoadRating":null,"LoadRestricted":"","GlobalID":"{0C643885-CB87-4B1C-847E-6B80288FEA49}","created_user":null,"created_date":null,"last_edited_user":"cgcartegraphsync","last_edited_date":1776797076000,"Shape.STLength()":35.19940759314247}},{"type":"Feature","id":48,"geometry":{"type":"LineString","coordinates":[[-81.9504774080323,26.72858883422004],[-81.95044026703158,26.728524278215165]]},"properties":{"OBJECTID":48,"ANGLE":71,"BRIDGE_NUMBER":"99","TYPE":"B","INSPECTED_BY":"City","UNIT":"84","CANAL_NAME":"GATOR SLOUGH CANAL","PROXIMITY":"WEST GATOR CIR-NE 37TH TER-VOGIANTZIS PKWY","REPORT_DATE":"2018","COMMENTS":"","INSPECTED":1516147200000,"INSP_FREQ":"2 Years","AbutmentType":"","ConditionGroup":"","DeckType":"P/S Concrete Slab (Sonovoid)","DeckWearingSurface":"","FeatureCrossed":"Canal","PierType":"","PredictionGroup":"","SpanType":"","Street":"WEST GATOR CIR","StructureType":"Concrete Slab","UseType":"Vehicle","CartegraphID":"48","Structure_Num":"125634","Jurisdiction":"City","Width":null,"LocalName":"","NOTES":"","FunctionallyObsolete":"","StructurallyDeficient":"","ScourCritical":"","VerticalClearance":7.9,"Qualifying":"NO","Navigable":"","SufficiencyRating":94.5,"HealthIndex":95.3,"AADT":1300,"EstimatedOCR":"","EstimatedCCI":null,"EstimatedCCR":"","EstimatedOCI":null,"CurrentInspectionDate":null,"CurrentInspectionOCI":null,"CurrentInspectionOCR":null,"CurrentInspectionNotes":null,"CurrentInspectedby":null,"Installed":null,"Replaced":null,"Retired":null,"ActBefore":null,"GroundElevation":null,"CriticalityFactor":1,"DesignedLoadRating":null,"LoadRestricted":"","GlobalID":"{C2DE871D-9A6A-4C96-A475-4941E714AB3E}","created_user":null,"created_date":null,"last_edited_user":"cgcartegraphsync","last_edited_date":1776796389000,"Shape.STLength()":26.412052350587274}},{"type":"Feature","id":49,"geometry":{"type":"LineString","coordinates":[[-81.9356857289036,26.73544308912973],[-81.93565600330038,26.735391473951903]]},"properties":{"OBJECTID":49,"ANGLE":72,"BRIDGE_NUMBER":"105","TYPE":"D","INSPECTED_BY":"City","UNIT":"88","CANAL_NAME":"GATOR SLOUGH CANAL","PROXIMITY":"EAST GATOR CIR-NE 42ND ST-NE 42ND TER","REPORT_DATE":"2007","COMMENTS":"","INSPECTED":null,"INSP_FREQ":"2 Years","AbutmentType":"","ConditionGroup":"","DeckType":"","DeckWearingSurface":"","FeatureCrossed":"Canal","PierType":"","PredictionGroup":"","SpanType":"","Street":"EAST GATOR CIR","StructureType":"","UseType":"Vehicle","CartegraphID":"49","Structure_Num":"125624","Jurisdiction":"City","Width":null,"LocalName":"","NOTES":"","FunctionallyObsolete":"","StructurallyDeficient":"","ScourCritical":"","VerticalClearance":7.9,"Qualifying":"NO","Navigable":"","SufficiencyRating":99.8,"HealthIndex":null,"AADT":1500,"EstimatedOCR":"","EstimatedCCI":null,"EstimatedCCR":"","EstimatedOCI":null,"CurrentInspectionDate":null,"CurrentInspectionOCI":null,"CurrentInspectionOCR":null,"CurrentInspectionNotes":null,"CurrentInspectedby":null,"Installed":null,"Replaced":null,"Retired":null,"ActBefore":null,"GroundElevation":null,"CriticalityFactor":1,"DesignedLoadRating":null,"LoadRestricted":"","GlobalID":"{4E32E745-D781-4419-AE95-FEED00ADCAA5}","created_user":null,"created_date":null,"last_edited_user":"cgcartegraphsync","last_edited_date":1776970079000,"Shape.STLength()":21.12174724305357}},{"type":"Feature","id":50,"geometry":{"type":"LineString","coordinates":[[-81.99886100000582,26.59249806915144],[-81.99870905671887,26.592498067854805]]},"properties":{"OBJECTID":50,"ANGLE":0,"BRIDGE_NUMBER":"32","TYPE":"D","INSPECTED_BY":"State","UNIT":"66","CANAL_NAME":"ENTERPRISE CANAL","PROXIMITY":"GLEASON PKWY-SW 11TH PL-SW 11TH CT","REPORT_DATE":"2015","COMMENTS":"","INSPECTED":null,"INSP_FREQ":"2 Years","AbutmentType":"","ConditionGroup":"","DeckType":"","DeckWearingSurface":"","FeatureCrossed":"Canal","PierType":"","PredictionGroup":"","SpanType":"","Street":"GLEASON PKWY","StructureType":"","UseType":"Vehicle","CartegraphID":"50","Structure_Num":"125512","Jurisdiction":"City","Width":null,"LocalName":"","NOTES":"","FunctionallyObsolete":"YES","StructurallyDeficient":"","ScourCritical":"","VerticalClearance":8,"Qualifying":"","Navigable":"","SufficiencyRating":76.8,"HealthIndex":95.94,"AADT":4900,"EstimatedOCR":"","EstimatedCCI":null,"EstimatedCCR":"","EstimatedOCI":null,"CurrentInspectionDate":null,"CurrentInspectionOCI":null,"CurrentInspectionOCR":null,"CurrentInspectionNotes":null,"CurrentInspectedby":null,"Installed":1624406400000,"Replaced":null,"Retired":null,"ActBefore":null,"GroundElevation":null,"CriticalityFactor":1,"DesignedLoadRating":null,"LoadRestricted":"","GlobalID":"{75133D24-89A3-4E9C-8CC6-B1CBB0C95ED8}","created_user":null,"created_date":null,"last_edited_user":"cgcartegraphsync","last_edited_date":1782757651000,"Shape.STLength()":49.65278783333332}},{"type":"Feature","id":51,"geometry":{"type":"LineString","coordinates":[[-81.98566696653857,26.592559740187347],[-81.98545870865333,26.592556853302145]]},"properties":{"OBJECTID":51,"ANGLE":0,"BRIDGE_NUMBER":"23","TYPE":"D","INSPECTED_BY":"State","UNIT":"45","CANAL_NAME":"COURTNEY CANAL","PROXIMITY":"GLEASON PKWY-SW 5TH AVE-SW 5TH PL","REPORT_DATE":"2015","COMMENTS":"","INSPECTED":null,"INSP_FREQ":"2 Years","AbutmentType":"","ConditionGroup":"","DeckType":"","DeckWearingSurface":"","FeatureCrossed":"Canal","PierType":"","PredictionGroup":"","SpanType":"","Street":"GLEASON PKWY","StructureType":"","UseType":"Vehicle","CartegraphID":"51","Structure_Num":"125514","Jurisdiction":"City","Width":null,"LocalName":"","NOTES":"","FunctionallyObsolete":"","StructurallyDeficient":"","ScourCritical":"","VerticalClearance":7.9,"Qualifying":"","Navigable":"","SufficiencyRating":93.8,"HealthIndex":86,"AADT":7100,"EstimatedOCR":"","EstimatedCCI":null,"EstimatedCCR":"","EstimatedOCI":null,"CurrentInspectionDate":null,"CurrentInspectionOCI":null,"CurrentInspectionOCR":null,"CurrentInspectionNotes":null,"CurrentInspectedby":null,"Installed":null,"Replaced":null,"Retired":null,"ActBefore":null,"GroundElevation":null,"CriticalityFactor":1,"DesignedLoadRating":null,"LoadRestricted":"","GlobalID":"{0BF8BA26-59A6-4947-9809-F45ABF69C017}","created_user":null,"created_date":null,"last_edited_user":"cgcartegraphsync","last_edited_date":1782757737000,"Shape.STLength()":68.06360959702641}},{"type":"Feature","id":52,"geometry":{"type":"LineString","coordinates":[[-81.9307937043755,26.652593052832955],[-81.93043824319345,26.65259565661449]]},"properties":{"OBJECTID":52,"ANGLE":2,"BRIDGE_NUMBER":"6 w","TYPE":"D","INSPECTED_BY":"County","UNIT":"17","CANAL_NAME":"MEADE CANAL","PROXIMITY":"HANCOCK BRIDGE PKWY-NE 20TH CT-NE 21ST AVE","REPORT_DATE":"","COMMENTS":"WEIR","INSPECTED":null,"INSP_FREQ":"2 Years","AbutmentType":"","ConditionGroup":"","DeckType":"","DeckWearingSurface":"","FeatureCrossed":"Canal","PierType":"","PredictionGroup":"","SpanType":"","Street":"HANCOCK BRIDGE PKWY","StructureType":"","UseType":"Vehicle","CartegraphID":"52","Structure_Num":"10","Jurisdiction":"County","Width":null,"LocalName":"","NOTES":"","FunctionallyObsolete":"","StructurallyDeficient":"","ScourCritical":"","VerticalClearance":0,"Qualifying":"","Navigable":"NO","SufficiencyRating":null,"HealthIndex":null,"AADT":25580,"EstimatedOCR":"","EstimatedCCI":null,"EstimatedCCR":"","EstimatedOCI":null,"CurrentInspectionDate":null,"CurrentInspectionOCI":null,"CurrentInspectionOCR":null,"CurrentInspectionNotes":null,"CurrentInspectedby":null,"Installed":null,"Replaced":null,"Retired":null,"ActBefore":null,"GroundElevation":null,"CriticalityFactor":1,"DesignedLoadRating":null,"LoadRestricted":"","GlobalID":"{6F8DF1C0-5116-45E4-8A15-0517F6FEBD33}","created_user":null,"created_date":null,"last_edited_user":"cgCartegraphAdmin","last_edited_date":1601910483000,"Shape.STLength()":116.10258194021633}},{"type":"Feature","id":53,"geometry":{"type":"LineString","coordinates":[[-81.94846509336651,26.65184847174206],[-81.94811825792027,26.651854316249747]]},"properties":{"OBJECTID":53,"ANGLE":0,"BRIDGE_NUMBER":"15","TYPE":"D","INSPECTED_BY":"State","UNIT":"16","CANAL_NAME":"GREENE CANAL","PROXIMITY":"HANCOCK BRIDGE PKWY-NE 12TH CT-NE 13TH AVE","REPORT_DATE":"2015","COMMENTS":"","INSPECTED":null,"INSP_FREQ":"2 Years","AbutmentType":"","ConditionGroup":"","DeckType":"","DeckWearingSurface":"","FeatureCrossed":"Canal","PierType":"","PredictionGroup":"","SpanType":"","Street":"HANCOCK BRIDGE PKWY","StructureType":"","UseType":"Vehicle","CartegraphID":"53","Structure_Num":"125562","Jurisdiction":"City","Width":null,"LocalName":"","NOTES":"","FunctionallyObsolete":"","StructurallyDeficient":"","ScourCritical":"","VerticalClearance":8.6,"Qualifying":"","Navigable":"","SufficiencyRating":88.2,"HealthIndex":89.41,"AADT":13500,"EstimatedOCR":"","EstimatedCCI":null,"EstimatedCCR":"","EstimatedOCI":null,"CurrentInspectionDate":null,"CurrentInspectionOCI":null,"CurrentInspectionOCR":null,"CurrentInspectionNotes":null,"CurrentInspectedby":null,"Installed":null,"Replaced":null,"Retired":null,"ActBefore":null,"GroundElevation":null,"CriticalityFactor":1,"DesignedLoadRating":null,"LoadRestricted":"","GlobalID":"{4BFBE10D-F6C7-42DD-8B94-99790D497D11}","created_user":null,"created_date":null,"last_edited_user":"cgcartegraphsync","last_edited_date":1788371369000,"Shape.STLength()":113.30205689584898}},{"type":"Feature","id":54,"geometry":{"type":"LineString","coordinates":[[-81.95808700686024,26.651842121948565],[-81.95787720655628,26.651842700777323]]},"properties":{"OBJECTID":54,"ANGLE":0,"BRIDGE_NUMBER":"14","TYPE":"D","INSPECTED_BY":"State","UNIT":"46","CANAL_NAME":"MACKINAC CANAL","PROXIMITY":"HANCOCK BRIDGE PKWY-CULTURAL PARK BLVD N-NE 8TH PL","REPORT_DATE":"2015","COMMENTS":"","INSPECTED":null,"INSP_FREQ":"2 Years","AbutmentType":"","ConditionGroup":"","DeckType":"","DeckWearingSurface":"","FeatureCrossed":"Canal","PierType":"","PredictionGroup":"","SpanType":"","Street":"HANCOCK BRIDGE PKWY","StructureType":"","UseType":"Vehicle","CartegraphID":"54","Structure_Num":"125560","Jurisdiction":"City","Width":null,"LocalName":"","NOTES":"","FunctionallyObsolete":"YES","StructurallyDeficient":"","ScourCritical":"","VerticalClearance":8.6,"Qualifying":"","Navigable":"","SufficiencyRating":87.3,"HealthIndex":87.81,"AADT":13500,"EstimatedOCR":"","EstimatedCCI":null,"EstimatedCCR":"","EstimatedOCI":null,"CurrentInspectionDate":null,"CurrentInspectionOCI":null,"CurrentInspectionOCR":null,"CurrentInspectionNotes":null,"CurrentInspectedby":null,"Installed":null,"Replaced":null,"Retired":null,"ActBefore":null,"GroundElevation":null,"CriticalityFactor":1,"DesignedLoadRating":null,"LoadRestricted":"","GlobalID":"{FCA7836B-485F-47AB-B128-1ABAC4B5AD60}","created_user":null,"created_date":null,"last_edited_user":"cgcartegraphsync","last_edited_date":1782930588000,"Shape.STLength()":68.52453708916701}},{"type":"Feature","id":55,"geometry":{"type":"LineString","coordinates":[[-81.9743070820098,26.668545421115926],[-81.9743107680803,26.668415106168066]]},"properties":{"OBJECTID":55,"ANGLE":90,"BRIDGE_NUMBER":"49","TYPE":"D","INSPECTED_BY":"State","UNIT":"38","CANAL_NAME":"HERMOSA CANAL","PROXIMITY":"SANTA BARBARA BLVD N-NE 8TH TER-NE 9TH ST","REPORT_DATE":"2015","COMMENTS":"","INSPECTED":null,"INSP_FREQ":"2 Years","AbutmentType":"","ConditionGroup":"","DeckType":"","DeckWearingSurface":"","FeatureCrossed":"Canal","PierType":"","PredictionGroup":"","SpanType":"","Street":"SANTA BARBARA BLVD N","StructureType":"","UseType":"Vehicle","CartegraphID":"55","Structure_Num":"125664","Jurisdiction":"City","Width":null,"LocalName":"","NOTES":"","FunctionallyObsolete":"","StructurallyDeficient":"","ScourCritical":"","VerticalClearance":7.5,"Qualifying":"","Navigable":"","SufficiencyRating":93.2,"HealthIndex":88.96,"AADT":8200,"EstimatedOCR":"","EstimatedCCI":null,"EstimatedCCR":"","EstimatedOCI":null,"CurrentInspectionDate":null,"CurrentInspectionOCI":null,"CurrentInspectionOCR":null,"CurrentInspectionNotes":null,"CurrentInspectedby":null,"Installed":null,"Replaced":null,"Retired":null,"ActBefore":null,"GroundElevation":null,"CriticalityFactor":1,"DesignedLoadRating":null,"LoadRestricted":"","GlobalID":"{6298700B-67AC-4CD7-B0C5-C274CE4722FB}","created_user":null,"created_date":null,"last_edited_user":"cgcartegraphsync","last_edited_date":1783542430000,"Shape.STLength()":47.383395226583254}},{"type":"Feature","id":56,"geometry":{"type":"LineString","coordinates":[[-81.97406336565346,26.68944958098347],[-81.97406369318335,26.689289951451872]]},"properties":{"OBJECTID":56,"ANGLE":90,"BRIDGE_NUMBER":"21 w","TYPE":"D","INSPECTED_BY":"State","UNIT":"36-1","CANAL_NAME":"FRONTIER CANAL","PROXIMITY":"N.B. SANTA BARBARA BLVD N-NE 19TH TER-NE 20TH ST","REPORT_DATE":"2015","COMMENTS":"WEIR","INSPECTED":null,"INSP_FREQ":"2 Years","AbutmentType":"","ConditionGroup":"","DeckType":"","DeckWearingSurface":"","FeatureCrossed":"Canal","PierType":"","PredictionGroup":"","SpanType":"","Street":"SANTA BARBARA BLVD N","StructureType":"","UseType":"Vehicle","CartegraphID":"56","Structure_Num":"125665","Jurisdiction":"City","Width":null,"LocalName":"","NOTES":"","FunctionallyObsolete":"YES","StructurallyDeficient":"","ScourCritical":"","VerticalClearance":0,"Qualifying":"","Navigable":"NO","SufficiencyRating":72.9,"HealthIndex":99.74,"AADT":4400,"EstimatedOCR":"","EstimatedCCI":null,"EstimatedCCR":"","EstimatedOCI":null,"CurrentInspectionDate":null,"CurrentInspectionOCI":null,"CurrentInspectionOCR":null,"CurrentInspectionNotes":null,"CurrentInspectedby":null,"Installed":null,"Replaced":null,"Retired":null,"ActBefore":null,"GroundElevation":null,"CriticalityFactor":1,"DesignedLoadRating":null,"LoadRestricted":"","GlobalID":"{7DDEAF45-2D5B-437E-8B1A-829AF94E2CA8}","created_user":null,"created_date":null,"last_edited_user":"cgcartegraphsync","last_edited_date":1789496564000,"Shape.STLength()":58.02391208926406}},{"type":"Feature","id":57,"geometry":{"type":"LineString","coordinates":[[-81.97423085480109,26.68945603431407],[-81.97422623009645,26.689306450627367]]},"properties":{"OBJECTID":57,"ANGLE":90,"BRIDGE_NUMBER":"21 w","TYPE":"D","INSPECTED_BY":"State","UNIT":"39","CANAL_NAME":"FRONTIER CANAL","PROXIMITY":"S.B. SANTA BARBARA BLVD N-NW 20TH ST-NW 19TH TER","REPORT_DATE":"2015","COMMENTS":"WEIR","INSPECTED":null,"INSP_FREQ":"2 Years","AbutmentType":"","ConditionGroup":"","DeckType":"","DeckWearingSurface":"","FeatureCrossed":"Canal","PierType":"","PredictionGroup":"","SpanType":"","Street":"SANTA BARBARA BLVD N","StructureType":"","UseType":"Vehicle","CartegraphID":"57","Structure_Num":"125666","Jurisdiction":"City","Width":null,"LocalName":"","NOTES":"","FunctionallyObsolete":"YES","StructurallyDeficient":"","ScourCritical":"","VerticalClearance":0,"Qualifying":"","Navigable":"NO","SufficiencyRating":72.9,"HealthIndex":81.45,"AADT":4400,"EstimatedOCR":"","EstimatedCCI":null,"EstimatedCCR":"","EstimatedOCI":null,"CurrentInspectionDate":null,"CurrentInspectionOCI":null,"CurrentInspectionOCR":null,"CurrentInspectionNotes":null,"CurrentInspectedby":null,"Installed":null,"Replaced":null,"Retired":null,"ActBefore":null,"GroundElevation":null,"CriticalityFactor":1,"DesignedLoadRating":null,"LoadRestricted":"","GlobalID":"{D8108AD8-79DB-4DB2-BCEA-8C3F4AC2B214}","created_user":null,"created_date":null,"last_edited_user":"cgcartegraphsync","last_edited_date":1789496805000,"Shape.STLength()":54.393208399668914}},{"type":"Feature","id":58,"geometry":{"type":"LineString","coordinates":[[-81.965160498036,26.603508003818135],[-81.96507994334688,26.603508796418975]]},"properties":{"OBJECTID":58,"ANGLE":0,"BRIDGE_NUMBER":"1 w","TYPE":"C","INSPECTED_BY":"State","UNIT":"25","CANAL_NAME":"SAN CARLOS CANAL","PROXIMITY":"SE 26TH TER-KAMAL PKWY- ARCHER PKWY W","REPORT_DATE":"2015","COMMENTS":"WEIR 1","INSPECTED":null,"INSP_FREQ":"2 Years","AbutmentType":"","ConditionGroup":"","DeckType":"","DeckWearingSurface":"","FeatureCrossed":"Canal","PierType":"","PredictionGroup":"","SpanType":"","Street":"SE 26TH TER","StructureType":"","UseType":"Vehicle","CartegraphID":"58","Structure_Num":"125520","Jurisdiction":"City","Width":null,"LocalName":"","NOTES":"","FunctionallyObsolete":"","StructurallyDeficient":"","ScourCritical":"","VerticalClearance":0,"Qualifying":"","Navigable":"NO","SufficiencyRating":79.3,"HealthIndex":75.74,"AADT":1400,"EstimatedOCR":"","EstimatedCCI":null,"EstimatedCCR":"","EstimatedOCI":null,"CurrentInspectionDate":null,"CurrentInspectionOCI":null,"CurrentInspectionOCR":null,"CurrentInspectionNotes":null,"CurrentInspectedby":null,"Installed":null,"Replaced":null,"Retired":null,"ActBefore":null,"GroundElevation":null,"CriticalityFactor":1,"DesignedLoadRating":null,"LoadRestricted":"","GlobalID":"{8DA4F6B4-0634-4788-A984-E63830BD1F42}","created_user":null,"created_date":null,"last_edited_user":"cgcartegraphsync","last_edited_date":1773773228000,"Shape.STLength()":26.323125816264266}},{"type":"Feature","id":59,"geometry":{"type":"LineString","coordinates":[[-81.93536280075288,26.696276021256363],[-81.93509825496166,26.696275900579778]]},"properties":{"OBJECTID":59,"ANGLE":0,"BRIDGE_NUMBER":"21","TYPE":"D","INSPECTED_BY":"State","UNIT":"33","CANAL_NAME":"JAGUAR CANAL","PROXIMITY":"KISMET PKWY E-NE 19TH AVE-NE 19TH PL","REPORT_DATE":"2015","COMMENTS":"","INSPECTED":null,"INSP_FREQ":"2 Years","AbutmentType":"","ConditionGroup":"","DeckType":"","DeckWearingSurface":"","FeatureCrossed":"Canal","PierType":"","PredictionGroup":"","SpanType":"","Street":"KISMET PKWY E","StructureType":"","UseType":"Vehicle","CartegraphID":"59","Structure_Num":"125588","Jurisdiction":"City","Width":null,"LocalName":"","NOTES":"","FunctionallyObsolete":"","StructurallyDeficient":"","ScourCritical":"","VerticalClearance":7.3,"Qualifying":"","Navigable":"","SufficiencyRating":88.5,"HealthIndex":78.17,"AADT":5600,"EstimatedOCR":"","EstimatedCCI":null,"EstimatedCCR":"","EstimatedOCI":null,"CurrentInspectionDate":null,"CurrentInspectionOCI":null,"CurrentInspectionOCR":null,"CurrentInspectionNotes":null,"CurrentInspectedby":null,"Installed":null,"Replaced":null,"Retired":null,"ActBefore":null,"GroundElevation":null,"CriticalityFactor":1,"DesignedLoadRating":null,"LoadRestricted":"","GlobalID":"{1DFF3CF0-7712-43DB-B46D-8168D20CB1CC}","created_user":null,"created_date":null,"last_edited_user":"cgcartegraphsync","last_edited_date":1788958537000,"Shape.STLength()":86.37154641666665}},{"type":"Feature","id":60,"geometry":{"type":"LineString","coordinates":[[-81.96154682570749,26.69641809383923],[-81.96134409519239,26.696419830432298]]},"properties":{"OBJECTID":60,"ANGLE":1,"BRIDGE_NUMBER":"61","TYPE":"D","INSPECTED_BY":"State","UNIT":"36","CANAL_NAME":"EUREKA CANAL","PROXIMITY":"KISMET PKWY E-NE 5TH PL-NE 6TH AVE","REPORT_DATE":"2015","COMMENTS":"","INSPECTED":null,"INSP_FREQ":"2 Years","AbutmentType":"","ConditionGroup":"","DeckType":"","DeckWearingSurface":"","FeatureCrossed":"Canal","PierType":"","PredictionGroup":"","SpanType":"","Street":"KISMET PKWY E","StructureType":"","UseType":"Vehicle","CartegraphID":"60","Structure_Num":"125586","Jurisdiction":"City","Width":null,"LocalName":"","NOTES":"","FunctionallyObsolete":"","StructurallyDeficient":"","ScourCritical":"","VerticalClearance":7.9,"Qualifying":"","Navigable":"","SufficiencyRating":88,"HealthIndex":71.47,"AADT":6300,"EstimatedOCR":"","EstimatedCCI":null,"EstimatedCCR":"","EstimatedOCI":null,"CurrentInspectionDate":null,"CurrentInspectionOCI":null,"CurrentInspectionOCR":null,"CurrentInspectionNotes":null,"CurrentInspectedby":null,"Installed":null,"Replaced":null,"Retired":null,"ActBefore":null,"GroundElevation":null,"CriticalityFactor":1,"DesignedLoadRating":null,"LoadRestricted":"","GlobalID":"{C0641900-8931-4D59-AB3F-2972FC3B1863}","created_user":null,"created_date":null,"last_edited_user":"cgcartegraphsync","last_edited_date":1789497287000,"Shape.STLength()":66.19237585757018}},{"type":"Feature","id":61,"geometry":{"type":"LineString","coordinates":[[-81.98761627549668,26.69691152163251],[-81.98741606995137,26.696911504029753]]},"properties":{"OBJECTID":61,"ANGLE":0,"BRIDGE_NUMBER":"56","TYPE":"D","INSPECTED_BY":"State","UNIT":"39","CANAL_NAME":"LOCH NESS CANAL","PROXIMITY":"KISMET PKWY W-NW 6TH PL-NW 7TH AVE","REPORT_DATE":"2015","COMMENTS":"POA","INSPECTED":null,"INSP_FREQ":"2 Years","AbutmentType":"","ConditionGroup":"","DeckType":"","DeckWearingSurface":"","FeatureCrossed":"Canal","PierType":"","PredictionGroup":"","SpanType":"","Street":"KISMET PKWY W","StructureType":"","UseType":"Vehicle","CartegraphID":"61","Structure_Num":"125584","Jurisdiction":"City","Width":null,"LocalName":"","NOTES":"","FunctionallyObsolete":"","StructurallyDeficient":"","ScourCritical":"","VerticalClearance":7.6,"Qualifying":"","Navigable":"","SufficiencyRating":89.6,"HealthIndex":80.19,"AADT":4600,"EstimatedOCR":"","EstimatedCCI":null,"EstimatedCCR":"","EstimatedOCI":null,"CurrentInspectionDate":null,"CurrentInspectionOCI":null,"CurrentInspectionOCR":null,"CurrentInspectionNotes":null,"CurrentInspectedby":null,"Installed":null,"Replaced":null,"Retired":null,"ActBefore":null,"GroundElevation":null,"CriticalityFactor":1,"DesignedLoadRating":null,"LoadRestricted":"","GlobalID":"{7B5ED168-1301-4A92-810E-7AAA57465E51}","created_user":null,"created_date":null,"last_edited_user":"cgcartegraphsync","last_edited_date":1781641252000,"Shape.STLength()":65.36469866666665}},{"type":"Feature","id":62,"geometry":{"type":"LineString","coordinates":[[-81.99298150613696,26.69692961147557],[-81.99276853874485,26.69692566098155]]},"properties":{"OBJECTID":62,"ANGLE":359.5,"BRIDGE_NUMBER":"57","TYPE":"D","INSPECTED_BY":"State","UNIT":"42","CANAL_NAME":"ZANZIBAR CANAL","PROXIMITY":"KISMET PKWY W-NW 9TH AVE-NW 9TH PL","REPORT_DATE":"2015","COMMENTS":"","INSPECTED":null,"INSP_FREQ":"2 Years","AbutmentType":"","ConditionGroup":"","DeckType":"","DeckWearingSurface":"","FeatureCrossed":"Canal","PierType":"","PredictionGroup":"","SpanType":"","Street":"KISMET PKWY W","StructureType":"","UseType":"Vehicle","CartegraphID":"62","Structure_Num":"125582","Jurisdiction":"City","Width":null,"LocalName":"","NOTES":"","FunctionallyObsolete":"","StructurallyDeficient":"","ScourCritical":"","VerticalClearance":7.9,"Qualifying":"","Navigable":"","SufficiencyRating":88.3,"HealthIndex":80.67,"AADT":3400,"EstimatedOCR":"","EstimatedCCI":null,"EstimatedCCR":"","EstimatedOCI":null,"CurrentInspectionDate":null,"CurrentInspectionOCI":null,"CurrentInspectionOCR":null,"CurrentInspectionNotes":null,"CurrentInspectedby":null,"Installed":null,"Replaced":null,"Retired":null,"ActBefore":null,"GroundElevation":null,"CriticalityFactor":1,"DesignedLoadRating":null,"LoadRestricted":"","GlobalID":"{D1E92918-C30B-4265-A814-B1FAE1893364}","created_user":null,"created_date":null,"last_edited_user":"cgcartegraphsync","last_edited_date":1784746807000,"Shape.STLength()":69.5461031987304}},{"type":"Feature","id":63,"geometry":{"type":"LineString","coordinates":[[-82.0101997105543,26.606989790504077],[-82.00986486818832,26.606986506072598]]},"properties":{"OBJECTID":63,"ANGLE":0,"BRIDGE_NUMBER":"83","TYPE":"D","INSPECTED_BY":"County","UNIT":"71","CANAL_NAME":"PROGRESS CANAL","PROXIMITY":"VETERANS MEMORIAL PKWY-CHIQUITA BLVD S-SW 17TH PL","REPORT_DATE":"","COMMENTS":"","INSPECTED":null,"INSP_FREQ":"2 Years","AbutmentType":"","ConditionGroup":"","DeckType":"","DeckWearingSurface":"","FeatureCrossed":"Canal","PierType":"","PredictionGroup":"","SpanType":"","Street":"VETERANS MEMORIAL PKWY","StructureType":"","UseType":"Vehicle","CartegraphID":"63","Structure_Num":"125526","Jurisdiction":"County","Width":null,"LocalName":"","NOTES":"","FunctionallyObsolete":"","StructurallyDeficient":"","ScourCritical":"","VerticalClearance":8.3,"Qualifying":"","Navigable":"","SufficiencyRating":null,"HealthIndex":null,"AADT":20500,"EstimatedOCR":"","EstimatedCCI":null,"EstimatedCCR":"","EstimatedOCI":null,"CurrentInspectionDate":null,"CurrentInspectionOCI":null,"CurrentInspectionOCR":null,"CurrentInspectionNotes":null,"CurrentInspectedby":null,"Installed":null,"Replaced":null,"Retired":null,"ActBefore":null,"GroundElevation":null,"CriticalityFactor":1,"DesignedLoadRating":null,"LoadRestricted":"","GlobalID":"{C0197EFA-AD37-42FB-B7BC-9B7D83AE21E9}","created_user":null,"created_date":null,"last_edited_user":"cgCartegraphAdmin","last_edited_date":1601910483000,"Shape.STLength()":109.41419690934877}},{"type":"Feature","id":64,"geometry":{"type":"LineString","coordinates":[[-81.98559434291256,26.578106201512924],[-81.98539315017092,26.578103196104504]]},"properties":{"OBJECTID":64,"ANGLE":359.5,"BRIDGE_NUMBER":"7 w","TYPE":"D","INSPECTED_BY":"State","UNIT":"44","CANAL_NAME":"COURTNEY CANAL","PROXIMITY":"MOHAWK PKWY-SW 5TH AVE-SW 5TH PL","REPORT_DATE":"2015","COMMENTS":"WEIR 7","INSPECTED":null,"INSP_FREQ":"2 Years","AbutmentType":"","ConditionGroup":"","DeckType":"","DeckWearingSurface":"","FeatureCrossed":"Canal","PierType":"","PredictionGroup":"","SpanType":"","Street":"MOHAWK PKWY","StructureType":"","UseType":"Vehicle","CartegraphID":"64","Structure_Num":"125508","Jurisdiction":"City","Width":null,"LocalName":"","NOTES":"","FunctionallyObsolete":"","StructurallyDeficient":"","ScourCritical":"","VerticalClearance":0,"Qualifying":"","Navigable":"NO","SufficiencyRating":90.9,"HealthIndex":80.28,"AADT":2300,"EstimatedOCR":"","EstimatedCCI":null,"EstimatedCCR":"","EstimatedOCI":null,"CurrentInspectionDate":null,"CurrentInspectionOCI":null,"CurrentInspectionOCR":null,"CurrentInspectionNotes":null,"CurrentInspectedby":null,"Installed":null,"Replaced":null,"Retired":null,"ActBefore":null,"GroundElevation":null,"CriticalityFactor":1,"DesignedLoadRating":null,"LoadRestricted":"","GlobalID":"{E87FE887-7CF6-4CAE-9CFD-47F5FD38E85D}","created_user":null,"created_date":null,"last_edited_user":"cgcartegraphsync","last_edited_date":1775505092000,"Shape.STLength()":65.76406833987835}},{"type":"Feature","id":65,"geometry":{"type":"LineString","coordinates":[[-81.99020537009217,26.68952433077932],[-81.9902052677902,26.689287006109485]]},"properties":{"OBJECTID":65,"ANGLE":89,"BRIDGE_NUMBER":"55","TYPE":"B","INSPECTED_BY":"State","UNIT":"39","CANAL_NAME":"FRONTIER CANAL","PROXIMITY":"N.B. NELSON ROAD N-NW 19TH TER-NW 20TH ST","REPORT_DATE":"2015","COMMENTS":"POA","INSPECTED":null,"INSP_FREQ":"2 Years","AbutmentType":"","ConditionGroup":"","DeckType":"","DeckWearingSurface":"","FeatureCrossed":"Canal","PierType":"","PredictionGroup":"","SpanType":"","Street":"NELSON RD N","StructureType":"","UseType":"Vehicle","CartegraphID":"65","Structure_Num":"125678","Jurisdiction":"City","Width":null,"LocalName":"","NOTES":"","FunctionallyObsolete":"YES","StructurallyDeficient":"","ScourCritical":"","VerticalClearance":7.6,"Qualifying":"","Navigable":"","SufficiencyRating":87,"HealthIndex":98.1,"AADT":1700,"EstimatedOCR":"","EstimatedCCI":null,"EstimatedCCR":"","EstimatedOCI":null,"CurrentInspectionDate":null,"CurrentInspectionOCI":null,"CurrentInspectionOCR":null,"CurrentInspectionNotes":null,"CurrentInspectedby":null,"Installed":null,"Replaced":null,"Retired":null,"ActBefore":null,"GroundElevation":null,"CriticalityFactor":1,"DesignedLoadRating":null,"LoadRestricted":"","GlobalID":"{FCC2C98B-79C9-40F9-A82B-9DEE1DEEB701}","created_user":null,"created_date":null,"last_edited_user":"cgcartegraphsync","last_edited_date":1765396560000,"Shape.STLength()":86.26525670252613}},{"type":"Feature","id":66,"geometry":{"type":"LineString","coordinates":[[-81.99058584079872,26.66857849765691],[-81.99058882327544,26.66844740419789]]},"properties":{"OBJECTID":66,"ANGLE":89,"BRIDGE_NUMBER":"52","TYPE":"D","INSPECTED_BY":"State","UNIT":"38","CANAL_NAME":"HERMOSA CANAL","PROXIMITY":"N.B. NELSON RD N-NW 8TH TER-NW 9TH ST","REPORT_DATE":"2015","COMMENTS":"POA","INSPECTED":null,"INSP_FREQ":"2 Years","AbutmentType":"","ConditionGroup":"","DeckType":"","DeckWearingSurface":"","FeatureCrossed":"Canal","PierType":"","PredictionGroup":"","SpanType":"","Street":"NELSON RD N","StructureType":"","UseType":"Vehicle","CartegraphID":"66","Structure_Num":"125676","Jurisdiction":"City","Width":null,"LocalName":"","NOTES":"","FunctionallyObsolete":"YES","StructurallyDeficient":"","ScourCritical":"","VerticalClearance":7.9,"Qualifying":"","Navigable":"","SufficiencyRating":86.4,"HealthIndex":81.77,"AADT":1900,"EstimatedOCR":"","EstimatedCCI":null,"EstimatedCCR":"","EstimatedOCI":null,"CurrentInspectionDate":null,"CurrentInspectionOCI":null,"CurrentInspectionOCR":null,"CurrentInspectionNotes":null,"CurrentInspectedby":null,"Installed":null,"Replaced":null,"Retired":null,"ActBefore":null,"GroundElevation":null,"CriticalityFactor":1,"DesignedLoadRating":null,"LoadRestricted":"","GlobalID":"{7D24F232-9E8A-4E94-91D8-BE7F08C9C135}","created_user":null,"created_date":null,"last_edited_user":"cgcartegraphsync","last_edited_date":1784746967000,"Shape.STLength()":47.6610327660392}},{"type":"Feature","id":67,"geometry":{"type":"LineString","coordinates":[[-82.05569962757147,26.670968066392923],[-82.05570300009997,26.670773414472745]]},"properties":{"OBJECTID":67,"ANGLE":89.300003,"BRIDGE_NUMBER":"76","TYPE":"B","INSPECTED_BY":"State","UNIT":"60","CANAL_NAME":"HERMOSA CANAL","PROXIMITY":"N.B. OLD BURNT STORE ROAD N-WEST CAPE ESTATES CIR-YUCATAN PKWY","REPORT_DATE":"2015","COMMENTS":"POA","INSPECTED":null,"INSP_FREQ":"2 Years","AbutmentType":"","ConditionGroup":"","DeckType":"","DeckWearingSurface":"","FeatureCrossed":"Canal","PierType":"","PredictionGroup":"","SpanType":"","Street":"OLD BURNT STORE RD N","StructureType":"","UseType":"Vehicle","CartegraphID":"67","Structure_Num":"125734","Jurisdiction":"City","Width":null,"LocalName":"","NOTES":"","FunctionallyObsolete":"","StructurallyDeficient":"","ScourCritical":"","VerticalClearance":10,"Qualifying":"","Navigable":"","SufficiencyRating":97,"HealthIndex":97.63,"AADT":null,"EstimatedOCR":"","EstimatedCCI":null,"EstimatedCCR":"","EstimatedOCI":null,"CurrentInspectionDate":null,"CurrentInspectionOCI":null,"CurrentInspectionOCR":null,"CurrentInspectionNotes":null,"CurrentInspectedby":null,"Installed":null,"Replaced":null,"Retired":null,"ActBefore":null,"GroundElevation":null,"CriticalityFactor":1,"DesignedLoadRating":null,"LoadRestricted":"","GlobalID":"{4619F04F-AB5E-42FA-8A7B-958A5DCFFF57}","created_user":null,"created_date":null,"last_edited_user":"cgcartegraphsync","last_edited_date":1779302215000,"Shape.STLength()":70.76252584248567}},{"type":"Feature","id":68,"geometry":{"type":"LineString","coordinates":[[-82.05562730131953,26.678553935517392],[-82.05563030845433,26.678177089330873]]},"properties":{"OBJECTID":68,"ANGLE":89,"BRIDGE_NUMBER":"75","TYPE":"B","INSPECTED_BY":"State","UNIT":"60","CANAL_NAME":"HORSESHOE CANAL","PROXIMITY":"N.B. OLD BURNT STORE ROAD N-YUCATAN PKWY-GULFSTREAM PKWY","REPORT_DATE":"2015","COMMENTS":"POA","INSPECTED":null,"INSP_FREQ":"2 Years","AbutmentType":"","ConditionGroup":"","DeckType":"","DeckWearingSurface":"","FeatureCrossed":"Canal","PierType":"","PredictionGroup":"","SpanType":"","Street":"OLD BURNT STORE RD N","StructureType":"","UseType":"Vehicle","CartegraphID":"68","Structure_Num":"125736","Jurisdiction":"City","Width":null,"LocalName":"","NOTES":"","FunctionallyObsolete":"","StructurallyDeficient":"","ScourCritical":"","VerticalClearance":8.9,"Qualifying":"","Navigable":"","SufficiencyRating":97,"HealthIndex":97.96,"AADT":null,"EstimatedOCR":"","EstimatedCCI":null,"EstimatedCCR":"","EstimatedOCI":null,"CurrentInspectionDate":null,"CurrentInspectionOCI":null,"CurrentInspectionOCR":null,"CurrentInspectionNotes":null,"CurrentInspectedby":null,"Installed":null,"Replaced":null,"Retired":null,"ActBefore":null,"GroundElevation":null,"CriticalityFactor":1,"DesignedLoadRating":null,"LoadRestricted":"","GlobalID":"{4F2FCA01-AB45-48F5-8B95-28EC585DE863}","created_user":null,"created_date":null,"last_edited_user":"cgcartegraphsync","last_edited_date":1779302465000,"Shape.STLength()":136.98334546368253}},{"type":"Feature","id":69,"geometry":{"type":"LineString","coordinates":[[-82.05558801407619,26.688173965540468],[-82.05558790316567,26.687879043882585]]},"properties":{"OBJECTID":69,"ANGLE":90,"BRIDGE_NUMBER":"74","TYPE":"B","INSPECTED_BY":"State","UNIT":"61","CANAL_NAME":"GATOR SLOUGH CANAL","PROXIMITY":"N.B. OLD BURNT STORE ROAD N-GULFSTREAM PKWY-NW 19TH ST","REPORT_DATE":"2015","COMMENTS":"POA","INSPECTED":null,"INSP_FREQ":"2 Years","AbutmentType":"","ConditionGroup":"","DeckType":"","DeckWearingSurface":"","FeatureCrossed":"Canal","PierType":"","PredictionGroup":"","SpanType":"","Street":"OLD BURNT STORE RD N","StructureType":"","UseType":"Vehicle","CartegraphID":"69","Structure_Num":"125738","Jurisdiction":"City","Width":null,"LocalName":"","NOTES":"","FunctionallyObsolete":"YES","StructurallyDeficient":"","ScourCritical":"","VerticalClearance":8.9,"Qualifying":"","Navigable":"","SufficiencyRating":91,"HealthIndex":98.06,"AADT":null,"EstimatedOCR":"","EstimatedCCI":null,"EstimatedCCR":"","EstimatedOCI":null,"CurrentInspectionDate":null,"CurrentInspectionOCI":null,"CurrentInspectionOCR":null,"CurrentInspectionNotes":null,"CurrentInspectedby":null,"Installed":null,"Replaced":null,"Retired":null,"ActBefore":null,"GroundElevation":null,"CriticalityFactor":1,"DesignedLoadRating":null,"LoadRestricted":"","GlobalID":"{5968F778-9A21-48B4-B516-4F0AEB31B72B}","created_user":null,"created_date":null,"last_edited_user":"cgcartegraphsync","last_edited_date":1785872703000,"Shape.STLength()":107.2012296807559}},{"type":"Feature","id":70,"geometry":{"type":"LineString","coordinates":[[-82.05583985912747,26.65923662366131],[-82.05584171046021,26.659075497099376]]},"properties":{"OBJECTID":70,"ANGLE":89,"BRIDGE_NUMBER":"93(A)","TYPE":"B","INSPECTED_BY":"State","UNIT":"59","CANAL_NAME":"BONEFISH CANAL","PROXIMITY":"N.B. OLD BURNT STORE RD N-EMBERS PKWY W-TROPICANA PKWY W","REPORT_DATE":"2015","COMMENTS":"POA","INSPECTED":null,"INSP_FREQ":"2 Years","AbutmentType":"","ConditionGroup":"","DeckType":"","DeckWearingSurface":"","FeatureCrossed":"Canal","PierType":"","PredictionGroup":"","SpanType":"","Street":"OLD BURNT STORE RD N","StructureType":"","UseType":"Vehicle","CartegraphID":"70","Structure_Num":"125732","Jurisdiction":"City","Width":null,"LocalName":"","NOTES":"","FunctionallyObsolete":"YES","StructurallyDeficient":"","ScourCritical":"","VerticalClearance":9,"Qualifying":"","Navigable":"","SufficiencyRating":79,"HealthIndex":82.88,"AADT":null,"EstimatedOCR":"","EstimatedCCI":null,"EstimatedCCR":"","EstimatedOCI":null,"CurrentInspectionDate":null,"CurrentInspectionOCI":null,"CurrentInspectionOCR":null,"CurrentInspectionNotes":null,"CurrentInspectedby":null,"Installed":null,"Replaced":null,"Retired":null,"ActBefore":null,"GroundElevation":null,"CriticalityFactor":1,"DesignedLoadRating":null,"LoadRestricted":"","GlobalID":"{4A8771D7-F8D4-4A5B-B086-DF838A4B2C68}","created_user":null,"created_date":null,"last_edited_user":"cgcartegraphsync","last_edited_date":1787236306000,"Shape.STLength()":58.57085913745893}},{"type":"Feature","id":71,"geometry":{"type":"LineString","coordinates":[[-82.05588586832755,26.647087596030765],[-82.05588585852284,26.646939532301264]]},"properties":{"OBJECTID":71,"ANGLE":90,"BRIDGE_NUMBER":"93(B)","TYPE":"B","INSPECTED_BY":"State","UNIT":"58","CANAL_NAME":"ROSEMARY LAKE","PROXIMITY":"N.B. OLD BURNT STORE RD S-CEITUS PKWY-SW 2ND ST","REPORT_DATE":"2015","COMMENTS":"POA","INSPECTED":null,"INSP_FREQ":"2 Years","AbutmentType":"","ConditionGroup":"","DeckType":"","DeckWearingSurface":"","FeatureCrossed":"Canal","PierType":"","PredictionGroup":"","SpanType":"","Street":"OLD BURNT STORE RD S","StructureType":"","UseType":"Vehicle","CartegraphID":"71","Structure_Num":"125730","Jurisdiction":"City","Width":null,"LocalName":"","NOTES":"","FunctionallyObsolete":"YES","StructurallyDeficient":"","ScourCritical":"","VerticalClearance":9,"Qualifying":"","Navigable":"","SufficiencyRating":85.9,"HealthIndex":97.84,"AADT":600,"EstimatedOCR":"","EstimatedCCI":null,"EstimatedCCR":"","EstimatedOCI":null,"CurrentInspectionDate":null,"CurrentInspectionOCI":null,"CurrentInspectionOCR":null,"CurrentInspectionNotes":null,"CurrentInspectedby":null,"Installed":null,"Replaced":null,"Retired":null,"ActBefore":null,"GroundElevation":null,"CriticalityFactor":1,"DesignedLoadRating":null,"LoadRestricted":"","GlobalID":"{C89EAD8F-5AAB-461E-9BE4-8F8BEBC12412}","created_user":null,"created_date":null,"last_edited_user":"cgcartegraphsync","last_edited_date":1785436379000,"Shape.STLength()":53.819450010658706}},{"type":"Feature","id":72,"geometry":{"type":"LineString","coordinates":[[-82.03160440219925,26.566917847352496],[-82.03160538857128,26.566726453866607]]},"properties":{"OBJECTID":72,"ANGLE":90,"BRIDGE_NUMBER":"88","TYPE":"B","INSPECTED_BY":"State","UNIT":"73","CANAL_NAME":"MAXWELL CANAL","PROXIMITY":"N.B. SANDS BLVD-SW 46TH ST-SW 45TH ST","REPORT_DATE":"2015","COMMENTS":"POA","INSPECTED":null,"INSP_FREQ":"2 Years","AbutmentType":"","ConditionGroup":"","DeckType":"","DeckWearingSurface":"","FeatureCrossed":"Canal","PierType":"","PredictionGroup":"","SpanType":"","Street":"SANDS BLVD","StructureType":"","UseType":"Vehicle","CartegraphID":"72","Structure_Num":"125720","Jurisdiction":"City","Width":null,"LocalName":"","NOTES":"","FunctionallyObsolete":"","StructurallyDeficient":"","ScourCritical":"","VerticalClearance":8.9,"Qualifying":"","Navigable":"","SufficiencyRating":95.9,"HealthIndex":99.33,"AADT":2400,"EstimatedOCR":"","EstimatedCCI":null,"EstimatedCCR":"","EstimatedOCI":null,"CurrentInspectionDate":null,"CurrentInspectionOCI":null,"CurrentInspectionOCR":null,"CurrentInspectionNotes":null,"CurrentInspectedby":null,"Installed":null,"Replaced":null,"Retired":null,"ActBefore":null,"GroundElevation":null,"CriticalityFactor":1,"DesignedLoadRating":null,"LoadRestricted":"","GlobalID":"{4CD93DC1-8AB1-4EA3-A90D-699D46024D44}","created_user":null,"created_date":null,"last_edited_user":"cgcartegraphsync","last_edited_date":1786559689000,"Shape.STLength()":69.56925912985368}},{"type":"Feature","id":73,"geometry":{"type":"LineString","coordinates":[[-82.03159617050065,26.556270050244187],[-82.03159436324108,26.556055228090617]]},"properties":{"OBJECTID":73,"ANGLE":90,"BRIDGE_NUMBER":"86","TYPE":"B","INSPECTED_BY":"State","UNIT":"72","CANAL_NAME":"ETERNITY CANAL","PROXIMITY":"N.B. SANDS BLVD-SW 52ND ST-SW 51ST ST","REPORT_DATE":"2015","COMMENTS":"POA","INSPECTED":null,"INSP_FREQ":"2 Years","AbutmentType":"","ConditionGroup":"","DeckType":"","DeckWearingSurface":"","FeatureCrossed":"Canal","PierType":"","PredictionGroup":"","SpanType":"","Street":"SANDS BLVD","StructureType":"","UseType":"Vehicle","CartegraphID":"73","Structure_Num":"125718","Jurisdiction":"City","Width":null,"LocalName":"","NOTES":"","FunctionallyObsolete":"","StructurallyDeficient":"","ScourCritical":"","VerticalClearance":8.9,"Qualifying":"","Navigable":"","SufficiencyRating":96,"HealthIndex":84.76,"AADT":2100,"EstimatedOCR":"","EstimatedCCI":null,"EstimatedCCR":"","EstimatedOCI":null,"CurrentInspectionDate":null,"CurrentInspectionOCI":null,"CurrentInspectionOCR":null,"CurrentInspectionNotes":null,"CurrentInspectedby":null,"Installed":null,"Replaced":null,"Retired":null,"ActBefore":null,"GroundElevation":null,"CriticalityFactor":1,"DesignedLoadRating":null,"LoadRestricted":"","GlobalID":"{6AED44E8-F8F1-4DD7-987F-7A3EA52DDA81}","created_user":null,"created_date":null,"last_edited_user":"cgcartegraphsync","last_edited_date":1787855584000,"Shape.STLength()":78.0865810297746}},{"type":"Feature","id":74,"geometry":{"type":"LineString","coordinates":[[-81.96178933128989,26.670793048638252],[-81.96157468984698,26.670794260700404]]},"properties":{"OBJECTID":74,"ANGLE":0,"BRIDGE_NUMBER":"48","TYPE":"C","INSPECTED_BY":"State","UNIT":"34","CANAL_NAME":"FAIRMONT CANAL","PROXIMITY":"NE 10TH ST-NE 5TH PL-NE 6TH AVE","REPORT_DATE":"2015","COMMENTS":"POA","INSPECTED":null,"INSP_FREQ":"2 Years","AbutmentType":"","ConditionGroup":"","DeckType":"","DeckWearingSurface":"","FeatureCrossed":"Canal","PierType":"","PredictionGroup":"","SpanType":"","Street":"NE 10TH ST","StructureType":"","UseType":"Vehicle","CartegraphID":"74","Structure_Num":"125572","Jurisdiction":"City","Width":null,"LocalName":"","NOTES":"","FunctionallyObsolete":"","StructurallyDeficient":"","ScourCritical":"","VerticalClearance":8,"Qualifying":"","Navigable":"","SufficiencyRating":94.3,"HealthIndex":82.73,"AADT":null,"EstimatedOCR":"","EstimatedCCI":null,"EstimatedCCR":"","EstimatedOCI":null,"CurrentInspectionDate":null,"CurrentInspectionOCI":null,"CurrentInspectionOCR":null,"CurrentInspectionNotes":null,"CurrentInspectedby":null,"Installed":null,"Replaced":null,"Retired":null,"ActBefore":null,"GroundElevation":null,"CriticalityFactor":1,"DesignedLoadRating":null,"LoadRestricted":"","GlobalID":"{D205B86D-68AC-4F50-9E1B-2E3C372375AB}","created_user":null,"created_date":null,"last_edited_user":"cgcartegraphsync","last_edited_date":1776277165000,"Shape.STLength()":70.09521183090094}},{"type":"Feature","id":75,"geometry":{"type":"LineString","coordinates":[[-81.947224056604,26.67412975277824],[-81.94722697105037,26.673924881476992]]},"properties":{"OBJECTID":75,"ANGLE":90,"BRIDGE_NUMBER":"18","TYPE":"C","INSPECTED_BY":"State","UNIT":"31","CANAL_NAME":"BAL MORAL CANAL","PROXIMITY":"NE 13TH AVE-NE 11TH TER-NE 12TH ST","REPORT_DATE":"2019","COMMENTS":"POA","INSPECTED":1573516800000,"INSP_FREQ":"2 Years","AbutmentType":"","ConditionGroup":"","DeckType":"Precast Concrete","DeckWearingSurface":"Bituminous","FeatureCrossed":"Canal","PierType":"","PredictionGroup":"","SpanType":"","Street":"NE 13TH AVE","StructureType":"Concrete Slab","UseType":"Vehicle","CartegraphID":"75","Structure_Num":"125632","Jurisdiction":"City","Width":null,"LocalName":"","NOTES":"","FunctionallyObsolete":"NO","StructurallyDeficient":"NO","ScourCritical":"NO","VerticalClearance":7.9,"Qualifying":"","Navigable":"","SufficiencyRating":95.2,"HealthIndex":95.93,"AADT":null,"EstimatedOCR":"","EstimatedCCI":null,"EstimatedCCR":"","EstimatedOCI":null,"CurrentInspectionDate":null,"CurrentInspectionOCI":null,"CurrentInspectionOCR":"","CurrentInspectionNotes":"","CurrentInspectedby":"","Installed":-2209161600000,"Replaced":null,"Retired":null,"ActBefore":null,"GroundElevation":null,"CriticalityFactor":1,"DesignedLoadRating":null,"LoadRestricted":"","GlobalID":"{B8374A87-4BCA-4206-A316-45560FC57962}","created_user":null,"created_date":null,"last_edited_user":"cgcartegraphsync","last_edited_date":1790139692000,"Shape.STLength()":74.47470534384499}},{"type":"Feature","id":76,"geometry":{"type":"LineString","coordinates":[[-81.96416314031205,26.68072399890075],[-81.96416445833967,26.680605713601036]]},"properties":{"OBJECTID":76,"ANGLE":90,"BRIDGE_NUMBER":"59","TYPE":"C","INSPECTED_BY":"State","UNIT":"34","CANAL_NAME":"VALENCIA CANAL","PROXIMITY":"NE 4TH PL-NE 15TH ST-NE 15TH TER","REPORT_DATE":"2015","COMMENTS":"POA","INSPECTED":null,"INSP_FREQ":"2 Years","AbutmentType":"","ConditionGroup":"","DeckType":"","DeckWearingSurface":"","FeatureCrossed":"Canal","PierType":"","PredictionGroup":"","SpanType":"","Street":"NE 4TH PL","StructureType":"","UseType":"Vehicle","CartegraphID":"76","Structure_Num":"125652","Jurisdiction":"City","Width":null,"LocalName":"","NOTES":"","FunctionallyObsolete":"","StructurallyDeficient":"","ScourCritical":"","VerticalClearance":8.9,"Qualifying":"","Navigable":"","SufficiencyRating":91.9,"HealthIndex":99.82,"AADT":null,"EstimatedOCR":"","EstimatedCCI":null,"EstimatedCCR":"","EstimatedOCI":null,"CurrentInspectionDate":null,"CurrentInspectionOCI":null,"CurrentInspectionOCR":null,"CurrentInspectionNotes":null,"CurrentInspectedby":null,"Installed":null,"Replaced":null,"Retired":null,"ActBefore":null,"GroundElevation":null,"CriticalityFactor":1,"DesignedLoadRating":null,"LoadRestricted":"","GlobalID":"{192287E0-1EB6-4313-BCAA-FCD368F60088}","created_user":null,"created_date":null,"last_edited_user":"cgcartegraphsync","last_edited_date":1789496446000,"Shape.STLength()":42.99768372696427}},{"type":"Feature","id":77,"geometry":{"type":"LineString","coordinates":[[-81.96147378263478,26.7025849404813],[-81.96129191497656,26.702582980227366]]},"properties":{"OBJECTID":77,"ANGLE":0,"BRIDGE_NUMBER":"62","TYPE":"B","INSPECTED_BY":"State","UNIT":"36","CANAL_NAME":"EUREKA CANAL","PROXIMITY":"NE 27TH TER-NE 5TH PL-NE 6TH AVE","REPORT_DATE":"2015","COMMENTS":"POA","INSPECTED":null,"INSP_FREQ":"2 Years","AbutmentType":"","ConditionGroup":"","DeckType":"","DeckWearingSurface":"","FeatureCrossed":"Canal","PierType":"","PredictionGroup":"","SpanType":"","Street":"NE 27TH TER","StructureType":"","UseType":"Vehicle","CartegraphID":"77","Structure_Num":"125592","Jurisdiction":"City","Width":null,"LocalName":"","NOTES":"","FunctionallyObsolete":"","StructurallyDeficient":"","ScourCritical":"","VerticalClearance":7.9,"Qualifying":"","Navigable":"","SufficiencyRating":96.2,"HealthIndex":76.74,"AADT":null,"EstimatedOCR":"","EstimatedCCI":null,"EstimatedCCR":"","EstimatedOCI":null,"CurrentInspectionDate":null,"CurrentInspectionOCI":null,"CurrentInspectionOCR":null,"CurrentInspectionNotes":null,"CurrentInspectedby":null,"Installed":null,"Replaced":null,"Retired":null,"ActBefore":null,"GroundElevation":null,"CriticalityFactor":1,"DesignedLoadRating":null,"LoadRestricted":"","GlobalID":"{F7DB33B8-68A7-4656-9F28-839E55A7ED7A}","created_user":null,"created_date":null,"last_edited_user":"cgcartegraphsync","last_edited_date":1776710238000,"Shape.STLength()":59.37894346071759}},{"type":"Feature","id":78,"geometry":{"type":"LineString","coordinates":[[-81.93285207673685,26.703579373338876],[-81.93265992444678,26.703579113535547]]},"properties":{"OBJECTID":78,"ANGLE":0,"BRIDGE_NUMBER":"22","TYPE":"B","INSPECTED_BY":"State","UNIT":"33","CANAL_NAME":"SUWANEE CANAL","PROXIMITY":"NE 28TH ST-NE 20TH PL-NE 20TH CT","REPORT_DATE":"2015","COMMENTS":"","INSPECTED":null,"INSP_FREQ":"2 Years","AbutmentType":"","ConditionGroup":"","DeckType":"","DeckWearingSurface":"","FeatureCrossed":"Canal","PierType":"","PredictionGroup":"","SpanType":"","Street":"NE 28TH ST","StructureType":"","UseType":"Vehicle","CartegraphID":"78","Structure_Num":"125594","Jurisdiction":"City","Width":null,"LocalName":"","NOTES":"","FunctionallyObsolete":"","StructurallyDeficient":"","ScourCritical":"","VerticalClearance":7.3,"Qualifying":"","Navigable":"","SufficiencyRating":85.6,"HealthIndex":72.69,"AADT":null,"EstimatedOCR":"","EstimatedCCI":null,"EstimatedCCR":"","EstimatedOCI":null,"CurrentInspectionDate":null,"CurrentInspectionOCI":null,"CurrentInspectionOCR":null,"CurrentInspectionNotes":null,"CurrentInspectedby":null,"Installed":null,"Replaced":null,"Retired":null,"ActBefore":null,"GroundElevation":null,"CriticalityFactor":1,"DesignedLoadRating":null,"LoadRestricted":"","GlobalID":"{0360CB20-E6AE-4F37-B113-3D43A0A9E448}","created_user":null,"created_date":null,"last_edited_user":"cgcartegraphsync","last_edited_date":1788958379000,"Shape.STLength()":62.73185991751218}},{"type":"Feature","id":79,"geometry":{"type":"LineString","coordinates":[[-81.96918178682867,26.66319443591067],[-81.96918319130765,26.663029664858684]]},"properties":{"OBJECTID":79,"ANGLE":90,"BRIDGE_NUMBER":"46","TYPE":"C","INSPECTED_BY":"State","UNIT":"35","CANAL_NAME":"VERMONT CANAL","PROXIMITY":"NE 2ND PL-NE 5TH TER-NE 6TH ST","REPORT_DATE":"2015","COMMENTS":"POA","INSPECTED":null,"INSP_FREQ":"2 Years","AbutmentType":"","ConditionGroup":"","DeckType":"","DeckWearingSurface":"","FeatureCrossed":"Canal","PierType":"","PredictionGroup":"","SpanType":"","Street":"NE 2ND PL","StructureType":"","UseType":"Vehicle","CartegraphID":"79","Structure_Num":"125656","Jurisdiction":"City","Width":null,"LocalName":"","NOTES":"","FunctionallyObsolete":"","StructurallyDeficient":"","ScourCritical":"","VerticalClearance":8,"Qualifying":"","Navigable":"","SufficiencyRating":95.2,"HealthIndex":81.08,"AADT":null,"EstimatedOCR":"","EstimatedCCI":null,"EstimatedCCR":"","EstimatedOCI":null,"CurrentInspectionDate":null,"CurrentInspectionOCI":null,"CurrentInspectionOCR":null,"CurrentInspectionNotes":null,"CurrentInspectedby":null,"Installed":null,"Replaced":null,"Retired":null,"ActBefore":null,"GroundElevation":null,"CriticalityFactor":1,"DesignedLoadRating":null,"LoadRestricted":"","GlobalID":"{8D287F45-1E17-486B-894C-12810CE95BAB}","created_user":null,"created_date":null,"last_edited_user":"cgcartegraphsync","last_edited_date":1776277020000,"Shape.STLength()":59.89424414049032}},{"type":"Feature","id":80,"geometry":{"type":"LineString","coordinates":[[-81.96380594354001,26.710257994733393],[-81.96380807354552,26.710123200888304]]},"properties":{"OBJECTID":80,"ANGLE":90,"BRIDGE_NUMBER":"63","TYPE":"C","INSPECTED_BY":"State","UNIT":"36","CANAL_NAME":"MONTEZUMA CANAL","PROXIMITY":"NE 4TH PL-NE 31ST ST-NE 31ST TER","REPORT_DATE":"2015","COMMENTS":"POA","INSPECTED":null,"INSP_FREQ":"2 Years","AbutmentType":"","ConditionGroup":"","DeckType":"","DeckWearingSurface":"","FeatureCrossed":"Canal","PierType":"","PredictionGroup":"","SpanType":"","Street":"NE 4TH PL","StructureType":"","UseType":"Vehicle","CartegraphID":"80","Structure_Num":"125654","Jurisdiction":"City","Width":null,"LocalName":"","NOTES":"","FunctionallyObsolete":"","StructurallyDeficient":"","ScourCritical":"","VerticalClearance":7.9,"Qualifying":"","Navigable":"","SufficiencyRating":96.2,"HealthIndex":99.23,"AADT":null,"EstimatedOCR":"","EstimatedCCI":null,"EstimatedCCR":"","EstimatedOCI":null,"CurrentInspectionDate":null,"CurrentInspectionOCI":null,"CurrentInspectionOCR":null,"CurrentInspectionNotes":null,"CurrentInspectedby":null,"Installed":null,"Replaced":null,"Retired":null,"ActBefore":null,"GroundElevation":null,"CriticalityFactor":1,"DesignedLoadRating":null,"LoadRestricted":"","GlobalID":"{C35ACA91-3AB1-4FA3-ACBC-31D3FBFE36C7}","created_user":null,"created_date":null,"last_edited_user":"cgcartegraphsync","last_edited_date":1776710462000,"Shape.STLength()":49.001359484665926}},{"type":"Feature","id":81,"geometry":{"type":"LineString","coordinates":[[-81.95481901503022,26.71460815675247],[-81.95473559284213,26.714607427053984]]},"properties":{"OBJECTID":81,"ANGLE":0,"BRIDGE_NUMBER":"95","TYPE":"C","INSPECTED_BY":"City","UNIT":"84","CANAL_NAME":"DE NAVARRA CANAL","PROXIMITY":"NE 32ND LN-NE 9TH AVE-NE 9TH PL","REPORT_DATE":"2008","COMMENTS":"","INSPECTED":null,"INSP_FREQ":"2 Years","AbutmentType":"","ConditionGroup":"","DeckType":"","DeckWearingSurface":"","FeatureCrossed":"Canal","PierType":"","PredictionGroup":"","SpanType":"","Street":"NE 32ND LN","StructureType":"","UseType":"Vehicle","CartegraphID":"81","Structure_Num":"13","Jurisdiction":"City","Width":null,"LocalName":"","NOTES":"","FunctionallyObsolete":"","StructurallyDeficient":"","ScourCritical":"","VerticalClearance":7.6,"Qualifying":"NO","Navigable":"","SufficiencyRating":81.5,"HealthIndex":null,"AADT":null,"EstimatedOCR":"","EstimatedCCI":null,"EstimatedCCR":"","EstimatedOCI":null,"CurrentInspectionDate":null,"CurrentInspectionOCI":null,"CurrentInspectionOCR":null,"CurrentInspectionNotes":null,"CurrentInspectedby":null,"Installed":null,"Replaced":null,"Retired":null,"ActBefore":null,"GroundElevation":null,"CriticalityFactor":1,"DesignedLoadRating":null,"LoadRestricted":"","GlobalID":"{A3DB48AA-47AD-4E98-A7D9-BB08695639E4}","created_user":null,"created_date":null,"last_edited_user":"cgcartegraphsync","last_edited_date":1776970293000,"Shape.STLength()":27.233428279758932}},{"type":"Feature","id":82,"geometry":{"type":"LineString","coordinates":[[-81.93042197566632,26.719028982798804],[-81.9303134732346,26.719028987322055]]},"properties":{"OBJECTID":82,"ANGLE":0,"BRIDGE_NUMBER":"101","TYPE":"C","INSPECTED_BY":"City","UNIT":"85","CANAL_NAME":"DENNIS CANAL","PROXIMITY":"NE 34TH TER-NE 21ST AVE-NE 21ST PL","REPORT_DATE":"2008","COMMENTS":"","INSPECTED":null,"INSP_FREQ":"2 Years","AbutmentType":"","ConditionGroup":"","DeckType":"","DeckWearingSurface":"","FeatureCrossed":"Canal","PierType":"","PredictionGroup":"","SpanType":"","Street":"NE 34TH TER","StructureType":"","UseType":"Vehicle","CartegraphID":"82","Structure_Num":"125400","Jurisdiction":"City","Width":null,"LocalName":"","NOTES":"","FunctionallyObsolete":"","StructurallyDeficient":"","ScourCritical":"","VerticalClearance":7.9,"Qualifying":"NO","Navigable":"","SufficiencyRating":79.7,"HealthIndex":null,"AADT":null,"EstimatedOCR":"","EstimatedCCI":null,"EstimatedCCR":"","EstimatedOCI":null,"CurrentInspectionDate":null,"CurrentInspectionOCI":null,"CurrentInspectionOCR":null,"CurrentInspectionNotes":null,"CurrentInspectedby":null,"Installed":null,"Replaced":null,"Retired":null,"ActBefore":null,"GroundElevation":null,"CriticalityFactor":1,"DesignedLoadRating":null,"LoadRestricted":"","GlobalID":"{582C5DA0-7210-43B7-B891-2C5B340FA454}","created_user":null,"created_date":null,"last_edited_user":"cgcartegraphsync","last_edited_date":1776797532000,"Shape.STLength()":35.41791439074921}},{"type":"Feature","id":83,"geometry":{"type":"LineString","coordinates":[[-81.96805702351577,26.689170427466642],[-81.96805627630368,26.689118627583237]]},"properties":{"OBJECTID":83,"ANGLE":90,"BRIDGE_NUMBER":"60","TYPE":"C","INSPECTED_BY":"City","UNIT":"36-1","CANAL_NAME":"FRONTIER CANAL","PROXIMITY":"NE 3RD AVE-NE 19TH TER-NE 20TH ST","REPORT_DATE":"2008","COMMENTS":"","INSPECTED":null,"INSP_FREQ":"2 Years","AbutmentType":"","ConditionGroup":"","DeckType":"","DeckWearingSurface":"","FeatureCrossed":"Canal","PierType":"","PredictionGroup":"","SpanType":"","Street":"NE 3RD AVE","StructureType":"","UseType":"Vehicle","CartegraphID":"83","Structure_Num":"11","Jurisdiction":"City","Width":null,"LocalName":"","NOTES":"","FunctionallyObsolete":"","StructurallyDeficient":"","ScourCritical":"","VerticalClearance":7.9,"Qualifying":"NO","Navigable":"","SufficiencyRating":92.2,"HealthIndex":null,"AADT":null,"EstimatedOCR":"","EstimatedCCI":null,"EstimatedCCR":"","EstimatedOCI":null,"CurrentInspectionDate":null,"CurrentInspectionOCI":null,"CurrentInspectionOCR":null,"CurrentInspectionNotes":null,"CurrentInspectedby":null,"Installed":null,"Replaced":null,"Retired":null,"ActBefore":null,"GroundElevation":null,"CriticalityFactor":1,"DesignedLoadRating":null,"LoadRestricted":"","GlobalID":"{B29EF93E-5905-453C-8414-EF4AED4DDF64}","created_user":null,"created_date":null,"last_edited_user":"cgcartegraphsync","last_edited_date":1789497091000,"Shape.STLength()":18.8303447430038}},{"type":"Feature","id":84,"geometry":{"type":"LineString","coordinates":[[-81.92870494099643,26.737948014894847],[-81.92863114022076,26.73798281213499]]},"properties":{"OBJECTID":84,"ANGLE":159,"BRIDGE_NUMBER":"106","TYPE":"C","INSPECTED_BY":"City","UNIT":"88","CANAL_NAME":"EDELWEISS CANAL","PROXIMITY":"NE 43RD LN-NE 23RD AVE-NE 23RD PL","REPORT_DATE":"2008","COMMENTS":"","INSPECTED":null,"INSP_FREQ":"2 Years","AbutmentType":"","ConditionGroup":"","DeckType":"","DeckWearingSurface":"","FeatureCrossed":"Canal","PierType":"","PredictionGroup":"","SpanType":"","Street":"NE 43RD LN","StructureType":"","UseType":"Vehicle","CartegraphID":"84","Structure_Num":"125606","Jurisdiction":"City","Width":null,"LocalName":"","NOTES":"","FunctionallyObsolete":"","StructurallyDeficient":"","ScourCritical":"","VerticalClearance":7.6,"Qualifying":"NO","Navigable":"","SufficiencyRating":78,"HealthIndex":null,"AADT":null,"EstimatedOCR":"","EstimatedCCI":null,"EstimatedCCR":"","EstimatedOCI":null,"CurrentInspectionDate":null,"CurrentInspectionOCI":null,"CurrentInspectionOCR":null,"CurrentInspectionNotes":null,"CurrentInspectedby":null,"Installed":null,"Replaced":null,"Retired":null,"ActBefore":null,"GroundElevation":null,"CriticalityFactor":1,"DesignedLoadRating":null,"LoadRestricted":"","GlobalID":"{DC6B8E36-F138-4A8D-92DD-3F20CDA07FE5}","created_user":null,"created_date":null,"last_edited_user":"cgcartegraphsync","last_edited_date":1776797326000,"Shape.STLength()":27.20555957716253}},{"type":"Feature","id":85,"geometry":{"type":"LineString","coordinates":[[-81.95092618490811,26.73842289985713],[-81.95088829656969,26.738358378095157]]},"properties":{"OBJECTID":85,"ANGLE":72,"BRIDGE_NUMBER":"104","TYPE":"C","INSPECTED_BY":"City","UNIT":"87","CANAL_NAME":"EISENHOWER CANAL","PROXIMITY":"NE CONNECTION AVE-NE 44TH ST-NE 44TH LN","REPORT_DATE":"2008","COMMENTS":"","INSPECTED":null,"INSP_FREQ":"2 Years","AbutmentType":"","ConditionGroup":"","DeckType":"","DeckWearingSurface":"","FeatureCrossed":"Canal","PierType":"","PredictionGroup":"","SpanType":"","Street":"NE CONNECTION AVE","StructureType":"","UseType":"Vehicle","CartegraphID":"85","Structure_Num":"3","Jurisdiction":"City","Width":null,"LocalName":"","NOTES":"","FunctionallyObsolete":"","StructurallyDeficient":"","ScourCritical":"","VerticalClearance":7.9,"Qualifying":"NO","Navigable":"","SufficiencyRating":78,"HealthIndex":null,"AADT":null,"EstimatedOCR":"","EstimatedCCI":null,"EstimatedCCR":"","EstimatedOCI":null,"CurrentInspectionDate":null,"CurrentInspectionOCI":null,"CurrentInspectionOCR":null,"CurrentInspectionNotes":null,"CurrentInspectedby":null,"Installed":null,"Replaced":null,"Retired":null,"ActBefore":null,"GroundElevation":null,"CriticalityFactor":1,"DesignedLoadRating":null,"LoadRestricted":"","GlobalID":"{6CD51A6A-AD56-44BF-B14F-75E931C1934F}","created_user":null,"created_date":null,"last_edited_user":"cgcartegraphsync","last_edited_date":1776796856000,"Shape.STLength()":26.513419519416072}},{"type":"Feature","id":86,"geometry":{"type":"LineString","coordinates":[[-81.98096315925099,26.671594929666146],[-81.98086819363243,26.671593151437015]]},"properties":{"OBJECTID":86,"ANGLE":0,"BRIDGE_NUMBER":"51","TYPE":"C","INSPECTED_BY":"State","UNIT":"38","CANAL_NAME":"QUANTICO CANAL","PROXIMITY":"NW 10TH TER-NW 3RD AVE-NW 3RD PL","REPORT_DATE":"2015","COMMENTS":"POA","INSPECTED":null,"INSP_FREQ":"2 Years","AbutmentType":"","ConditionGroup":"","DeckType":"","DeckWearingSurface":"","FeatureCrossed":"Canal","PierType":"","PredictionGroup":"","SpanType":"","Street":"NW 10TH TER","StructureType":"","UseType":"Vehicle","CartegraphID":"86","Structure_Num":"125570","Jurisdiction":"City","Width":null,"LocalName":"","NOTES":"","FunctionallyObsolete":"","StructurallyDeficient":"","ScourCritical":"","VerticalClearance":8,"Qualifying":"","Navigable":"","SufficiencyRating":98,"HealthIndex":93.09,"AADT":null,"EstimatedOCR":"","EstimatedCCI":null,"EstimatedCCR":"","EstimatedOCI":null,"CurrentInspectionDate":null,"CurrentInspectionOCI":null,"CurrentInspectionOCR":null,"CurrentInspectionNotes":null,"CurrentInspectedby":null,"Installed":null,"Replaced":null,"Retired":null,"ActBefore":null,"GroundElevation":null,"CriticalityFactor":1,"DesignedLoadRating":null,"LoadRestricted":"","GlobalID":"{BFB800C8-C1A1-4BCF-8012-56CBEAA81A1E}","created_user":null,"created_date":null,"last_edited_user":"cgcartegraphsync","last_edited_date":1777315211000,"Shape.STLength()":31.01871602273326}},{"type":"Feature","id":87,"geometry":{"type":"LineString","coordinates":[[-81.99326987390836,26.673309060704142],[-81.99317338648535,26.673309148165217]]},"properties":{"OBJECTID":87,"ANGLE":0,"BRIDGE_NUMBER":"53","TYPE":"C","INSPECTED_BY":"State","UNIT":"41","CANAL_NAME":"GAVIOTA CANAL","PROXIMITY":"NW 11TH TER-NW 9TH AVE-NW 9TH PL","REPORT_DATE":"2015","COMMENTS":"POA","INSPECTED":null,"INSP_FREQ":"2 Years","AbutmentType":"","ConditionGroup":"","DeckType":"","DeckWearingSurface":"","FeatureCrossed":"Canal","PierType":"","PredictionGroup":"","SpanType":"","Street":"NW 11TH TER","StructureType":"","UseType":"Vehicle","CartegraphID":"87","Structure_Num":"125574","Jurisdiction":"City","Width":null,"LocalName":"","NOTES":"","FunctionallyObsolete":"","StructurallyDeficient":"","ScourCritical":"","VerticalClearance":7.9,"Qualifying":"","Navigable":"","SufficiencyRating":90.7,"HealthIndex":81.83,"AADT":null,"EstimatedOCR":"","EstimatedCCI":null,"EstimatedCCR":"","EstimatedOCI":null,"CurrentInspectionDate":null,"CurrentInspectionOCI":null,"CurrentInspectionOCR":null,"CurrentInspectionNotes":null,"CurrentInspectedby":null,"Installed":null,"Replaced":null,"Retired":null,"ActBefore":null,"GroundElevation":null,"CriticalityFactor":1,"DesignedLoadRating":null,"LoadRestricted":"","GlobalID":"{6AA579CE-D43D-4A1E-875E-29FBD75C509E}","created_user":null,"created_date":null,"last_edited_user":"cgcartegraphsync","last_edited_date":1777920101000,"Shape.STLength()":31.508484937642926}},{"type":"Feature","id":88,"geometry":{"type":"LineString","coordinates":[[-82.03069608598058,26.67925130180828],[-82.03048338097192,26.679253875775302]]},"properties":{"OBJECTID":88,"ANGLE":0.5,"BRIDGE_NUMBER":"70","TYPE":"C","INSPECTED_BY":"City","UNIT":"57","CANAL_NAME":"AZARA CANAL","PROXIMITY":"NW 14TH TER-NW 27TH PL-NW 28TH AVE","REPORT_DATE":"2008","COMMENTS":"","INSPECTED":null,"INSP_FREQ":"2 Years","AbutmentType":"","ConditionGroup":"","DeckType":"","DeckWearingSurface":"","FeatureCrossed":"Canal","PierType":"","PredictionGroup":"","SpanType":"","Street":"NW 14TH TER","StructureType":"","UseType":"Vehicle","CartegraphID":"88","Structure_Num":"12","Jurisdiction":"City","Width":null,"LocalName":"","NOTES":"","FunctionallyObsolete":"","StructurallyDeficient":"","ScourCritical":"","VerticalClearance":7.9,"Qualifying":"NO","Navigable":"","SufficiencyRating":78,"HealthIndex":null,"AADT":null,"EstimatedOCR":"","EstimatedCCI":null,"EstimatedCCR":"","EstimatedOCI":null,"CurrentInspectionDate":null,"CurrentInspectionOCI":null,"CurrentInspectionOCR":null,"CurrentInspectionNotes":null,"CurrentInspectedby":null,"Installed":null,"Replaced":null,"Retired":null,"ActBefore":null,"GroundElevation":null,"CriticalityFactor":1,"DesignedLoadRating":null,"LoadRestricted":"","GlobalID":"{64027DA1-5FF6-487F-B518-733AD79178C9}","created_user":null,"created_date":null,"last_edited_user":"cgcartegraphsync","last_edited_date":1785349834000,"Shape.STLength()":69.46263300250168}},{"type":"Feature","id":89,"geometry":{"type":"LineString","coordinates":[[-82.04759990392036,26.731720726481317],[-82.04759982583495,26.731571744792493]]},"properties":{"OBJECTID":89,"ANGLE":89,"BRIDGE_NUMBER":"97","TYPE":"C","INSPECTED_BY":"State","UNIT":"91","CANAL_NAME":"OSWELL CANAL","PROXIMITY":"NW 36TH AVE-NW 40TH ST-NW 40TH TER","REPORT_DATE":"2015","COMMENTS":"","INSPECTED":null,"INSP_FREQ":"2 Years","AbutmentType":"","ConditionGroup":"","DeckType":"","DeckWearingSurface":"","FeatureCrossed":"Canal","PierType":"","PredictionGroup":"","SpanType":"","Street":"NW 36TH AVE","StructureType":"","UseType":"Vehicle","CartegraphID":"89","Structure_Num":"125742","Jurisdiction":"City","Width":null,"LocalName":"","NOTES":"","FunctionallyObsolete":"","StructurallyDeficient":"","ScourCritical":"","VerticalClearance":0,"Qualifying":"","Navigable":"NO","SufficiencyRating":99,"HealthIndex":74.77,"AADT":null,"EstimatedOCR":"","EstimatedCCI":null,"EstimatedCCR":"","EstimatedOCI":null,"CurrentInspectionDate":null,"CurrentInspectionOCI":null,"CurrentInspectionOCR":null,"CurrentInspectionNotes":null,"CurrentInspectedby":null,"Installed":null,"Replaced":null,"Retired":null,"ActBefore":null,"GroundElevation":null,"CriticalityFactor":1,"DesignedLoadRating":null,"LoadRestricted":"","GlobalID":"{F3F9062F-9E5B-464E-A4BC-453E5B9CA6B3}","created_user":null,"created_date":null,"last_edited_user":"cgcartegraphsync","last_edited_date":1785873138000,"Shape.STLength()":54.153763337752395}},{"type":"Feature","id":90,"geometry":{"type":"LineString","coordinates":[[-81.9446634602815,26.695013067627798],[-81.94467097099913,26.694671185551083]]},"properties":{"OBJECTID":90,"ANGLE":-90,"BRIDGE_NUMBER":"26","TYPE":"","INSPECTED_BY":"State","UNIT":"32","CANAL_NAME":"JAGUAR CANAL","PROXIMITY":"NE 14TH PL-NE 23RD ST-NE 23RD TER","REPORT_DATE":"2014","COMMENTS":"","INSPECTED":null,"INSP_FREQ":"2 Years","AbutmentType":"","ConditionGroup":"","DeckType":"","DeckWearingSurface":"","FeatureCrossed":"Canal","PierType":"","PredictionGroup":"","SpanType":"","Street":"NE 14TH PL","StructureType":"","UseType":"Vehicle","CartegraphID":"90","Structure_Num":"125201","Jurisdiction":"City","Width":null,"LocalName":"","NOTES":"","FunctionallyObsolete":"YES","StructurallyDeficient":"","ScourCritical":"","VerticalClearance":7,"Qualifying":"","Navigable":"","SufficiencyRating":80.4,"HealthIndex":98.71,"AADT":null,"EstimatedOCR":"","EstimatedCCI":null,"EstimatedCCR":"","EstimatedOCI":null,"CurrentInspectionDate":null,"CurrentInspectionOCI":null,"CurrentInspectionOCR":null,"CurrentInspectionNotes":null,"CurrentInspectedby":null,"Installed":null,"Replaced":null,"Retired":null,"ActBefore":null,"GroundElevation":null,"CriticalityFactor":1,"DesignedLoadRating":null,"LoadRestricted":"","GlobalID":"{FC54135D-D698-4059-9245-A3F53052D158}","created_user":null,"created_date":null,"last_edited_user":"cgcartegraphsync","last_edited_date":1789063147000,"Shape.STLength()":124.29520094331352}},{"type":"Feature","id":91,"geometry":{"type":"LineString","coordinates":[[-81.94063166364768,26.675286017014635],[-81.9406335059491,26.674906298761165]]},"properties":{"OBJECTID":91,"ANGLE":-90,"BRIDGE_NUMBER":"27","TYPE":"","INSPECTED_BY":"State","UNIT":"47-2","CANAL_NAME":"ZURICH CANAL","PROXIMITY":"NE 16TH PL-NE 12TH ST-NE 12TH TER","REPORT_DATE":"2014","COMMENTS":"","INSPECTED":null,"INSP_FREQ":"2 Years","AbutmentType":"","ConditionGroup":"","DeckType":"","DeckWearingSurface":"","FeatureCrossed":"Canal","PierType":"","PredictionGroup":"","SpanType":"","Street":"NE 16TH PL","StructureType":"","UseType":"Vehicle","CartegraphID":"91","Structure_Num":"125202","Jurisdiction":"City","Width":null,"LocalName":"","NOTES":"","FunctionallyObsolete":"YES","StructurallyDeficient":"","ScourCritical":"","VerticalClearance":8.1,"Qualifying":"","Navigable":"","SufficiencyRating":81,"HealthIndex":99.66,"AADT":null,"EstimatedOCR":"","EstimatedCCI":null,"EstimatedCCR":"","EstimatedOCI":null,"CurrentInspectionDate":null,"CurrentInspectionOCI":null,"CurrentInspectionOCR":null,"CurrentInspectionNotes":null,"CurrentInspectedby":null,"Installed":null,"Replaced":null,"Retired":null,"ActBefore":null,"GroundElevation":null,"CriticalityFactor":1,"DesignedLoadRating":null,"LoadRestricted":"","GlobalID":"{98DADCE2-2652-4C91-8B83-696E3C0C8D3A}","created_user":null,"created_date":null,"last_edited_user":"cgcartegraphsync","last_edited_date":1788371635000,"Shape.STLength()":138.02504835500474}},{"type":"Feature","id":92,"geometry":{"type":"LineString","coordinates":[[-81.93899945542066,26.694957139751832],[-81.93900559977563,26.6946333065057]]},"properties":{"OBJECTID":92,"ANGLE":-90,"BRIDGE_NUMBER":"25","TYPE":"","INSPECTED_BY":"State","UNIT":"33","CANAL_NAME":"JAGUAR CANAL","PROXIMITY":"NE 17TH PL-NE 23 ST-NE 23RD TER","REPORT_DATE":"2014","COMMENTS":"","INSPECTED":null,"INSP_FREQ":"2 Years","AbutmentType":"","ConditionGroup":"","DeckType":"","DeckWearingSurface":"","FeatureCrossed":"Canal","PierType":"","PredictionGroup":"","SpanType":"","Street":"NE 17TH PL","StructureType":"","UseType":"Vehicle","CartegraphID":"92","Structure_Num":"125200","Jurisdiction":"City","Width":null,"LocalName":"","NOTES":"","FunctionallyObsolete":"YES","StructurallyDeficient":"","ScourCritical":"","VerticalClearance":6.8,"Qualifying":"","Navigable":"","SufficiencyRating":80.4,"HealthIndex":99.68,"AADT":null,"EstimatedOCR":"","EstimatedCCI":null,"EstimatedCCR":"","EstimatedOCI":null,"CurrentInspectionDate":null,"CurrentInspectionOCI":null,"CurrentInspectionOCR":null,"CurrentInspectionNotes":null,"CurrentInspectedby":null,"Installed":null,"Replaced":null,"Retired":null,"ActBefore":null,"GroundElevation":null,"CriticalityFactor":1,"DesignedLoadRating":null,"LoadRestricted":"","GlobalID":"{55F28C4E-ADD4-4314-8B70-1F83DEE97CBC}","created_user":null,"created_date":null,"last_edited_user":"cgcartegraphsync","last_edited_date":1789062881000,"Shape.STLength()":117.72752611153115}},{"type":"Feature","id":93,"geometry":{"type":"LineString","coordinates":[[-81.98216961700567,26.638025446989275],[-81.9821138039077,26.63790432127434]]},"properties":{"OBJECTID":93,"ANGLE":91,"BRIDGE_NUMBER":"44","TYPE":"D","INSPECTED_BY":"State","UNIT":"28","CANAL_NAME":"KENNEDY CANAL","PROXIMITY":"NICHOLAS PKWY W-SW 7TH TER-SW 8TH ST","REPORT_DATE":"2015","COMMENTS":"","INSPECTED":null,"INSP_FREQ":"2 Years","AbutmentType":"","ConditionGroup":"","DeckType":"","DeckWearingSurface":"","FeatureCrossed":"Canal","PierType":"","PredictionGroup":"","SpanType":"","Street":"NICHOLAS PKWY W","StructureType":"","UseType":"Vehicle","CartegraphID":"93","Structure_Num":"125670","Jurisdiction":"City","Width":null,"LocalName":"","NOTES":"","FunctionallyObsolete":"","StructurallyDeficient":"","ScourCritical":"","VerticalClearance":6.5,"Qualifying":"","Navigable":"","SufficiencyRating":94.8,"HealthIndex":87.6,"AADT":8700,"EstimatedOCR":"","EstimatedCCI":null,"EstimatedCCR":"","EstimatedOCI":null,"CurrentInspectionDate":null,"CurrentInspectionOCI":null,"CurrentInspectionOCR":null,"CurrentInspectionNotes":null,"CurrentInspectedby":null,"Installed":null,"Replaced":null,"Retired":null,"ActBefore":null,"GroundElevation":null,"CriticalityFactor":1,"DesignedLoadRating":null,"LoadRestricted":"","GlobalID":"{7A08711D-4693-459B-90C5-21DF9BDAA040}","created_user":null,"created_date":null,"last_edited_user":"cgcartegraphsync","last_edited_date":1775506729000,"Shape.STLength()":47.65327084126632}},{"type":"Feature","id":94,"geometry":{"type":"LineString","coordinates":[[-82.01701359224214,26.68517122543148],[-82.01696924168209,26.68518874733787]]},"properties":{"OBJECTID":94,"ANGLE":155,"BRIDGE_NUMBER":"72","TYPE":"C","INSPECTED_BY":"City","UNIT":"53","CANAL_NAME":"CHAGRES CANAL","PROXIMITY":"NW 15TH TER-NW 21ST AVE-NW 21ST PL","REPORT_DATE":"2008","COMMENTS":"","INSPECTED":null,"INSP_FREQ":"2 Years","AbutmentType":"","ConditionGroup":"","DeckType":"","DeckWearingSurface":"","FeatureCrossed":"Canal","PierType":"","PredictionGroup":"","SpanType":"","Street":"NW 15TH TER","StructureType":"","UseType":"Vehicle","CartegraphID":"94","Structure_Num":"125580","Jurisdiction":"City","Width":null,"LocalName":"","NOTES":"","FunctionallyObsolete":"","StructurallyDeficient":"","ScourCritical":"","VerticalClearance":7.75,"Qualifying":"NO","Navigable":"","SufficiencyRating":95,"HealthIndex":null,"AADT":null,"EstimatedOCR":"","EstimatedCCI":null,"EstimatedCCR":"","EstimatedOCI":null,"CurrentInspectionDate":null,"CurrentInspectionOCI":null,"CurrentInspectionOCR":null,"CurrentInspectionNotes":null,"CurrentInspectedby":null,"Installed":null,"Replaced":null,"Retired":null,"ActBefore":null,"GroundElevation":null,"CriticalityFactor":1,"DesignedLoadRating":null,"LoadRestricted":"","GlobalID":"{34EE621B-1978-4631-929E-49EF0123D4D6}","created_user":null,"created_date":null,"last_edited_user":"cgcartegraphsync","last_edited_date":1785349743000,"Shape.STLength()":15.82010829738835}},{"type":"Feature","id":95,"geometry":{"type":"LineString","coordinates":[[-82.03095741323142,26.687035812041447],[-82.03096040934467,26.686934654338447]]},"properties":{"OBJECTID":95,"ANGLE":140,"BRIDGE_NUMBER":"71","TYPE":"D","INSPECTED_BY":"State","UNIT":"57","CANAL_NAME":"TYRE CANAL","PROXIMITY":"NW 28TH AVE-NW 18TH TER","REPORT_DATE":"2015","COMMENTS":"POA","INSPECTED":null,"INSP_FREQ":"2 Years","AbutmentType":"","ConditionGroup":"","DeckType":"","DeckWearingSurface":"","FeatureCrossed":"Canal","PierType":"","PredictionGroup":"","SpanType":"","Street":"NW 28TH AVE","StructureType":"","UseType":"Vehicle","CartegraphID":"95","Structure_Num":"125726","Jurisdiction":"City","Width":null,"LocalName":"","NOTES":"","FunctionallyObsolete":"","StructurallyDeficient":"","ScourCritical":"YES","VerticalClearance":8.25,"Qualifying":"","Navigable":"","SufficiencyRating":88.1,"HealthIndex":86.61,"AADT":null,"EstimatedOCR":"","EstimatedCCI":null,"EstimatedCCR":"","EstimatedOCI":null,"CurrentInspectionDate":null,"CurrentInspectionOCI":null,"CurrentInspectionOCR":null,"CurrentInspectionNotes":null,"CurrentInspectedby":null,"Installed":null,"Replaced":null,"Retired":null,"ActBefore":null,"GroundElevation":null,"CriticalityFactor":1,"DesignedLoadRating":null,"LoadRestricted":"","GlobalID":"{6D92EA14-261D-4B57-9826-033376372C06}","created_user":null,"created_date":null,"last_edited_user":"cgcartegraphsync","last_edited_date":1785349597000,"Shape.STLength()":36.782861486438755}},{"type":"Feature","id":96,"geometry":{"type":"LineString","coordinates":[[-82.0475372249035,26.73748033645153],[-82.04753781451596,26.737343811236506]]},"properties":{"OBJECTID":96,"ANGLE":-90,"BRIDGE_NUMBER":"","TYPE":"","INSPECTED_BY":"City","UNIT":"91","CANAL_NAME":"OVERHOLD CANAL","PROXIMITY":"NW 36TH AVE-NW 41ST TER-NW 42ND TER","REPORT_DATE":"","COMMENTS":"New 2013 Culvert Not State anymore","INSPECTED":null,"INSP_FREQ":"2 Years","AbutmentType":"","ConditionGroup":"","DeckType":"","DeckWearingSurface":"","FeatureCrossed":"Canal","PierType":"","PredictionGroup":"","SpanType":"","Street":"NW 36TH AVE","StructureType":"","UseType":"Vehicle","CartegraphID":"96","Structure_Num":"125206","Jurisdiction":"City","Width":null,"LocalName":"","NOTES":"","FunctionallyObsolete":"","StructurallyDeficient":"","ScourCritical":"","VerticalClearance":0,"Qualifying":"","Navigable":"NO","SufficiencyRating":null,"HealthIndex":null,"AADT":null,"EstimatedOCR":"","EstimatedCCI":null,"EstimatedCCR":"","EstimatedOCI":null,"CurrentInspectionDate":null,"CurrentInspectionOCI":null,"CurrentInspectionOCR":null,"CurrentInspectionNotes":null,"CurrentInspectedby":null,"Installed":null,"Replaced":null,"Retired":null,"ActBefore":null,"GroundElevation":null,"CriticalityFactor":1,"DesignedLoadRating":null,"LoadRestricted":"","GlobalID":"{838BD12D-0C11-470E-8FF3-A4D0AAB85F2E}","created_user":null,"created_date":null,"last_edited_user":"cgcartegraphsync","last_edited_date":1785952156000,"Shape.STLength()":49.626333383952414}},{"type":"Feature","id":97,"geometry":{"type":"LineString","coordinates":[[-82.02415140703195,26.576437388054476],[-82.0241545635435,26.576291232194503]]},"properties":{"OBJECTID":97,"ANGLE":89,"BRIDGE_NUMBER":"90","TYPE":"B","INSPECTED_BY":"City","UNIT":"74","CANAL_NAME":"ROSE CANAL","PROXIMITY":"OASIS BLVD-SW 40TH TER-SW 41ST ST","REPORT_DATE":"2005","COMMENTS":"","INSPECTED":null,"INSP_FREQ":"2 Years","AbutmentType":"","ConditionGroup":"","DeckType":"","DeckWearingSurface":"","FeatureCrossed":"Canal","PierType":"","PredictionGroup":"","SpanType":"","Street":"OASIS BLVD","StructureType":"","UseType":"Vehicle","CartegraphID":"97","Structure_Num":"125704","Jurisdiction":"City","Width":null,"LocalName":"","NOTES":"","FunctionallyObsolete":"","StructurallyDeficient":"","ScourCritical":"","VerticalClearance":9.6,"Qualifying":"NO","Navigable":"","SufficiencyRating":99.8,"HealthIndex":null,"AADT":2600,"EstimatedOCR":"","EstimatedCCI":null,"EstimatedCCR":"","EstimatedOCI":null,"CurrentInspectionDate":null,"CurrentInspectionOCI":null,"CurrentInspectionOCR":null,"CurrentInspectionNotes":null,"CurrentInspectedby":null,"Installed":null,"Replaced":null,"Retired":null,"ActBefore":null,"GroundElevation":null,"CriticalityFactor":1,"DesignedLoadRating":null,"LoadRestricted":"","GlobalID":"{1FF4E67C-CFEE-4A8D-9C37-3A9D2667BE59}","created_user":null,"created_date":null,"last_edited_user":"cgcartegraphsync","last_edited_date":1774290678000,"Shape.STLength()":53.135433186763855}},{"type":"Feature","id":98,"geometry":{"type":"LineString","coordinates":[[-82.05486421571376,26.74355764947498],[-82.05486655592817,26.743398224213696]]},"properties":{"OBJECTID":98,"ANGLE":89,"BRIDGE_NUMBER":"24 w","TYPE":"","INSPECTED_BY":"City","UNIT":"97","CANAL_NAME":"DEWBERRY CANAL","PROXIMITY":"OLD BURNT STORE ROAD N-NW 44TH TER-NW 45TH TER","REPORT_DATE":"","COMMENTS":"","INSPECTED":null,"INSP_FREQ":"2 Years","AbutmentType":"","ConditionGroup":"","DeckType":"","DeckWearingSurface":"","FeatureCrossed":"Canal","PierType":"","PredictionGroup":"","SpanType":"","Street":"OLD BURNT STORE RD N","StructureType":"","UseType":"Vehicle","CartegraphID":"98","Structure_Num":"125746","Jurisdiction":"City","Width":null,"LocalName":"","NOTES":"","FunctionallyObsolete":"","StructurallyDeficient":"","ScourCritical":"","VerticalClearance":0,"Qualifying":"NO","Navigable":"NO","SufficiencyRating":null,"HealthIndex":null,"AADT":null,"EstimatedOCR":"","EstimatedCCI":null,"EstimatedCCR":"","EstimatedOCI":null,"CurrentInspectionDate":null,"CurrentInspectionOCI":null,"CurrentInspectionOCR":null,"CurrentInspectionNotes":null,"CurrentInspectedby":null,"Installed":null,"Replaced":null,"Retired":null,"ActBefore":null,"GroundElevation":null,"CriticalityFactor":1,"DesignedLoadRating":null,"LoadRestricted":"","GlobalID":"{01A94F10-6CE6-4F1F-BC5C-B5967542D95A}","created_user":null,"created_date":null,"last_edited_user":"cgcartegraphsync","last_edited_date":1785952244000,"Shape.STLength()":57.95505430519035}},{"type":"Feature","id":99,"geometry":{"type":"LineString","coordinates":[[-82.0551809692107,26.730252514672948],[-82.05518480996484,26.730123269192855]]},"properties":{"OBJECTID":99,"ANGLE":89.5,"BRIDGE_NUMBER":"5 w","TYPE":"D","INSPECTED_BY":"State","UNIT":"91","CANAL_NAME":"EASTOVER CANAL","PROXIMITY":"OLD BURNT STORE ROAD N-NW 39TH ST-NW 39TH LN","REPORT_DATE":"2015","COMMENTS":"WEIR POA","INSPECTED":null,"INSP_FREQ":"2 Years","AbutmentType":"","ConditionGroup":"","DeckType":"","DeckWearingSurface":"","FeatureCrossed":"Canal","PierType":"","PredictionGroup":"","SpanType":"","Street":"OLD BURNT STORE RD N","StructureType":"","UseType":"Vehicle","CartegraphID":"99","Structure_Num":"125740","Jurisdiction":"City","Width":null,"LocalName":"","NOTES":"","FunctionallyObsolete":"YES","StructurallyDeficient":"","ScourCritical":"","VerticalClearance":0,"Qualifying":"","Navigable":"NO","SufficiencyRating":93.2,"HealthIndex":73.6,"AADT":null,"EstimatedOCR":"","EstimatedCCI":null,"EstimatedCCR":"","EstimatedOCI":null,"CurrentInspectionDate":null,"CurrentInspectionOCI":null,"CurrentInspectionOCR":null,"CurrentInspectionNotes":null,"CurrentInspectedby":null,"Installed":null,"Replaced":null,"Retired":null,"ActBefore":null,"GroundElevation":null,"CriticalityFactor":1,"DesignedLoadRating":null,"LoadRestricted":"","GlobalID":"{C0197577-065C-4615-BEBE-8D061CAA3453}","created_user":null,"created_date":null,"last_edited_user":"cgcartegraphsync","last_edited_date":1785873023000,"Shape.STLength()":46.996506551632436}},{"type":"Feature","id":100,"geometry":{"type":"LineString","coordinates":[[-81.98238922607246,26.564421088170693],[-81.98238724522658,26.56420105485224]]},"properties":{"OBJECTID":100,"ANGLE":90.400002,"BRIDGE_NUMBER":"10","TYPE":"B","INSPECTED_BY":"State","UNIT":"30","CANAL_NAME":"SHENANDOAH CANAL","PROXIMITY":"PELICAN BLVD-SW 47TH ST-SW 47TH TER","REPORT_DATE":"2015","COMMENTS":"POA","INSPECTED":null,"INSP_FREQ":"2 Years","AbutmentType":"","ConditionGroup":"","DeckType":"","DeckWearingSurface":"","FeatureCrossed":"Canal","PierType":"","PredictionGroup":"","SpanType":"","Street":"PELICAN BLVD","StructureType":"","UseType":"Vehicle","CartegraphID":"100","Structure_Num":"125668","Jurisdiction":"City","Width":null,"LocalName":"","NOTES":"","FunctionallyObsolete":"","StructurallyDeficient":"","ScourCritical":"YES","VerticalClearance":11.75,"Qualifying":"","Navigable":"","SufficiencyRating":95.2,"HealthIndex":99.86,"AADT":4200,"EstimatedOCR":"","EstimatedCCI":null,"EstimatedCCR":"","EstimatedOCI":null,"CurrentInspectionDate":null,"CurrentInspectionOCI":null,"CurrentInspectionOCR":null,"CurrentInspectionNotes":null,"CurrentInspectedby":null,"Installed":null,"Replaced":null,"Retired":null,"ActBefore":null,"GroundElevation":null,"CriticalityFactor":1,"DesignedLoadRating":null,"LoadRestricted":"","GlobalID":"{E1367E9B-479B-4648-8E59-A75AC88BBE3B}","created_user":null,"created_date":null,"last_edited_user":"cgcartegraphsync","last_edited_date":1782757925000,"Shape.STLength()":79.9812251019454}},{"type":"Feature","id":101,"geometry":{"type":"LineString","coordinates":[[-81.9903232215988,26.68948878759093],[-81.9903238556572,26.689262511591107]]},"properties":{"OBJECTID":101,"ANGLE":89,"BRIDGE_NUMBER":"55","TYPE":"B","INSPECTED_BY":"State","UNIT":"39","CANAL_NAME":"FRONTIER CANAL","PROXIMITY":"S.B. NELSON ROAD N-NW 20TH ST-NW 19TH TER","REPORT_DATE":"2015","COMMENTS":"POA","INSPECTED":null,"INSP_FREQ":"2 Years","AbutmentType":"","ConditionGroup":"","DeckType":"","DeckWearingSurface":"","FeatureCrossed":"Canal","PierType":"","PredictionGroup":"","SpanType":"","Street":"NELSON RD N","StructureType":"","UseType":"Vehicle","CartegraphID":"101","Structure_Num":"125677","Jurisdiction":"City","Width":null,"LocalName":"","NOTES":"","FunctionallyObsolete":"YES","StructurallyDeficient":"","ScourCritical":"","VerticalClearance":7.6,"Qualifying":"","Navigable":"","SufficiencyRating":87,"HealthIndex":94.87,"AADT":1700,"EstimatedOCR":"","EstimatedCCI":null,"EstimatedCCR":"","EstimatedOCI":null,"CurrentInspectionDate":null,"CurrentInspectionOCI":null,"CurrentInspectionOCR":null,"CurrentInspectionNotes":null,"CurrentInspectedby":null,"Installed":null,"Replaced":null,"Retired":null,"ActBefore":null,"GroundElevation":null,"CriticalityFactor":1,"DesignedLoadRating":null,"LoadRestricted":"","GlobalID":"{28CE74ED-55C1-4CC2-810E-3D3E1004D261}","created_user":null,"created_date":null,"last_edited_user":"cgcartegraphsync","last_edited_date":1765396759000,"Shape.STLength()":82.24942441395072}},{"type":"Feature","id":102,"geometry":{"type":"LineString","coordinates":[[-81.99070747839372,26.668578151847107],[-81.99071046073142,26.668447058385514]]},"properties":{"OBJECTID":102,"ANGLE":89,"BRIDGE_NUMBER":"52","TYPE":"D","INSPECTED_BY":"State","UNIT":"38","CANAL_NAME":"HERMOSA CANAL","PROXIMITY":"S.B. NELSON ROAD N-NW 8TH TER-NW 9TH ST","REPORT_DATE":"2015","COMMENTS":"POA","INSPECTED":null,"INSP_FREQ":"2 Years","AbutmentType":"","ConditionGroup":"","DeckType":"","DeckWearingSurface":"","FeatureCrossed":"Canal","PierType":"","PredictionGroup":"","SpanType":"","Street":"NELSON RD N","StructureType":"","UseType":"Vehicle","CartegraphID":"102","Structure_Num":"125675","Jurisdiction":"City","Width":null,"LocalName":"","NOTES":"","FunctionallyObsolete":"YES","StructurallyDeficient":"","ScourCritical":"","VerticalClearance":7.9,"Qualifying":"","Navigable":"","SufficiencyRating":85.9,"HealthIndex":79.78,"AADT":1900,"EstimatedOCR":"","EstimatedCCI":null,"EstimatedCCR":"","EstimatedOCI":null,"CurrentInspectionDate":null,"CurrentInspectionOCI":null,"CurrentInspectionOCR":null,"CurrentInspectionNotes":null,"CurrentInspectedby":null,"Installed":null,"Replaced":null,"Retired":null,"ActBefore":null,"GroundElevation":null,"CriticalityFactor":1,"DesignedLoadRating":null,"LoadRestricted":"","GlobalID":"{41AC252F-0C33-418F-A187-C7E1B24C5357}","created_user":null,"created_date":null,"last_edited_user":"cgcartegraphsync","last_edited_date":1784747039000,"Shape.STLength()":47.6610327660392}},{"type":"Feature","id":103,"geometry":{"type":"LineString","coordinates":[[-82.05583232232117,26.670966868016805],[-82.05583569462439,26.670772216093777]]},"properties":{"OBJECTID":103,"ANGLE":89.300003,"BRIDGE_NUMBER":"76","TYPE":"B","INSPECTED_BY":"State","UNIT":"81","CANAL_NAME":"HERMOSA CANAL","PROXIMITY":"S.B. OLD BURNT STORE ROAD N-NW 12TH ST-WEST CAPE ESTATES CIR","REPORT_DATE":"2015","COMMENTS":"POA","INSPECTED":null,"INSP_FREQ":"2 Years","AbutmentType":"","ConditionGroup":"","DeckType":"","DeckWearingSurface":"","FeatureCrossed":"Canal","PierType":"","PredictionGroup":"","SpanType":"","Street":"OLD BURNT STORE RD N","StructureType":"","UseType":"Vehicle","CartegraphID":"103","Structure_Num":"125733","Jurisdiction":"City","Width":null,"LocalName":"","NOTES":"","FunctionallyObsolete":"","StructurallyDeficient":"","ScourCritical":"","VerticalClearance":10,"Qualifying":"","Navigable":"","SufficiencyRating":97,"HealthIndex":96.54,"AADT":null,"EstimatedOCR":"","EstimatedCCI":null,"EstimatedCCR":"","EstimatedOCI":null,"CurrentInspectionDate":null,"CurrentInspectionOCI":null,"CurrentInspectionOCR":null,"CurrentInspectionNotes":null,"CurrentInspectedby":null,"Installed":null,"Replaced":null,"Retired":null,"ActBefore":null,"GroundElevation":null,"CriticalityFactor":1,"DesignedLoadRating":null,"LoadRestricted":"","GlobalID":"{8612C6C4-9E51-4379-B22E-EE86F3129B7E}","created_user":null,"created_date":null,"last_edited_user":"cgcartegraphsync","last_edited_date":1779302089000,"Shape.STLength()":70.76252584248567}},{"type":"Feature","id":104,"geometry":{"type":"LineString","coordinates":[[-82.05574852379769,26.678556753726212],[-82.05575312572459,26.678181340228758]]},"properties":{"OBJECTID":104,"ANGLE":89,"BRIDGE_NUMBER":"75","TYPE":"B","INSPECTED_BY":"State","UNIT":"81","CANAL_NAME":"HORSESHOE CANAL","PROXIMITY":"S.B. OLD BURNT STORE ROAD N-GULFSTREAM PKWY-NW 12TH ST","REPORT_DATE":"2015","COMMENTS":"POA","INSPECTED":null,"INSP_FREQ":"2 Years","AbutmentType":"","ConditionGroup":"","DeckType":"","DeckWearingSurface":"","FeatureCrossed":"Canal","PierType":"","PredictionGroup":"","SpanType":"","Street":"OLD BURNT STORE RD N","StructureType":"","UseType":"Vehicle","CartegraphID":"104","Structure_Num":"125735","Jurisdiction":"City","Width":null,"LocalName":"","NOTES":"","FunctionallyObsolete":"","StructurallyDeficient":"","ScourCritical":"","VerticalClearance":8.9,"Qualifying":"","Navigable":"","SufficiencyRating":97,"HealthIndex":88,"AADT":null,"EstimatedOCR":"","EstimatedCCI":null,"EstimatedCCR":"","EstimatedOCI":null,"CurrentInspectionDate":null,"CurrentInspectionOCI":null,"CurrentInspectionOCR":null,"CurrentInspectionNotes":null,"CurrentInspectedby":null,"Installed":null,"Replaced":null,"Retired":null,"ActBefore":null,"GroundElevation":null,"CriticalityFactor":1,"DesignedLoadRating":null,"LoadRestricted":"","GlobalID":"{1621A783-BD4B-4E4B-B77F-522739AE0773}","created_user":null,"created_date":null,"last_edited_user":"cgcartegraphsync","last_edited_date":1779302407000,"Shape.STLength()":136.46733189997903}},{"type":"Feature","id":105,"geometry":{"type":"LineString","coordinates":[[-82.05571530061734,26.688174533033372],[-82.05571519371641,26.687890598618306]]},"properties":{"OBJECTID":105,"ANGLE":90,"BRIDGE_NUMBER":"74","TYPE":"B","INSPECTED_BY":"State","UNIT":"82","CANAL_NAME":"GATOR SLOUGH CANAL","PROXIMITY":"S.B. OLD BURNT STORE ROAD N-NW 19TH ST-GULFSTREAM PKWY","REPORT_DATE":"2015","COMMENTS":"POA","INSPECTED":null,"INSP_FREQ":"2 Years","AbutmentType":"","ConditionGroup":"","DeckType":"","DeckWearingSurface":"","FeatureCrossed":"Canal","PierType":"","PredictionGroup":"","SpanType":"","Street":"OLD BURNT STORE RD N","StructureType":"","UseType":"Vehicle","CartegraphID":"105","Structure_Num":"125737","Jurisdiction":"City","Width":null,"LocalName":"","NOTES":"","FunctionallyObsolete":"YES","StructurallyDeficient":"","ScourCritical":"","VerticalClearance":8.9,"Qualifying":"","Navigable":"","SufficiencyRating":91,"HealthIndex":97.46,"AADT":null,"EstimatedOCR":"","EstimatedCCI":null,"EstimatedCCR":"","EstimatedOCI":null,"CurrentInspectionDate":null,"CurrentInspectionOCI":null,"CurrentInspectionOCR":null,"CurrentInspectionNotes":null,"CurrentInspectedby":null,"Installed":null,"Replaced":null,"Retired":null,"ActBefore":null,"GroundElevation":null,"CriticalityFactor":1,"DesignedLoadRating":null,"LoadRestricted":"","GlobalID":"{62729CA4-CCA0-4469-852B-1C6F6DB24158}","created_user":null,"created_date":null,"last_edited_user":"cgcartegraphsync","last_edited_date":1785872791000,"Shape.STLength()":103.20747125113019}},{"type":"Feature","id":106,"geometry":{"type":"LineString","coordinates":[[-82.05595374539973,26.659231998200607],[-82.05595559757704,26.659070871636935]]},"properties":{"OBJECTID":106,"ANGLE":89,"BRIDGE_NUMBER":"93(A)","TYPE":"B","INSPECTED_BY":"State","UNIT":"59","CANAL_NAME":"BONEFISH CANAL","PROXIMITY":"S.B. OLD BURNT STORE RD N-TROPICANA PKWY W-EMBERS PKWY W","REPORT_DATE":"2015","COMMENTS":"POA","INSPECTED":null,"INSP_FREQ":"2 Years","AbutmentType":"","ConditionGroup":"","DeckType":"","DeckWearingSurface":"","FeatureCrossed":"Canal","PierType":"","PredictionGroup":"","SpanType":"","Street":"OLD BURNT STORE RD N","StructureType":"","UseType":"Vehicle","CartegraphID":"106","Structure_Num":"125731","Jurisdiction":"City","Width":null,"LocalName":"","NOTES":"","FunctionallyObsolete":"YES","StructurallyDeficient":"","ScourCritical":"","VerticalClearance":9,"Qualifying":"","Navigable":"","SufficiencyRating":94,"HealthIndex":84.41,"AADT":null,"EstimatedOCR":"","EstimatedCCI":null,"EstimatedCCR":"","EstimatedOCI":null,"CurrentInspectionDate":null,"CurrentInspectionOCI":null,"CurrentInspectionOCR":null,"CurrentInspectionNotes":null,"CurrentInspectedby":null,"Installed":null,"Replaced":null,"Retired":null,"ActBefore":null,"GroundElevation":null,"CriticalityFactor":1,"DesignedLoadRating":null,"LoadRestricted":"","GlobalID":"{5A555B3A-6484-4A1C-9A56-EB6C7223C9B6}","created_user":null,"created_date":null,"last_edited_user":"cgcartegraphsync","last_edited_date":1779301662000,"Shape.STLength()":58.57086266869799}},{"type":"Feature","id":107,"geometry":{"type":"LineString","coordinates":[[-82.0560193280602,26.647080404869715],[-82.0560193180834,26.646932341140328]]},"properties":{"OBJECTID":107,"ANGLE":90,"BRIDGE_NUMBER":"93(B)","TYPE":"B","INSPECTED_BY":"State","UNIT":"58","CANAL_NAME":"ROSEMARY LAKE","PROXIMITY":"S.B. OLD BURNT STORE RD S-SW 2ND ST-CEITUS PKWY","REPORT_DATE":"2015","COMMENTS":"POA","INSPECTED":null,"INSP_FREQ":"2 Years","AbutmentType":"","ConditionGroup":"","DeckType":"","DeckWearingSurface":"","FeatureCrossed":"Canal","PierType":"","PredictionGroup":"","SpanType":"","Street":"OLD BURNT STORE RD S","StructureType":"","UseType":"Vehicle","CartegraphID":"107","Structure_Num":"125729","Jurisdiction":"City","Width":null,"LocalName":"","NOTES":"","FunctionallyObsolete":"","StructurallyDeficient":"","ScourCritical":"","VerticalClearance":9,"Qualifying":"","Navigable":"","SufficiencyRating":86.9,"HealthIndex":97.71,"AADT":600,"EstimatedOCR":"","EstimatedCCI":null,"EstimatedCCR":"","EstimatedOCI":null,"CurrentInspectionDate":null,"CurrentInspectionOCI":null,"CurrentInspectionOCR":null,"CurrentInspectionNotes":null,"CurrentInspectedby":null,"Installed":null,"Replaced":null,"Retired":null,"ActBefore":null,"GroundElevation":null,"CriticalityFactor":1,"DesignedLoadRating":null,"LoadRestricted":"","GlobalID":"{803E5704-2492-42E1-93FC-963791F2DF41}","created_user":null,"created_date":null,"last_edited_user":"cgcartegraphsync","last_edited_date":1785436535000,"Shape.STLength()":53.819450010658706}},{"type":"Feature","id":108,"geometry":{"type":"LineString","coordinates":[[-82.0317310532021,26.566917291174825],[-82.03173276048949,26.566727475284374]]},"properties":{"OBJECTID":108,"ANGLE":90,"BRIDGE_NUMBER":"88","TYPE":"B","INSPECTED_BY":"State","UNIT":"73","CANAL_NAME":"MAXWELL CANAL","PROXIMITY":"S.B. SANDS BLVD-SW 45TH ST-SW 46TH ST","REPORT_DATE":"2015","COMMENTS":"POA","INSPECTED":null,"INSP_FREQ":"2 Years","AbutmentType":"","ConditionGroup":"","DeckType":"","DeckWearingSurface":"","FeatureCrossed":"Canal","PierType":"","PredictionGroup":"","SpanType":"","Street":"SANDS BLVD","StructureType":"","UseType":"Vehicle","CartegraphID":"108","Structure_Num":"125719","Jurisdiction":"City","Width":null,"LocalName":"","NOTES":"","FunctionallyObsolete":"","StructurallyDeficient":"","ScourCritical":"","VerticalClearance":8.9,"Qualifying":"","Navigable":"","SufficiencyRating":95.6,"HealthIndex":99.88,"AADT":2400,"EstimatedOCR":"","EstimatedCCI":null,"EstimatedCCR":"","EstimatedOCI":null,"CurrentInspectionDate":null,"CurrentInspectionOCI":null,"CurrentInspectionOCR":null,"CurrentInspectionNotes":null,"CurrentInspectedby":null,"Installed":null,"Replaced":null,"Retired":null,"ActBefore":null,"GroundElevation":null,"CriticalityFactor":1,"DesignedLoadRating":null,"LoadRestricted":"","GlobalID":"{5AC462F6-1790-48FE-99E8-18B87BE68584}","created_user":null,"created_date":null,"last_edited_user":"cgcartegraphsync","last_edited_date":1786559595000,"Shape.STLength()":68.9973378016048}},{"type":"Feature","id":109,"geometry":{"type":"LineString","coordinates":[[-82.03171367420062,26.556272005367568],[-82.03171510309733,26.556052034920942]]},"properties":{"OBJECTID":109,"ANGLE":90,"BRIDGE_NUMBER":"86","TYPE":"B","INSPECTED_BY":"State","UNIT":"72","CANAL_NAME":"ETERNITY CANAL","PROXIMITY":"S.B. SANDS BLVD-SW 51ST ST-SW 52ND ST","REPORT_DATE":"2015","COMMENTS":"","INSPECTED":null,"INSP_FREQ":"2 Years","AbutmentType":"","ConditionGroup":"","DeckType":"","DeckWearingSurface":"","FeatureCrossed":"Canal","PierType":"","PredictionGroup":"","SpanType":"","Street":"SANDS BLVD","StructureType":"","UseType":"Vehicle","CartegraphID":"109","Structure_Num":"125717","Jurisdiction":"City","Width":null,"LocalName":"","NOTES":"","FunctionallyObsolete":"","StructurallyDeficient":"","ScourCritical":"","VerticalClearance":8.9,"Qualifying":"","Navigable":"","SufficiencyRating":96,"HealthIndex":84.85,"AADT":2100,"EstimatedOCR":"","EstimatedCCI":null,"EstimatedCCR":"","EstimatedOCI":null,"CurrentInspectionDate":null,"CurrentInspectionOCI":null,"CurrentInspectionOCR":null,"CurrentInspectionNotes":null,"CurrentInspectedby":null,"Installed":null,"Replaced":null,"Retired":null,"ActBefore":null,"GroundElevation":null,"CriticalityFactor":1,"DesignedLoadRating":null,"LoadRestricted":"","GlobalID":"{12A3DCED-ED69-464A-BCDF-FB5D6FCC0E34}","created_user":null,"created_date":null,"last_edited_user":"cgcartegraphsync","last_edited_date":1786559331000,"Shape.STLength()":79.95703110939284}},{"type":"Feature","id":110,"geometry":{"type":"LineString","coordinates":[[-81.92919464946269,26.60789474735448],[-81.9291161031457,26.60789157081121]]},"properties":{"OBJECTID":110,"ANGLE":0,"BRIDGE_NUMBER":"119","TYPE":"A","INSPECTED_BY":"City","UNIT":"19","CANAL_NAME":"EVEREST CANAL","PROXIMITY":"SE 24TH ST-SE 20TH PL-SE 21ST AVE","REPORT_DATE":"2004","COMMENTS":"","INSPECTED":null,"INSP_FREQ":"2 Years","AbutmentType":"","ConditionGroup":"","DeckType":"","DeckWearingSurface":"","FeatureCrossed":"Canal","PierType":"","PredictionGroup":"","SpanType":"","Street":"SE 24TH ST","StructureType":"","UseType":"Vehicle","CartegraphID":"110","Structure_Num":"125530","Jurisdiction":"City","Width":null,"LocalName":"","NOTES":"","FunctionallyObsolete":"","StructurallyDeficient":"","ScourCritical":"","VerticalClearance":8.3,"Qualifying":"NO","Navigable":"","SufficiencyRating":83.8,"HealthIndex":null,"AADT":null,"EstimatedOCR":"","EstimatedCCI":null,"EstimatedCCR":"","EstimatedOCI":null,"CurrentInspectionDate":null,"CurrentInspectionOCI":null,"CurrentInspectionOCR":null,"CurrentInspectionNotes":null,"CurrentInspectedby":null,"Installed":null,"Replaced":null,"Retired":null,"ActBefore":null,"GroundElevation":null,"CriticalityFactor":1,"DesignedLoadRating":null,"LoadRestricted":"","GlobalID":"{7888F4F3-72DE-4D65-AA0A-D553176DDA8A}","created_user":null,"created_date":null,"last_edited_user":"cgcartegraphsync","last_edited_date":1788371524000,"Shape.STLength()":25.6902995297364}},{"type":"Feature","id":111,"geometry":{"type":"LineString","coordinates":[[-81.95735332283091,26.646782253013],[-81.95735362056057,26.646654059107394]]},"properties":{"OBJECTID":111,"ANGLE":90,"BRIDGE_NUMBER":"12","TYPE":"C","INSPECTED_BY":"State","UNIT":"16","CANAL_NAME":"TAYLOR CANAL","PROXIMITY":"SE 8TH PL-SE 1ST-SE 3RD TER","REPORT_DATE":"2015","COMMENTS":"POA","INSPECTED":null,"INSP_FREQ":"2 Years","AbutmentType":"","ConditionGroup":"","DeckType":"","DeckWearingSurface":"","FeatureCrossed":"Canal","PierType":"","PredictionGroup":"","SpanType":"","Street":"SE 8TH PL","StructureType":"","UseType":"Vehicle","CartegraphID":"111","Structure_Num":"125642","Jurisdiction":"City","Width":null,"LocalName":"","NOTES":"","FunctionallyObsolete":"YES","StructurallyDeficient":"","ScourCritical":"","VerticalClearance":8.6,"Qualifying":"","Navigable":"","SufficiencyRating":80.4,"HealthIndex":98.8,"AADT":null,"EstimatedOCR":"","EstimatedCCI":null,"EstimatedCCR":"","EstimatedOCI":null,"CurrentInspectionDate":null,"CurrentInspectionOCI":null,"CurrentInspectionOCR":null,"CurrentInspectionNotes":null,"CurrentInspectedby":null,"Installed":null,"Replaced":null,"Retired":null,"ActBefore":null,"GroundElevation":null,"CriticalityFactor":1,"DesignedLoadRating":null,"LoadRestricted":"","GlobalID":"{1EEFE430-2943-4411-BEA6-4D2CDC4467F1}","created_user":null,"created_date":null,"last_edited_user":"cgcartegraphsync","last_edited_date":1775586962000,"Shape.STLength()":46.597091277472686}},{"type":"Feature","id":112,"geometry":{"type":"LineString","coordinates":[[-81.95807873723221,26.636174857301935],[-81.95793191965747,26.636174986342255]]},"properties":{"OBJECTID":112,"ANGLE":0,"BRIDGE_NUMBER":"2 w","TYPE":"C","INSPECTED_BY":"State","UNIT":"24","CANAL_NAME":"MACKINAC CANAL","PROXIMITY":"SE 9TH ST-CULTURAL PARK BLVD S-SE 8TH PL","REPORT_DATE":"2015","COMMENTS":"WEIR 2","INSPECTED":null,"INSP_FREQ":"2 Years","AbutmentType":"","ConditionGroup":"","DeckType":"","DeckWearingSurface":"","FeatureCrossed":"Canal","PierType":"","PredictionGroup":"","SpanType":"","Street":"SE 9TH ST","StructureType":"","UseType":"Vehicle","CartegraphID":"112","Structure_Num":"125552","Jurisdiction":"City","Width":null,"LocalName":"","NOTES":"","FunctionallyObsolete":"YES","StructurallyDeficient":"","ScourCritical":"","VerticalClearance":0,"Qualifying":"","Navigable":"NO","SufficiencyRating":72.4,"HealthIndex":67.87,"AADT":null,"EstimatedOCR":"","EstimatedCCI":null,"EstimatedCCR":"","EstimatedOCI":null,"CurrentInspectionDate":null,"CurrentInspectionOCI":null,"CurrentInspectionOCR":null,"CurrentInspectionNotes":null,"CurrentInspectedby":null,"Installed":null,"Replaced":null,"Retired":null,"ActBefore":null,"GroundElevation":null,"CriticalityFactor":1,"DesignedLoadRating":null,"LoadRestricted":"","GlobalID":"{422CAA60-F6C0-4DE5-93F0-D862CF2B0B85}","created_user":null,"created_date":null,"last_edited_user":"cgcartegraphsync","last_edited_date":1775586570000,"Shape.STLength()":47.959590688298995}},{"type":"Feature","id":113,"geometry":{"type":"LineString","coordinates":[[-81.99911457797859,26.632856634746],[-81.99901833437717,26.632867225205604]]},"properties":{"OBJECTID":113,"ANGLE":8,"BRIDGE_NUMBER":"43","TYPE":"C","INSPECTED_BY":"City","UNIT":"63","CANAL_NAME":"WINDIGO CANAL","PROXIMITY":"SW 10TH ST-SW 11TH PL-SW 11TH CT","REPORT_DATE":"2007","COMMENTS":"","INSPECTED":null,"INSP_FREQ":"2 Years","AbutmentType":"","ConditionGroup":"","DeckType":"","DeckWearingSurface":"","FeatureCrossed":"Canal","PierType":"","PredictionGroup":"","SpanType":"","Street":"SW 10TH ST","StructureType":"","UseType":"Vehicle","CartegraphID":"113","Structure_Num":"125550","Jurisdiction":"City","Width":null,"LocalName":"","NOTES":"","FunctionallyObsolete":"","StructurallyDeficient":"","ScourCritical":"","VerticalClearance":7.9,"Qualifying":"NO","Navigable":"","SufficiencyRating":84,"HealthIndex":null,"AADT":null,"EstimatedOCR":"","EstimatedCCI":null,"EstimatedCCR":"","EstimatedOCI":null,"CurrentInspectionDate":null,"CurrentInspectionOCI":null,"CurrentInspectionOCR":null,"CurrentInspectionNotes":null,"CurrentInspectedby":null,"Installed":null,"Replaced":null,"Retired":null,"ActBefore":null,"GroundElevation":null,"CriticalityFactor":1,"DesignedLoadRating":null,"LoadRestricted":"","GlobalID":"{BE506133-2E4E-4C3B-A752-3A80F83AA7F7}","created_user":null,"created_date":null,"last_edited_user":"cgcartegraphsync","last_edited_date":1774898900000,"Shape.STLength()":31.6747153155338}},{"type":"Feature","id":114,"geometry":{"type":"LineString","coordinates":[[-81.9970095309774,26.608610698152493],[-81.9970095333374,26.608519948779687]]},"properties":{"OBJECTID":114,"ANGLE":90,"BRIDGE_NUMBER":"36","TYPE":"C","INSPECTED_BY":"State","UNIT":"63","CANAL_NAME":"CORMORANT CANAL","PROXIMITY":"SW 11TH AVE-SW 23RD ST-SW 24TH ST","REPORT_DATE":"2015","COMMENTS":"POA","INSPECTED":null,"INSP_FREQ":"2 Years","AbutmentType":"","ConditionGroup":"","DeckType":"","DeckWearingSurface":"","FeatureCrossed":"Canal","PierType":"","PredictionGroup":"","SpanType":"","Street":"SW 11TH AVE","StructureType":"","UseType":"Vehicle","CartegraphID":"114","Structure_Num":"125680","Jurisdiction":"City","Width":null,"LocalName":"","NOTES":"","FunctionallyObsolete":"","StructurallyDeficient":"","ScourCritical":"","VerticalClearance":7,"Qualifying":"","Navigable":"","SufficiencyRating":92.9,"HealthIndex":98.86,"AADT":null,"EstimatedOCR":"","EstimatedCCI":null,"EstimatedCCR":"","EstimatedOCI":null,"CurrentInspectionDate":null,"CurrentInspectionOCI":null,"CurrentInspectionOCR":null,"CurrentInspectionNotes":null,"CurrentInspectedby":null,"Installed":null,"Replaced":null,"Retired":null,"ActBefore":null,"GroundElevation":null,"CriticalityFactor":1,"DesignedLoadRating":null,"LoadRestricted":"","GlobalID":"{43BBD536-E34E-4449-80DB-71EBE66CBFBE}","created_user":null,"created_date":null,"last_edited_user":"cgcartegraphsync","last_edited_date":1764953081000,"Shape.STLength()":32.98615449999999}},{"type":"Feature","id":115,"geometry":{"type":"LineString","coordinates":[[-81.99982433838281,26.546975196096238],[-81.99982970481182,26.546767710560804]]},"properties":{"OBJECTID":115,"ANGLE":90,"BRIDGE_NUMBER":"116","TYPE":"B","INSPECTED_BY":"State","UNIT":"67","CANAL_NAME":"CASABA CANAL","PROXIMITY":"S.B. SW 12TH AVE-EL DORADO PKWY W-SW 57TH ST","REPORT_DATE":"2015","COMMENTS":"","INSPECTED":null,"INSP_FREQ":"2 Years","AbutmentType":"","ConditionGroup":"","DeckType":"","DeckWearingSurface":"","FeatureCrossed":"Canal","PierType":"","PredictionGroup":"","SpanType":"","Street":"SW 12TH AVE","StructureType":"","UseType":"Vehicle","CartegraphID":"115","Structure_Num":"125501","Jurisdiction":"City","Width":null,"LocalName":"","NOTES":"","FunctionallyObsolete":"","StructurallyDeficient":"","ScourCritical":"","VerticalClearance":8.9,"Qualifying":"","Navigable":"","SufficiencyRating":98,"HealthIndex":99.82,"AADT":null,"EstimatedOCR":"","EstimatedCCI":null,"EstimatedCCR":"","EstimatedOCI":null,"CurrentInspectionDate":null,"CurrentInspectionOCI":null,"CurrentInspectionOCR":null,"CurrentInspectionNotes":null,"CurrentInspectedby":null,"Installed":null,"Replaced":null,"Retired":null,"ActBefore":null,"GroundElevation":null,"CriticalityFactor":1,"DesignedLoadRating":null,"LoadRestricted":"","GlobalID":"{8FAD0129-40FE-43D0-81E1-C348BD037B30}","created_user":null,"created_date":null,"last_edited_user":"cgcartegraphsync","last_edited_date":1786461029000,"Shape.STLength()":75.43789997423272}},{"type":"Feature","id":116,"geometry":{"type":"LineString","coordinates":[[-81.99970672122708,26.546981869796962],[-81.99971311857402,26.5467603685485]]},"properties":{"OBJECTID":116,"ANGLE":90,"BRIDGE_NUMBER":"116","TYPE":"B","INSPECTED_BY":"State","UNIT":"67","CANAL_NAME":"CITRUS CANAL","PROXIMITY":"N.B. SW 12TH AVE-SW 57TH ST-EL DORADO PKWY W","REPORT_DATE":"2015","COMMENTS":"","INSPECTED":null,"INSP_FREQ":"2 Years","AbutmentType":"","ConditionGroup":"","DeckType":"","DeckWearingSurface":"","FeatureCrossed":"Canal","PierType":"","PredictionGroup":"","SpanType":"","Street":"SW 12TH AVE","StructureType":"","UseType":"Vehicle","CartegraphID":"116","Structure_Num":"125500","Jurisdiction":"City","Width":null,"LocalName":"","NOTES":"","FunctionallyObsolete":"","StructurallyDeficient":"","ScourCritical":"","VerticalClearance":8.9,"Qualifying":"","Navigable":"","SufficiencyRating":97,"HealthIndex":88.24,"AADT":null,"EstimatedOCR":"","EstimatedCCI":null,"EstimatedCCR":"","EstimatedOCI":null,"CurrentInspectionDate":null,"CurrentInspectionOCI":null,"CurrentInspectionOCR":null,"CurrentInspectionNotes":null,"CurrentInspectedby":null,"Installed":null,"Replaced":null,"Retired":null,"ActBefore":null,"GroundElevation":null,"CriticalityFactor":1,"DesignedLoadRating":null,"LoadRestricted":"","GlobalID":"{5342C25B-D238-496A-B482-3ABCE399C4B1}","created_user":null,"created_date":null,"last_edited_user":"cgcartegraphsync","last_edited_date":1786461177000,"Shape.STLength()":80.53913176571635}},{"type":"Feature","id":117,"geometry":{"type":"LineString","coordinates":[[-82.02276438259709,26.618164858163926],[-82.02261250682726,26.61816485801334]]},"properties":{"OBJECTID":117,"ANGLE":0,"BRIDGE_NUMBER":"109","TYPE":"C","INSPECTED_BY":"City","UNIT":"94","CANAL_NAME":"MCDONOUGH CANAL","PROXIMITY":"SW 18TH TER-SW 23RD CT-SURFSIDE BLVD","REPORT_DATE":"2006","COMMENTS":"","INSPECTED":null,"INSP_FREQ":"2 Years","AbutmentType":"","ConditionGroup":"","DeckType":"","DeckWearingSurface":"","FeatureCrossed":"Canal","PierType":"","PredictionGroup":"","SpanType":"","Street":"SW 18TH TER","StructureType":"","UseType":"Vehicle","CartegraphID":"117","Structure_Num":"125540","Jurisdiction":"City","Width":null,"LocalName":"","NOTES":"","FunctionallyObsolete":"","StructurallyDeficient":"","ScourCritical":"","VerticalClearance":0,"Qualifying":"NO","Navigable":"NO","SufficiencyRating":100,"HealthIndex":null,"AADT":null,"EstimatedOCR":"","EstimatedCCI":null,"EstimatedCCR":"","EstimatedOCI":null,"CurrentInspectionDate":null,"CurrentInspectionOCI":null,"CurrentInspectionOCR":null,"CurrentInspectionNotes":null,"CurrentInspectedby":null,"Installed":null,"Replaced":null,"Retired":null,"ActBefore":null,"GroundElevation":null,"CriticalityFactor":1,"DesignedLoadRating":null,"LoadRestricted":"","GlobalID":"{A5AE2EA3-A72D-4071-9B3B-4452D898981D}","created_user":null,"created_date":null,"last_edited_user":"cgcartegraphsync","last_edited_date":1782150612000,"Shape.STLength()":49.61965220736742}},{"type":"Feature","id":118,"geometry":{"type":"LineString","coordinates":[[-82.01529923373651,26.627564290855137],[-82.0152992337423,26.62738332603178]]},"properties":{"OBJECTID":118,"ANGLE":90.199997,"BRIDGE_NUMBER":"108","TYPE":"C","INSPECTED_BY":"City","UNIT":"95","CANAL_NAME":"CARNAVAL CANAL","PROXIMITY":"SW 20TH AVE-SW 13TH ST-SW 13TH LN","REPORT_DATE":"2006","COMMENTS":"","INSPECTED":null,"INSP_FREQ":"2 Years","AbutmentType":"","ConditionGroup":"","DeckType":"","DeckWearingSurface":"","FeatureCrossed":"Canal","PierType":"","PredictionGroup":"","SpanType":"","Street":"SW 20TH AVE","StructureType":"","UseType":"Vehicle","CartegraphID":"118","Structure_Num":"125702","Jurisdiction":"City","Width":null,"LocalName":"","NOTES":"","FunctionallyObsolete":"","StructurallyDeficient":"","ScourCritical":"","VerticalClearance":0,"Qualifying":"NO","Navigable":"NO","SufficiencyRating":99.8,"HealthIndex":null,"AADT":null,"EstimatedOCR":"","EstimatedCCI":null,"EstimatedCCR":"","EstimatedOCI":null,"CurrentInspectionDate":null,"CurrentInspectionOCI":null,"CurrentInspectionOCR":null,"CurrentInspectionNotes":null,"CurrentInspectedby":null,"Installed":null,"Replaced":null,"Retired":null,"ActBefore":null,"GroundElevation":null,"CriticalityFactor":1,"DesignedLoadRating":null,"LoadRestricted":"","GlobalID":"{DD8DFA89-E62F-4C4D-92F3-FACEE63D3836}","created_user":null,"created_date":null,"last_edited_user":"cgcartegraphsync","last_edited_date":1782151360000,"Shape.STLength()":65.77841222127829}},{"type":"Feature","id":119,"geometry":{"type":"LineString","coordinates":[[-82.01515904581414,26.59833112831377],[-82.0151595790082,26.598255370989335]]},"properties":{"OBJECTID":119,"ANGLE":90,"BRIDGE_NUMBER":"81","TYPE":"C","INSPECTED_BY":"City","UNIT":"96","CANAL_NAME":"ACTION CANAL","PROXIMITY":"SW 20TH AVE-SW 28TH LN-SW 29TH TER","REPORT_DATE":"2005","COMMENTS":"Scour","INSPECTED":null,"INSP_FREQ":"2 Years","AbutmentType":"","ConditionGroup":"","DeckType":"","DeckWearingSurface":"","FeatureCrossed":"Canal","PierType":"","PredictionGroup":"","SpanType":"","Street":"SW 20TH AVE","StructureType":"","UseType":"Vehicle","CartegraphID":"119","Structure_Num":"125700","Jurisdiction":"City","Width":null,"LocalName":"","NOTES":"","FunctionallyObsolete":"","StructurallyDeficient":"","ScourCritical":"","VerticalClearance":9.6,"Qualifying":"NO","Navigable":"","SufficiencyRating":83.4,"HealthIndex":null,"AADT":null,"EstimatedOCR":"","EstimatedCCI":null,"EstimatedCCR":"","EstimatedOCI":null,"CurrentInspectionDate":null,"CurrentInspectionOCI":null,"CurrentInspectionOCR":null,"CurrentInspectionNotes":null,"CurrentInspectedby":null,"Installed":null,"Replaced":null,"Retired":null,"ActBefore":null,"GroundElevation":null,"CriticalityFactor":1,"DesignedLoadRating":null,"LoadRestricted":"","GlobalID":"{97E3936E-2DDD-4572-97FF-52A66212FF5C}","created_user":null,"created_date":null,"last_edited_user":"cgcartegraphsync","last_edited_date":1764953287000,"Shape.STLength()":27.537262360454864}},{"type":"Feature","id":120,"geometry":{"type":"LineString","coordinates":[[-82.01516075946066,26.595548497596177],[-82.01516032399313,26.59545909839943]]},"properties":{"OBJECTID":120,"ANGLE":90,"BRIDGE_NUMBER":"112","TYPE":"C","INSPECTED_BY":"City","UNIT":"96","CANAL_NAME":"KILLER CANAL","PROXIMITY":"SW 20TH AVE-SW 30TH TER-SW 31ST TER","REPORT_DATE":"2005","COMMENTS":"Scour","INSPECTED":null,"INSP_FREQ":"2 Years","AbutmentType":"","ConditionGroup":"","DeckType":"","DeckWearingSurface":"","FeatureCrossed":"Canal","PierType":"","PredictionGroup":"","SpanType":"","Street":"SW 20TH AVE","StructureType":"","UseType":"Vehicle","CartegraphID":"120","Structure_Num":"125698","Jurisdiction":"City","Width":null,"LocalName":"","NOTES":"","FunctionallyObsolete":"","StructurallyDeficient":"","ScourCritical":"","VerticalClearance":8,"Qualifying":"NO","Navigable":"","SufficiencyRating":89.6,"HealthIndex":null,"AADT":null,"EstimatedOCR":"","EstimatedCCI":null,"EstimatedCCR":"","EstimatedOCI":null,"CurrentInspectionDate":null,"CurrentInspectionOCI":null,"CurrentInspectionOCR":null,"CurrentInspectionNotes":null,"CurrentInspectedby":null,"Installed":null,"Replaced":null,"Retired":null,"ActBefore":null,"GroundElevation":null,"CriticalityFactor":1,"DesignedLoadRating":null,"LoadRestricted":"","GlobalID":"{F55CFBC0-DB20-4F25-ADC8-0AAC097362C5}","created_user":null,"created_date":null,"last_edited_user":"cgcartegraphsync","last_edited_date":1774466634000,"Shape.STLength()":32.49563677773886}},{"type":"Feature","id":121,"geometry":{"type":"LineString","coordinates":[[-81.98560451081237,26.611120617190938],[-81.98551352222107,26.611119430965182]]},"properties":{"OBJECTID":121,"ANGLE":0,"BRIDGE_NUMBER":"8 w","TYPE":"C","INSPECTED_BY":"State","UNIT":"62","CANAL_NAME":"CHALLENGER CANAL","PROXIMITY":"SW 22ND ST-SW 5TH AVE-SW 5TH PL","REPORT_DATE":"2015","COMMENTS":"WEIR 8","INSPECTED":null,"INSP_FREQ":"2 Years","AbutmentType":"","ConditionGroup":"","DeckType":"","DeckWearingSurface":"","FeatureCrossed":"Canal","PierType":"","PredictionGroup":"","SpanType":"","Street":"SW 22ND ST","StructureType":"","UseType":"Vehicle","CartegraphID":"121","Structure_Num":"125534","Jurisdiction":"City","Width":null,"LocalName":"","NOTES":"","FunctionallyObsolete":"","StructurallyDeficient":"","ScourCritical":"","VerticalClearance":0,"Qualifying":"","Navigable":"NO","SufficiencyRating":83.1,"HealthIndex":99.29,"AADT":null,"EstimatedOCR":"","EstimatedCCI":null,"EstimatedCCR":"","EstimatedOCI":null,"CurrentInspectionDate":null,"CurrentInspectionOCI":null,"CurrentInspectionOCR":null,"CurrentInspectionNotes":null,"CurrentInspectedby":null,"Installed":null,"Replaced":null,"Retired":null,"ActBefore":null,"GroundElevation":null,"CriticalityFactor":1,"DesignedLoadRating":null,"LoadRestricted":"","GlobalID":"{A7FBDF8E-F0DC-429E-B667-498E6306B5C8}","created_user":null,"created_date":null,"last_edited_user":"cgcartegraphsync","last_edited_date":1775069308000,"Shape.STLength()":29.732021329363455}},{"type":"Feature","id":122,"geometry":{"type":"LineString","coordinates":[[-82.02275640606982,26.610848882554397],[-82.0226232325048,26.610846833221448]]},"properties":{"OBJECTID":122,"ANGLE":0,"BRIDGE_NUMBER":"110","TYPE":"C","INSPECTED_BY":"City","UNIT":"94","CANAL_NAME":"MCDONOUGH CANAL","PROXIMITY":"SW 22ND TER-SW 23RD CT-SURFSIDE BLVD","REPORT_DATE":"2006","COMMENTS":"","INSPECTED":null,"INSP_FREQ":"2 Years","AbutmentType":"","ConditionGroup":"","DeckType":"","DeckWearingSurface":"","FeatureCrossed":"Canal","PierType":"","PredictionGroup":"","SpanType":"","Street":"SW 22ND TER","StructureType":"","UseType":"Vehicle","CartegraphID":"122","Structure_Num":"4","Jurisdiction":"City","Width":null,"LocalName":"","NOTES":"","FunctionallyObsolete":"","StructurallyDeficient":"","ScourCritical":"","VerticalClearance":0,"Qualifying":"NO","Navigable":"NO","SufficiencyRating":100,"HealthIndex":null,"AADT":null,"EstimatedOCR":"","EstimatedCCI":null,"EstimatedCCR":"","EstimatedOCI":null,"CurrentInspectionDate":null,"CurrentInspectionOCI":null,"CurrentInspectionOCR":null,"CurrentInspectionNotes":null,"CurrentInspectedby":null,"Installed":null,"Replaced":null,"Retired":null,"ActBefore":null,"GroundElevation":null,"CriticalityFactor":1,"DesignedLoadRating":null,"LoadRestricted":"","GlobalID":"{F7B55E6B-9275-4253-A4CE-D9755079440C}","created_user":null,"created_date":null,"last_edited_user":"cgcartegraphsync","last_edited_date":1774467034000,"Shape.STLength()":43.518560616519885}},{"type":"Feature","id":123,"geometry":{"type":"LineString","coordinates":[[-82.02343478768061,26.596815858352123],[-82.023433627078,26.596732226049706]]},"properties":{"OBJECTID":123,"ANGLE":90,"BRIDGE_NUMBER":"82","TYPE":"C","INSPECTED_BY":"City","UNIT":"93","CANAL_NAME":"BUDDY CANAL","PROXIMITY":"SW 25TH AVE-SW 30TH ST-SW 30TH TER","REPORT_DATE":"2006","COMMENTS":"","INSPECTED":null,"INSP_FREQ":"2 Years","AbutmentType":"","ConditionGroup":"","DeckType":"","DeckWearingSurface":"","FeatureCrossed":"Canal","PierType":"","PredictionGroup":"","SpanType":"","Street":"SW 25TH AVE","StructureType":"","UseType":"Vehicle","CartegraphID":"123","Structure_Num":"125706","Jurisdiction":"City","Width":null,"LocalName":"","NOTES":"","FunctionallyObsolete":"","StructurallyDeficient":"","ScourCritical":"","VerticalClearance":8.6,"Qualifying":"NO","Navigable":"","SufficiencyRating":89.7,"HealthIndex":null,"AADT":null,"EstimatedOCR":"","EstimatedCCI":null,"EstimatedCCR":"","EstimatedOCI":null,"CurrentInspectionDate":null,"CurrentInspectionOCI":null,"CurrentInspectionOCR":null,"CurrentInspectionNotes":null,"CurrentInspectedby":null,"Installed":null,"Replaced":null,"Retired":null,"ActBefore":null,"GroundElevation":null,"CriticalityFactor":1,"DesignedLoadRating":null,"LoadRestricted":"","GlobalID":"{DAE1BC2B-CEF1-4222-8830-162FEC49EE21}","created_user":null,"created_date":null,"last_edited_user":"cgcartegraphsync","last_edited_date":1774466431000,"Shape.STLength()":30.401514131001065}},{"type":"Feature","id":124,"geometry":{"type":"LineString","coordinates":[[-81.98452858921318,26.603958630263676],[-81.98438545764077,26.603958316774154]]},"properties":{"OBJECTID":124,"ANGLE":0,"BRIDGE_NUMBER":"37","TYPE":"C","INSPECTED_BY":"State","UNIT":"45-1","CANAL_NAME":"NIAGARA CANAL","PROXIMITY":"SW 26TH ST-SW 4TH PL-SW 5TH AVE","REPORT_DATE":"2015","COMMENTS":"POA","INSPECTED":null,"INSP_FREQ":"2 Years","AbutmentType":"","ConditionGroup":"","DeckType":"","DeckWearingSurface":"","FeatureCrossed":"Canal","PierType":"","PredictionGroup":"","SpanType":"","Street":"SW 26TH ST","StructureType":"","UseType":"Vehicle","CartegraphID":"124","Structure_Num":"125518","Jurisdiction":"City","Width":null,"LocalName":"","NOTES":"","FunctionallyObsolete":"","StructurallyDeficient":"","ScourCritical":"","VerticalClearance":7.9,"Qualifying":"","Navigable":"","SufficiencyRating":96,"HealthIndex":84.09,"AADT":null,"EstimatedOCR":"","EstimatedCCI":null,"EstimatedCCR":"","EstimatedOCI":null,"CurrentInspectionDate":null,"CurrentInspectionOCI":null,"CurrentInspectionOCR":null,"CurrentInspectionNotes":null,"CurrentInspectedby":null,"Installed":null,"Replaced":null,"Retired":null,"ActBefore":null,"GroundElevation":null,"CriticalityFactor":1,"DesignedLoadRating":null,"LoadRestricted":"","GlobalID":"{D8470781-8DFF-465E-8813-294F5AE8140A}","created_user":null,"created_date":null,"last_edited_user":"cgcartegraphsync","last_edited_date":1773773594000,"Shape.STLength()":46.768732567350035}},{"type":"Feature","id":125,"geometry":{"type":"LineString","coordinates":[[-81.9964444366814,26.600497661197615],[-81.99633286240632,26.600498106057756]]},"properties":{"OBJECTID":125,"ANGLE":0,"BRIDGE_NUMBER":"34","TYPE":"C","INSPECTED_BY":"City","UNIT":"66","CANAL_NAME":"ARIES CANAL","PROXIMITY":"SW 28TH ST-SW 10TH AVE-SW 11TH AVE","REPORT_DATE":"2005","COMMENTS":"","INSPECTED":null,"INSP_FREQ":"2 Years","AbutmentType":"","ConditionGroup":"","DeckType":"","DeckWearingSurface":"","FeatureCrossed":"Canal","PierType":"","PredictionGroup":"","SpanType":"","Street":"SW 28TH ST","StructureType":"","UseType":"Vehicle","CartegraphID":"125","Structure_Num":"125516","Jurisdiction":"City","Width":null,"LocalName":"","NOTES":"","FunctionallyObsolete":"","StructurallyDeficient":"","ScourCritical":"","VerticalClearance":6.5,"Qualifying":"NO","Navigable":"","SufficiencyRating":100,"HealthIndex":null,"AADT":null,"EstimatedOCR":"","EstimatedCCI":null,"EstimatedCCR":"","EstimatedOCI":null,"CurrentInspectionDate":null,"CurrentInspectionOCI":null,"CurrentInspectionOCR":null,"CurrentInspectionNotes":null,"CurrentInspectedby":null,"Installed":null,"Replaced":null,"Retired":null,"ActBefore":null,"GroundElevation":null,"CriticalityFactor":1,"DesignedLoadRating":null,"LoadRestricted":"","GlobalID":"{B2F4E70B-A763-4034-B6E5-C6BA288D9301}","created_user":null,"created_date":null,"last_edited_user":"cgcartegraphsync","last_edited_date":1773773925000,"Shape.STLength()":36.45862358133409}},{"type":"Feature","id":126,"geometry":{"type":"LineString","coordinates":[[-81.97416845854328,26.580245124093782],[-81.97417116553557,26.58001884688197]]},"properties":{"OBJECTID":126,"ANGLE":90,"BRIDGE_NUMBER":"25","TYPE":"B","INSPECTED_BY":"State","UNIT":"45","CANAL_NAME":"PRINCETON CANAL","PROXIMITY":"SANTA BARBARA BLVD-SE 38TH TER-SE 39TH ST","REPORT_DATE":"2015","COMMENTS":"","INSPECTED":null,"INSP_FREQ":"2 Years","AbutmentType":"","ConditionGroup":"","DeckType":"","DeckWearingSurface":"","FeatureCrossed":"Canal","PierType":"","PredictionGroup":"","SpanType":"","Street":"SANTA BARBARA BLVD","StructureType":"","UseType":"Vehicle","CartegraphID":"126","Structure_Num":"125660","Jurisdiction":"City","Width":null,"LocalName":"","NOTES":"","FunctionallyObsolete":"","StructurallyDeficient":"","ScourCritical":"","VerticalClearance":9.3,"Qualifying":"","Navigable":"","SufficiencyRating":58.3,"HealthIndex":89.01,"AADT":10600,"EstimatedOCR":"","EstimatedCCI":null,"EstimatedCCR":"","EstimatedOCI":null,"CurrentInspectionDate":null,"CurrentInspectionOCI":null,"CurrentInspectionOCR":null,"CurrentInspectionNotes":null,"CurrentInspectedby":null,"Installed":null,"Replaced":null,"Retired":null,"ActBefore":null,"GroundElevation":null,"CriticalityFactor":1,"DesignedLoadRating":null,"LoadRestricted":"","GlobalID":"{CAE78120-8941-4ECE-9E3D-47CDF6DAEF91}","created_user":null,"created_date":null,"last_edited_user":"cgcartegraphsync","last_edited_date":1773774231000,"Shape.STLength()":82.25310435154087}},{"type":"Feature","id":127,"geometry":{"type":"LineString","coordinates":[[-81.97427310173421,26.641039551876627],[-81.97427474936245,26.640804560021596]]},"properties":{"OBJECTID":127,"ANGLE":90,"BRIDGE_NUMBER":"45","TYPE":"D","INSPECTED_BY":"State","UNIT":"23","CANAL_NAME":"CADMAN CANAL","PROXIMITY":"SANTA BARBARA BLVD-SE 5TH ST-SE 6TH ST","REPORT_DATE":"2015","COMMENTS":"","INSPECTED":null,"INSP_FREQ":"2 Years","AbutmentType":"","ConditionGroup":"","DeckType":"","DeckWearingSurface":"","FeatureCrossed":"Canal","PierType":"","PredictionGroup":"","SpanType":"","Street":"SANTA BARBARA BLVD","StructureType":"","UseType":"Vehicle","CartegraphID":"127","Structure_Num":"125662","Jurisdiction":"City","Width":null,"LocalName":"","NOTES":"","FunctionallyObsolete":"","StructurallyDeficient":"","ScourCritical":"","VerticalClearance":5.5,"Qualifying":"","Navigable":"","SufficiencyRating":91.9,"HealthIndex":90.77,"AADT":13500,"EstimatedOCR":"","EstimatedCCI":null,"EstimatedCCR":"","EstimatedOCI":null,"CurrentInspectionDate":null,"CurrentInspectionOCI":null,"CurrentInspectionOCR":null,"CurrentInspectionNotes":null,"CurrentInspectedby":null,"Installed":null,"Replaced":null,"Retired":null,"ActBefore":null,"GroundElevation":null,"CriticalityFactor":1,"DesignedLoadRating":null,"LoadRestricted":"","GlobalID":"{70B09E47-4630-4DDE-8A88-23C3439808CF}","created_user":null,"created_date":null,"last_edited_user":"cgcartegraphsync","last_edited_date":1775507277000,"Shape.STLength()":85.41841279952573}},{"type":"Feature","id":128,"geometry":{"type":"LineString","coordinates":[[-82.00954649509207,26.583738499636766],[-82.00941168584367,26.58373865754028]]},"properties":{"OBJECTID":128,"ANGLE":0,"BRIDGE_NUMBER":"80","TYPE":"B","INSPECTED_BY":"City","UNIT":"70","CANAL_NAME":"PERCH CANAL","PROXIMITY":"SAVONA PKWY W-SW 17TH AVE-SW 17TH PL","REPORT_DATE":"2009","COMMENTS":"","INSPECTED":null,"INSP_FREQ":"2 Years","AbutmentType":"","ConditionGroup":"","DeckType":"","DeckWearingSurface":"","FeatureCrossed":"Canal","PierType":"","PredictionGroup":"","SpanType":"","Street":"SAVONA PKWY W","StructureType":"","UseType":"Vehicle","CartegraphID":"128","Structure_Num":"125510","Jurisdiction":"City","Width":null,"LocalName":"","NOTES":"","FunctionallyObsolete":"","StructurallyDeficient":"","ScourCritical":"","VerticalClearance":8.9,"Qualifying":"NO","Navigable":"","SufficiencyRating":95.8,"HealthIndex":null,"AADT":3000,"EstimatedOCR":"","EstimatedCCI":null,"EstimatedCCR":"","EstimatedOCI":null,"CurrentInspectionDate":null,"CurrentInspectionOCI":null,"CurrentInspectionOCR":null,"CurrentInspectionNotes":null,"CurrentInspectedby":null,"Installed":null,"Replaced":null,"Retired":null,"ActBefore":null,"GroundElevation":null,"CriticalityFactor":1,"DesignedLoadRating":null,"LoadRestricted":"","GlobalID":"{8F682C5C-D240-49F8-A97E-92C7D30DBD6C}","created_user":null,"created_date":null,"last_edited_user":"cgcartegraphsync","last_edited_date":1774378908000,"Shape.STLength()":44.05703175761947}},{"type":"Feature","id":129,"geometry":{"type":"LineString","coordinates":[[-81.95076682338387,26.60350272914456],[-81.95057156340435,26.603502063945378]]},"properties":{"OBJECTID":129,"ANGLE":0,"BRIDGE_NUMBER":"7","TYPE":"A","INSPECTED_BY":"State","UNIT":"21","CANAL_NAME":"RUBICAN CANAL","PROXIMITY":"SE 26TH TER-SHELBY PKWY-ARCHER PKWY E","REPORT_DATE":"2015","COMMENTS":"","INSPECTED":null,"INSP_FREQ":"2 Years","AbutmentType":"","ConditionGroup":"","DeckType":"","DeckWearingSurface":"","FeatureCrossed":"Canal","PierType":"","PredictionGroup":"","SpanType":"","Street":"SE 26TH TER","StructureType":"","UseType":"Vehicle","CartegraphID":"129","Structure_Num":"125522","Jurisdiction":"City","Width":null,"LocalName":"","NOTES":"","FunctionallyObsolete":"","StructurallyDeficient":"","ScourCritical":"","VerticalClearance":10.75,"Qualifying":"","Navigable":"","SufficiencyRating":77.2,"HealthIndex":78.77,"AADT":1700,"EstimatedOCR":"","EstimatedCCI":null,"EstimatedCCR":"","EstimatedOCI":null,"CurrentInspectionDate":null,"CurrentInspectionOCI":null,"CurrentInspectionOCR":null,"CurrentInspectionNotes":null,"CurrentInspectedby":null,"Installed":null,"Replaced":null,"Retired":null,"ActBefore":null,"GroundElevation":null,"CriticalityFactor":1,"DesignedLoadRating":null,"LoadRestricted":"","GlobalID":"{B7CEBFF0-CC1E-4A36-9A9E-EAEC21749814}","created_user":null,"created_date":null,"last_edited_user":"cgcartegraphsync","last_edited_date":1773689021000,"Shape.STLength()":63.802407423664675}},{"type":"Feature","id":130,"geometry":{"type":"LineString","coordinates":[[-81.99091361873515,26.593235844531655],[-81.9909133837231,26.593071587815178]]},"properties":{"OBJECTID":130,"ANGLE":90,"BRIDGE_NUMBER":"33","TYPE":"D","INSPECTED_BY":"State","UNIT":"45-1","CANAL_NAME":"BARKENTINE CANAL","PROXIMITY":"SKYLINE BLVD-SW 31ST TER-GLEASON PKWY","REPORT_DATE":"2015","COMMENTS":"WEIR 33","INSPECTED":null,"INSP_FREQ":"2 Years","AbutmentType":"","ConditionGroup":"","DeckType":"","DeckWearingSurface":"","FeatureCrossed":"Canal","PierType":"","PredictionGroup":"","SpanType":"","Street":"SKYLINE BLVD","StructureType":"","UseType":"Vehicle","CartegraphID":"130","Structure_Num":"125674","Jurisdiction":"City","Width":null,"LocalName":"","NOTES":"","FunctionallyObsolete":"","StructurallyDeficient":"","ScourCritical":"","VerticalClearance":0,"Qualifying":"","Navigable":"NO","SufficiencyRating":87.8,"HealthIndex":85.84,"AADT":13100,"EstimatedOCR":"","EstimatedCCI":null,"EstimatedCCR":"","EstimatedOCI":null,"CurrentInspectionDate":null,"CurrentInspectionOCI":null,"CurrentInspectionOCR":null,"CurrentInspectionNotes":null,"CurrentInspectedby":null,"Installed":null,"Replaced":null,"Retired":null,"ActBefore":null,"GroundElevation":null,"CriticalityFactor":1,"DesignedLoadRating":null,"LoadRestricted":"","GlobalID":"{43499C6B-A838-40B2-8963-DA86B430AD7C}","created_user":null,"created_date":null,"last_edited_user":"cgcartegraphsync","last_edited_date":1787944823000,"Shape.STLength()":59.70498807815933}},{"type":"Feature","id":131,"geometry":{"type":"LineString","coordinates":[[-81.99062882571157,26.561390069664213],[-81.99062429501133,26.561241920768367]]},"properties":{"OBJECTID":131,"ANGLE":98,"BRIDGE_NUMBER":"28","TYPE":"B","INSPECTED_BY":"State","UNIT":"64-1","CANAL_NAME":"VERNON CANAL","PROXIMITY":"SKYLINE BLVD-CAPE CORAL PKWY W-SW 49TH LN","REPORT_DATE":"2015","COMMENTS":"","INSPECTED":null,"INSP_FREQ":"2 Years","AbutmentType":"","ConditionGroup":"","DeckType":"","DeckWearingSurface":"","FeatureCrossed":"Canal","PierType":"","PredictionGroup":"","SpanType":"","Street":"SKYLINE BLVD","StructureType":"","UseType":"Vehicle","CartegraphID":"131","Structure_Num":"125672","Jurisdiction":"City","Width":null,"LocalName":"","NOTES":"","FunctionallyObsolete":"","StructurallyDeficient":"","ScourCritical":"","VerticalClearance":9,"Qualifying":"","Navigable":"","SufficiencyRating":90.5,"HealthIndex":93.67,"AADT":5500,"EstimatedOCR":"","EstimatedCCI":null,"EstimatedCCR":"","EstimatedOCI":null,"CurrentInspectionDate":null,"CurrentInspectionOCI":null,"CurrentInspectionOCR":null,"CurrentInspectionNotes":null,"CurrentInspectedby":null,"Installed":null,"Replaced":null,"Retired":null,"ActBefore":null,"GroundElevation":null,"CriticalityFactor":1,"DesignedLoadRating":null,"LoadRestricted":"","GlobalID":"{690466C9-D2EA-4E05-850D-49112044E6BB}","created_user":null,"created_date":null,"last_edited_user":"cgcartegraphsync","last_edited_date":1786461487000,"Shape.STLength()":53.870099095333174}},{"type":"Feature","id":132,"geometry":{"type":"LineString","coordinates":[[-82.02539690218723,26.601266297662008],[-82.02534940266129,26.60118906050427]]},"properties":{"OBJECTID":132,"ANGLE":60,"BRIDGE_NUMBER":"111","TYPE":"C","INSPECTED_BY":"City","UNIT":"93-1","CANAL_NAME":"PATRICIA CANAL","PROXIMITY":"SW 25TH PL-SURFSIDE BLVD-SW 28TH TER","REPORT_DATE":"2006","COMMENTS":"","INSPECTED":null,"INSP_FREQ":"2 Years","AbutmentType":"","ConditionGroup":"","DeckType":"","DeckWearingSurface":"","FeatureCrossed":"Canal","PierType":"","PredictionGroup":"","SpanType":"","Street":"SW 25TH PL","StructureType":"","UseType":"Vehicle","CartegraphID":"132","Structure_Num":"125722","Jurisdiction":"City","Width":null,"LocalName":"","NOTES":"","FunctionallyObsolete":"","StructurallyDeficient":"","ScourCritical":"","VerticalClearance":8,"Qualifying":"NO","Navigable":"","SufficiencyRating":87.1,"HealthIndex":null,"AADT":null,"EstimatedOCR":"","EstimatedCCI":null,"EstimatedCCR":"","EstimatedOCI":null,"CurrentInspectionDate":null,"CurrentInspectionOCI":null,"CurrentInspectionOCR":null,"CurrentInspectionNotes":null,"CurrentInspectedby":null,"Installed":null,"Replaced":null,"Retired":null,"ActBefore":null,"GroundElevation":null,"CriticalityFactor":1,"DesignedLoadRating":null,"LoadRestricted":"","GlobalID":"{4E935CD3-603C-46D9-904D-AF601995BD80}","created_user":null,"created_date":null,"last_edited_user":"cgcartegraphsync","last_edited_date":1774466336000,"Shape.STLength()":32.079347195455405}},{"type":"Feature","id":133,"geometry":{"type":"LineString","coordinates":[[-82.02989519241783,26.59969371847666],[-82.02978453678463,26.59974858832552]]},"properties":{"OBJECTID":133,"ANGLE":150,"BRIDGE_NUMBER":"113","TYPE":"B","INSPECTED_BY":"City","UNIT":"93","CANAL_NAME":"MAXINE CANAL","PROXIMITY":"SURFSIDE BLVD-SW 27TH PL-SW 28TH AVE","REPORT_DATE":"2006","COMMENTS":"","INSPECTED":null,"INSP_FREQ":"2 Years","AbutmentType":"","ConditionGroup":"","DeckType":"","DeckWearingSurface":"","FeatureCrossed":"Canal","PierType":"","PredictionGroup":"","SpanType":"","Street":"SURFSIDE BLVD","StructureType":"","UseType":"Vehicle","CartegraphID":"133","Structure_Num":"125724","Jurisdiction":"City","Width":null,"LocalName":"","NOTES":"","FunctionallyObsolete":"","StructurallyDeficient":"","ScourCritical":"","VerticalClearance":8,"Qualifying":"NO","Navigable":"","SufficiencyRating":99.8,"HealthIndex":null,"AADT":4700,"EstimatedOCR":"","EstimatedCCI":null,"EstimatedCCR":"","EstimatedOCI":null,"CurrentInspectionDate":null,"CurrentInspectionOCI":null,"CurrentInspectionOCR":null,"CurrentInspectionNotes":null,"CurrentInspectedby":null,"Installed":null,"Replaced":null,"Retired":null,"ActBefore":null,"GroundElevation":null,"CriticalityFactor":1,"DesignedLoadRating":null,"LoadRestricted":"","GlobalID":"{5ADEB50F-BD76-49A2-AD4C-5B6319B98C99}","created_user":null,"created_date":null,"last_edited_user":"cgcartegraphsync","last_edited_date":1774466239000,"Shape.STLength()":41.29412745568442}},{"type":"Feature","id":134,"geometry":{"type":"LineString","coordinates":[[-82.03565638291549,26.583815004207562],[-82.0356770636978,26.58370324844626]]},"properties":{"OBJECTID":134,"ANGLE":90.5,"BRIDGE_NUMBER":"91","TYPE":"B","INSPECTED_BY":"City","UNIT":"74","CANAL_NAME":"HERNANDO CANAL","PROXIMITY":"SURFSIDE BLVD-SW 36TH TER-SW 37TH TER","REPORT_DATE":"2006","COMMENTS":"","INSPECTED":null,"INSP_FREQ":"2 Years","AbutmentType":"","ConditionGroup":"","DeckType":"","DeckWearingSurface":"","FeatureCrossed":"Canal","PierType":"","PredictionGroup":"","SpanType":"","Street":"SURFSIDE BLVD","StructureType":"","UseType":"Vehicle","CartegraphID":"134","Structure_Num":"125728","Jurisdiction":"City","Width":null,"LocalName":"","NOTES":"","FunctionallyObsolete":"","StructurallyDeficient":"","ScourCritical":"","VerticalClearance":8.6,"Qualifying":"NO","Navigable":"","SufficiencyRating":99.1,"HealthIndex":null,"AADT":1000,"EstimatedOCR":"","EstimatedCCI":null,"EstimatedCCR":"","EstimatedOCI":null,"CurrentInspectionDate":null,"CurrentInspectionOCI":null,"CurrentInspectionOCR":null,"CurrentInspectionNotes":null,"CurrentInspectedby":null,"Installed":null,"Replaced":null,"Retired":null,"ActBefore":null,"GroundElevation":null,"CriticalityFactor":1,"DesignedLoadRating":null,"LoadRestricted":"","GlobalID":"{11E77165-C8D4-481B-93B4-E1DDC5210A57}","created_user":null,"created_date":null,"last_edited_user":"cgcartegraphsync","last_edited_date":1774379027000,"Shape.STLength()":41.17997617626336}},{"type":"Feature","id":135,"geometry":{"type":"LineString","coordinates":[[-82.00565207590564,26.622722826597336],[-82.00540630991985,26.62272107427484]]},"properties":{"OBJECTID":135,"ANGLE":359,"BRIDGE_NUMBER":"10 w","TYPE":"","INSPECTED_BY":"City","UNIT":"63","CANAL_NAME":"TICONDEROGA CANAL","PROXIMITY":"TRAFALGAR PKWY-SW 15TH AVE-SW 15TH PL","REPORT_DATE":"2007","COMMENTS":"WEIR 10","INSPECTED":null,"INSP_FREQ":"2 Years","AbutmentType":"","ConditionGroup":"","DeckType":"","DeckWearingSurface":"","FeatureCrossed":"Canal","PierType":"","PredictionGroup":"","SpanType":"","Street":"TRAFALGAR PKWY","StructureType":"","UseType":"Vehicle","CartegraphID":"135","Structure_Num":"1","Jurisdiction":"City","Width":null,"LocalName":"","NOTES":"","FunctionallyObsolete":"","StructurallyDeficient":"","ScourCritical":"","VerticalClearance":0,"Qualifying":"NO","Navigable":"NO","SufficiencyRating":99.8,"HealthIndex":null,"AADT":5300,"EstimatedOCR":"","EstimatedCCI":null,"EstimatedCCR":"","EstimatedOCI":null,"CurrentInspectionDate":null,"CurrentInspectionOCI":null,"CurrentInspectionOCR":null,"CurrentInspectionNotes":null,"CurrentInspectedby":null,"Installed":null,"Replaced":null,"Retired":null,"ActBefore":null,"GroundElevation":null,"CriticalityFactor":1,"DesignedLoadRating":null,"LoadRestricted":"","GlobalID":"{379C6592-EBD3-4D24-A764-A963551724D0}","created_user":null,"created_date":null,"last_edited_user":"cgcartegraphsync","last_edited_date":1764953460000,"Shape.STLength()":80.29406008665003}},{"type":"Feature","id":136,"geometry":{"type":"LineString","coordinates":[[-82.01022089734396,26.622737266028498],[-82.01008502007082,26.622737478811096]]},"properties":{"OBJECTID":136,"ANGLE":0,"BRIDGE_NUMBER":"84","TYPE":"D","INSPECTED_BY":"State","UNIT":"71","CANAL_NAME":"PROGRESS CANAL","PROXIMITY":"TRAFALGAR PKWY-SW 17TH AVE-SW 17TH PL","REPORT_DATE":"2015","COMMENTS":"POA","INSPECTED":null,"INSP_FREQ":"2 Years","AbutmentType":"","ConditionGroup":"","DeckType":"","DeckWearingSurface":"","FeatureCrossed":"Canal","PierType":"","PredictionGroup":"","SpanType":"","Street":"TRAFALGAR PKWY","StructureType":"","UseType":"Vehicle","CartegraphID":"136","Structure_Num":"125542","Jurisdiction":"City","Width":null,"LocalName":"","NOTES":"","FunctionallyObsolete":"","StructurallyDeficient":"","ScourCritical":"","VerticalClearance":7.9,"Qualifying":"","Navigable":"","SufficiencyRating":94.4,"HealthIndex":99.98,"AADT":5700,"EstimatedOCR":"","EstimatedCCI":null,"EstimatedCCR":"","EstimatedOCI":null,"CurrentInspectionDate":null,"CurrentInspectionOCI":null,"CurrentInspectionOCR":null,"CurrentInspectionNotes":null,"CurrentInspectedby":null,"Installed":null,"Replaced":null,"Retired":null,"ActBefore":null,"GroundElevation":null,"CriticalityFactor":1,"DesignedLoadRating":null,"LoadRestricted":"","GlobalID":"{B59957E6-21AD-4595-88D3-35D5941343DE}","created_user":null,"created_date":null,"last_edited_user":"cgcartegraphsync","last_edited_date":1782151563000,"Shape.STLength()":44.391048710703046}},{"type":"Feature","id":137,"geometry":{"type":"LineString","coordinates":[[-81.98444429562726,26.62293980538755],[-81.98425693899507,26.622938434487626]]},"properties":{"OBJECTID":137,"ANGLE":359,"BRIDGE_NUMBER":"41","TYPE":"D","INSPECTED_BY":"State","UNIT":"62","CANAL_NAME":"PROVIDENCE CANAL","PROXIMITY":"TRAFALGAR PKWY-SW 4TH CT-SW 5TH AVE","REPORT_DATE":"2015","COMMENTS":"","INSPECTED":null,"INSP_FREQ":"2 Years","AbutmentType":"","ConditionGroup":"","DeckType":"","DeckWearingSurface":"","FeatureCrossed":"Canal","PierType":"","PredictionGroup":"","SpanType":"","Street":"TRAFALGAR PKWY","StructureType":"","UseType":"Vehicle","CartegraphID":"137","Structure_Num":"125546","Jurisdiction":"City","Width":null,"LocalName":"","NOTES":"","FunctionallyObsolete":"","StructurallyDeficient":"","ScourCritical":"","VerticalClearance":6.5,"Qualifying":"","Navigable":"","SufficiencyRating":88.7,"HealthIndex":99.27,"AADT":7000,"EstimatedOCR":"","EstimatedCCI":null,"EstimatedCCR":"","EstimatedOCI":null,"CurrentInspectionDate":null,"CurrentInspectionOCI":null,"CurrentInspectionOCR":null,"CurrentInspectionNotes":null,"CurrentInspectedby":null,"Installed":null,"Replaced":null,"Retired":null,"ActBefore":null,"GroundElevation":null,"CriticalityFactor":1,"DesignedLoadRating":null,"LoadRestricted":"","GlobalID":"{89E14868-3B9A-4755-A16F-625E80B8D401}","created_user":null,"created_date":null,"last_edited_user":"cgcartegraphsync","last_edited_date":1775068834000,"Shape.STLength()":61.21116295272332}},{"type":"Feature","id":138,"geometry":{"type":"LineString","coordinates":[[-81.96373159239184,26.666373576141904],[-81.96360736077327,26.666305394907813]]},"properties":{"OBJECTID":138,"ANGLE":40,"BRIDGE_NUMBER":"47","TYPE":"D","INSPECTED_BY":"State","UNIT":"35","CANAL_NAME":"VERMONT CANAL","PROXIMITY":"TROPICANA PKWY E-NE 5TH AVE-NE 5TH PL","REPORT_DATE":"2015","COMMENTS":"POA","INSPECTED":null,"INSP_FREQ":"2 Years","AbutmentType":"","ConditionGroup":"","DeckType":"","DeckWearingSurface":"","FeatureCrossed":"Canal","PierType":"","PredictionGroup":"","SpanType":"","Street":"TROPICANA PKWY E","StructureType":"","UseType":"Vehicle","CartegraphID":"138","Structure_Num":"125568","Jurisdiction":"City","Width":null,"LocalName":"","NOTES":"","FunctionallyObsolete":"","StructurallyDeficient":"","ScourCritical":"","VerticalClearance":7.9,"Qualifying":"","Navigable":"","SufficiencyRating":90.2,"HealthIndex":82.61,"AADT":2700,"EstimatedOCR":"","EstimatedCCI":null,"EstimatedCCR":"","EstimatedOCI":null,"CurrentInspectionDate":null,"CurrentInspectionOCI":null,"CurrentInspectionOCR":null,"CurrentInspectionNotes":null,"CurrentInspectedby":null,"Installed":null,"Replaced":null,"Retired":null,"ActBefore":null,"GroundElevation":null,"CriticalityFactor":1,"DesignedLoadRating":null,"LoadRestricted":"","GlobalID":"{1D2B85C9-B88A-4F73-8ABA-11D1151A7438}","created_user":null,"created_date":null,"last_edited_user":"cgcartegraphsync","last_edited_date":1783970105000,"Shape.STLength()":47.54163100562309}},{"type":"Feature","id":139,"geometry":{"type":"LineString","coordinates":[[-81.9811310022708,26.6669984674082],[-81.98091948825993,26.667000972745353]]},"properties":{"OBJECTID":139,"ANGLE":0,"BRIDGE_NUMBER":"50","TYPE":"D","INSPECTED_BY":"State","UNIT":"37","CANAL_NAME":"QUANTICO CANAL","PROXIMITY":"TROPICANA PKWY W-NW 3RD AVE-NW 3RD PL","REPORT_DATE":"2015","COMMENTS":"POA","INSPECTED":null,"INSP_FREQ":"2 Years","AbutmentType":"","ConditionGroup":"","DeckType":"","DeckWearingSurface":"","FeatureCrossed":"Canal","PierType":"","PredictionGroup":"","SpanType":"","Street":"TROPICANA PKWY W","StructureType":"","UseType":"Vehicle","CartegraphID":"139","Structure_Num":"125566","Jurisdiction":"City","Width":null,"LocalName":"","NOTES":"","FunctionallyObsolete":"","StructurallyDeficient":"","ScourCritical":"","VerticalClearance":8,"Qualifying":"","Navigable":"","SufficiencyRating":90.2,"HealthIndex":86.46,"AADT":3000,"EstimatedOCR":"","EstimatedCCI":null,"EstimatedCCR":"","EstimatedOCI":null,"CurrentInspectionDate":null,"CurrentInspectionOCI":null,"CurrentInspectionOCR":null,"CurrentInspectionNotes":null,"CurrentInspectedby":null,"Installed":null,"Replaced":null,"Retired":null,"ActBefore":null,"GroundElevation":null,"CriticalityFactor":1,"DesignedLoadRating":null,"LoadRestricted":"","GlobalID":"{FEDE2029-B001-46FA-98AD-F5B376959713}","created_user":null,"created_date":null,"last_edited_user":"cgcartegraphsync","last_edited_date":1777402718000,"Shape.STLength()":69.08080382257893}},{"type":"Feature","id":140,"geometry":{"type":"LineString","coordinates":[[-82.01600247522518,26.60697058961212],[-82.01557378117462,26.606964160099803]]},"properties":{"OBJECTID":140,"ANGLE":0,"BRIDGE_NUMBER":"22 w","TYPE":"","INSPECTED_BY":"County","UNIT":"92","CANAL_NAME":"ARMSTRONG CANAL","PROXIMITY":"VETERANS MEMORIAL PKWY-SW 20TH AVE-SW 22ND PL","REPORT_DATE":"","COMMENTS":"WEIR","INSPECTED":null,"INSP_FREQ":"2 Years","AbutmentType":"","ConditionGroup":"","DeckType":"","DeckWearingSurface":"","FeatureCrossed":"Canal","PierType":"","PredictionGroup":"","SpanType":"","Street":"VETERANS MEMORIAL PKWY","StructureType":"","UseType":"Vehicle","CartegraphID":"140","Structure_Num":"","Jurisdiction":"County","Width":null,"LocalName":"","NOTES":"","FunctionallyObsolete":"","StructurallyDeficient":"","ScourCritical":"","VerticalClearance":0,"Qualifying":"","Navigable":"NO","SufficiencyRating":null,"HealthIndex":null,"AADT":20500,"EstimatedOCR":"","EstimatedCCI":null,"EstimatedCCR":"","EstimatedOCI":null,"CurrentInspectionDate":null,"CurrentInspectionOCI":null,"CurrentInspectionOCR":null,"CurrentInspectionNotes":null,"CurrentInspectedby":null,"Installed":null,"Replaced":null,"Retired":null,"ActBefore":null,"GroundElevation":null,"CriticalityFactor":1,"DesignedLoadRating":null,"LoadRestricted":"","GlobalID":"{F0B807BD-DBEE-4384-9A3F-196F847B326F}","created_user":null,"created_date":null,"last_edited_user":"cgCartegraphAdmin","last_edited_date":1601910486000,"Shape.STLength()":140.09266678209303}},{"type":"Feature","id":141,"geometry":{"type":"LineString","coordinates":[[-81.92924578025122,26.607694581229353],[-81.92905237375615,26.607692574134568]]},"properties":{"OBJECTID":141,"ANGLE":0,"BRIDGE_NUMBER":"","TYPE":"S","INSPECTED_BY":"State","UNIT":"19","CANAL_NAME":"HEDDON CANAL","PROXIMITY":"VETERANS MEMORIAL PKWY-SE 20TH PL-SE 21ST AVE","REPORT_DATE":"","COMMENTS":"New 1997","INSPECTED":null,"INSP_FREQ":"2 Years","AbutmentType":"","ConditionGroup":"","DeckType":"","DeckWearingSurface":"","FeatureCrossed":"Canal","PierType":"","PredictionGroup":"","SpanType":"","Street":"VETERANS MEMORIAL PKWY","StructureType":"","UseType":"Vehicle","CartegraphID":"141","Structure_Num":"124097","Jurisdiction":"County","Width":null,"LocalName":"","NOTES":"","FunctionallyObsolete":"","StructurallyDeficient":"","ScourCritical":"","VerticalClearance":null,"Qualifying":"","Navigable":"","SufficiencyRating":null,"HealthIndex":null,"AADT":51800,"EstimatedOCR":"","EstimatedCCI":null,"EstimatedCCR":"","EstimatedOCI":null,"CurrentInspectionDate":null,"CurrentInspectionOCI":null,"CurrentInspectionOCR":null,"CurrentInspectionNotes":null,"CurrentInspectedby":null,"Installed":null,"Replaced":null,"Retired":null,"ActBefore":null,"GroundElevation":null,"CriticalityFactor":1,"DesignedLoadRating":null,"LoadRestricted":"","GlobalID":"{7446B3C2-AF78-4BCE-9C30-D703E5C5E1F7}","created_user":null,"created_date":null,"last_edited_user":"cgCartegraphAdmin","last_edited_date":1601910486000,"Shape.STLength()":63.19824411785384}},{"type":"Feature","id":142,"geometry":{"type":"LineString","coordinates":[[-81.94199140793872,26.607437570176987],[-81.94046113727522,26.607465595794082]]},"properties":{"OBJECTID":142,"ANGLE":0,"BRIDGE_NUMBER":"","TYPE":"","INSPECTED_BY":"State","UNIT":"19","CANAL_NAME":"","PROXIMITY":"VETERANS MEMORIAL PKWY-DEL PRADO BLVD OVERPASS","REPORT_DATE":"","COMMENTS":"New 1997 Overpass","INSPECTED":null,"INSP_FREQ":"2 Years","AbutmentType":"","ConditionGroup":"","DeckType":"","DeckWearingSurface":"","FeatureCrossed":"Intersection","PierType":"","PredictionGroup":"","SpanType":"","Street":"VETERANS MEMORIAL PKWY","StructureType":"","UseType":"Vehicle","CartegraphID":"142","Structure_Num":"124098","Jurisdiction":"County","Width":null,"LocalName":"","NOTES":"","FunctionallyObsolete":"","StructurallyDeficient":"","ScourCritical":"","VerticalClearance":null,"Qualifying":"","Navigable":"","SufficiencyRating":null,"HealthIndex":null,"AADT":50800,"EstimatedOCR":"","EstimatedCCI":null,"EstimatedCCR":"","EstimatedOCI":null,"CurrentInspectionDate":null,"CurrentInspectionOCI":null,"CurrentInspectionOCR":null,"CurrentInspectionNotes":null,"CurrentInspectedby":null,"Installed":null,"Replaced":null,"Retired":null,"ActBefore":null,"GroundElevation":null,"CriticalityFactor":1,"DesignedLoadRating":null,"LoadRestricted":"","GlobalID":"{C679084F-EB0B-4DB5-87DE-B668D4FAF842}","created_user":null,"created_date":null,"last_edited_user":"cgCartegraphAdmin","last_edited_date":1601910486000,"Shape.STLength()":500.1084789927254}},{"type":"Feature","id":143,"geometry":{"type":"LineString","coordinates":[[-81.99648084173737,26.60707827594043],[-81.99625767448768,26.60707629084129]]},"properties":{"OBJECTID":143,"ANGLE":0,"BRIDGE_NUMBER":"35","TYPE":"D","INSPECTED_BY":"State","UNIT":"63","CANAL_NAME":"ARIES CANAL","PROXIMITY":"VETERANS MEMORIAL PKWY-SKYLINE BLVD-SW 11TH AVE","REPORT_DATE":"1997","COMMENTS":"","INSPECTED":null,"INSP_FREQ":"2 Years","AbutmentType":"","ConditionGroup":"","DeckType":"","DeckWearingSurface":"","FeatureCrossed":"Canal","PierType":"","PredictionGroup":"","SpanType":"","Street":"VETERANS MEMORIAL PKWY","StructureType":"","UseType":"Vehicle","CartegraphID":"143","Structure_Num":"125528","Jurisdiction":"County","Width":null,"LocalName":"","NOTES":"","FunctionallyObsolete":"","StructurallyDeficient":"","ScourCritical":"","VerticalClearance":7.25,"Qualifying":"NO","Navigable":"","SufficiencyRating":81.4,"HealthIndex":null,"AADT":29400,"EstimatedOCR":"","EstimatedCCI":null,"EstimatedCCR":"","EstimatedOCI":null,"CurrentInspectionDate":null,"CurrentInspectionOCI":null,"CurrentInspectionOCR":null,"CurrentInspectionNotes":null,"CurrentInspectedby":null,"Installed":null,"Replaced":null,"Retired":null,"ActBefore":null,"GroundElevation":null,"CriticalityFactor":1,"DesignedLoadRating":null,"LoadRestricted":"","GlobalID":"{849177F3-4729-4FAA-BD4D-D32E48C333FD}","created_user":null,"created_date":null,"last_edited_user":"cgCartegraphAdmin","last_edited_date":1601910486000,"Shape.STLength()":72.92203883490141}},{"type":"Feature","id":144,"geometry":{"type":"LineString","coordinates":[[-81.95011713564915,26.56623062828209],[-81.95011932013401,26.566093070868227]]},"properties":{"OBJECTID":144,"ANGLE":90,"BRIDGE_NUMBER":"4","TYPE":"B","INSPECTED_BY":"State","UNIT":"7","CANAL_NAME":"MALAGA CANAL","PROXIMITY":"VINCENNES BLVD-SE 46TH ST-SE 46TH LN","REPORT_DATE":"2015","COMMENTS":"POA","INSPECTED":null,"INSP_FREQ":"2 Years","AbutmentType":"","ConditionGroup":"","DeckType":"","DeckWearingSurface":"","FeatureCrossed":"Canal","PierType":"","PredictionGroup":"","SpanType":"","Street":"VINCENNES BLVD","StructureType":"","UseType":"Vehicle","CartegraphID":"144","Structure_Num":"125630","Jurisdiction":"City","Width":null,"LocalName":"","NOTES":"","FunctionallyObsolete":"YES","StructurallyDeficient":"","ScourCritical":"","VerticalClearance":8.8,"Qualifying":"","Navigable":"","SufficiencyRating":77.1,"HealthIndex":68.97,"AADT":3400,"EstimatedOCR":"","EstimatedCCI":null,"EstimatedCCR":"","EstimatedOCI":null,"CurrentInspectionDate":null,"CurrentInspectionOCI":null,"CurrentInspectionOCR":null,"CurrentInspectionNotes":null,"CurrentInspectedby":null,"Installed":null,"Replaced":null,"Retired":null,"ActBefore":null,"GroundElevation":null,"CriticalityFactor":1,"DesignedLoadRating":null,"LoadRestricted":"","GlobalID":"{A77F1781-3613-4B05-82BC-6E3D30FA3499}","created_user":null,"created_date":null,"last_edited_user":"cgcartegraphsync","last_edited_date":1773860411000,"Shape.STLength()":50.0050518592357}},{"type":"Feature","id":145,"geometry":{"type":"LineString","coordinates":[[-81.93082327842166,26.63640863519926],[-81.93043397069128,26.636415609205336]]},"properties":{"OBJECTID":145,"ANGLE":2,"BRIDGE_NUMBER":"3 w","TYPE":"D","INSPECTED_BY":"State","UNIT":"18","CANAL_NAME":"MEADE CANAL","PROXIMITY":"VISCAYA PKWY-SE 20TH CT-SE 21ST AVE","REPORT_DATE":"2015","COMMENTS":"WEIR 3","INSPECTED":null,"INSP_FREQ":"2 Years","AbutmentType":"","ConditionGroup":"","DeckType":"","DeckWearingSurface":"","FeatureCrossed":"Canal","PierType":"","PredictionGroup":"","SpanType":"","Street":"VISCAYA PKWY","StructureType":"","UseType":"Vehicle","CartegraphID":"145","Structure_Num":"125554","Jurisdiction":"City","Width":null,"LocalName":"","NOTES":"","FunctionallyObsolete":"","StructurallyDeficient":"","ScourCritical":"","VerticalClearance":0,"Qualifying":"","Navigable":"NO","SufficiencyRating":81.5,"HealthIndex":82.89,"AADT":9000,"EstimatedOCR":"","EstimatedCCI":null,"EstimatedCCR":"","EstimatedOCI":null,"CurrentInspectionDate":null,"CurrentInspectionOCI":null,"CurrentInspectionOCR":null,"CurrentInspectionNotes":null,"CurrentInspectedby":null,"Installed":null,"Replaced":null,"Retired":null,"ActBefore":null,"GroundElevation":null,"CriticalityFactor":1,"DesignedLoadRating":null,"LoadRestricted":"","GlobalID":"{EBAC5DE7-BF68-478C-8F41-6F329185706C}","created_user":null,"created_date":null,"last_edited_user":"cgcartegraphsync","last_edited_date":1788371447000,"Shape.STLength()":127.1966788374266}},{"type":"Feature","id":146,"geometry":{"type":"LineString","coordinates":[[-81.95397824814903,26.727696458997542],[-81.95388104762941,26.727741004366248]]},"properties":{"OBJECTID":146,"ANGLE":130,"BRIDGE_NUMBER":"103","TYPE":"D","INSPECTED_BY":"City","UNIT":"87","CANAL_NAME":"EISENHOWER CANAL","PROXIMITY":"VOGIANTZIS PKWY-NE 38TH TER-NE 9TH PL","REPORT_DATE":"2007","COMMENTS":"","INSPECTED":null,"INSP_FREQ":"2 Years","AbutmentType":"","ConditionGroup":"","DeckType":"","DeckWearingSurface":"","FeatureCrossed":"Canal","PierType":"","PredictionGroup":"","SpanType":"","Street":"VOGIANTZIS PKWY","StructureType":"","UseType":"Vehicle","CartegraphID":"146","Structure_Num":"2","Jurisdiction":"City","Width":null,"LocalName":"","NOTES":"","FunctionallyObsolete":"","StructurallyDeficient":"","ScourCritical":"","VerticalClearance":7.9,"Qualifying":"NO","Navigable":"","SufficiencyRating":99.6,"HealthIndex":null,"AADT":null,"EstimatedOCR":"","EstimatedCCI":null,"EstimatedCCR":"","EstimatedOCI":null,"CurrentInspectionDate":null,"CurrentInspectionOCI":null,"CurrentInspectionOCR":null,"CurrentInspectionNotes":null,"CurrentInspectedby":null,"Installed":null,"Replaced":null,"Retired":null,"ActBefore":null,"GroundElevation":null,"CriticalityFactor":1,"DesignedLoadRating":null,"LoadRestricted":"","GlobalID":"{33CC92FD-996D-41B5-BFE2-0EAA0F02F612}","created_user":null,"created_date":null,"last_edited_user":"cgcartegraphsync","last_edited_date":1776710806000,"Shape.STLength()":35.61929055651484}},{"type":"Feature","id":147,"geometry":{"type":"LineString","coordinates":[[-81.9930347721222,26.68225128029322],[-81.99295508075033,26.682251276363008]]},"properties":{"OBJECTID":147,"ANGLE":0,"BRIDGE_NUMBER":"54","TYPE":"D","INSPECTED_BY":"State","UNIT":"42","CANAL_NAME":"ZANZIBAR CANAL","PROXIMITY":"W.B. DIPLOMAT PKWY W-NW 9TH AVE-NW 9TH PL","REPORT_DATE":"2015","COMMENTS":"Posted/POA","INSPECTED":null,"INSP_FREQ":"2 Years","AbutmentType":"","ConditionGroup":"","DeckType":"","DeckWearingSurface":"","FeatureCrossed":"Canal","PierType":"","PredictionGroup":"","SpanType":"","Street":"DIPLOMAT PKWY W","StructureType":"","UseType":"Vehicle","CartegraphID":"147","Structure_Num":"125578","Jurisdiction":"City","Width":null,"LocalName":"","NOTES":"","FunctionallyObsolete":"YES","StructurallyDeficient":"","ScourCritical":"YES","VerticalClearance":7.9,"Qualifying":"","Navigable":"","SufficiencyRating":77.7,"HealthIndex":82.5,"AADT":4800,"EstimatedOCR":"","EstimatedCCI":null,"EstimatedCCR":"","EstimatedOCI":null,"CurrentInspectionDate":null,"CurrentInspectionOCI":null,"CurrentInspectionOCR":null,"CurrentInspectionNotes":null,"CurrentInspectedby":null,"Installed":null,"Replaced":null,"Retired":null,"ActBefore":null,"GroundElevation":null,"CriticalityFactor":1,"DesignedLoadRating":null,"LoadRestricted":"","GlobalID":"{7DFC7198-B97A-4504-9C0F-02A12CBC16A4}","created_user":null,"created_date":null,"last_edited_user":"cgcartegraphsync","last_edited_date":1784746644000,"Shape.STLength()":26.021601499999992}},{"type":"Feature","id":148,"geometry":{"type":"LineString","coordinates":[[-82.00196968438641,26.65181255804396],[-82.00184849249794,26.651812081295667]]},"properties":{"OBJECTID":148,"ANGLE":0,"BRIDGE_NUMBER":"64","TYPE":"D","INSPECTED_BY":"State","UNIT":"48","CANAL_NAME":"NOVA CANAL","PROXIMITY":"W.B. EMBERS PKWY W-NW 13TH PL-NW 14TH AVE","REPORT_DATE":"2015","COMMENTS":"POA","INSPECTED":null,"INSP_FREQ":"2 Years","AbutmentType":"","ConditionGroup":"","DeckType":"","DeckWearingSurface":"","FeatureCrossed":"Canal","PierType":"","PredictionGroup":"","SpanType":"","Street":"EMBERS PKWY W","StructureType":"","UseType":"Vehicle","CartegraphID":"148","Structure_Num":"125558","Jurisdiction":"City","Width":null,"LocalName":"","NOTES":"","FunctionallyObsolete":"YES","StructurallyDeficient":"","ScourCritical":"","VerticalClearance":7.9,"Qualifying":"","Navigable":"","SufficiencyRating":77.8,"HealthIndex":79.69,"AADT":4800,"EstimatedOCR":"","EstimatedCCI":null,"EstimatedCCR":"","EstimatedOCI":null,"CurrentInspectionDate":null,"CurrentInspectionOCI":null,"CurrentInspectionOCR":null,"CurrentInspectionNotes":null,"CurrentInspectedby":null,"Installed":null,"Replaced":null,"Retired":null,"ActBefore":null,"GroundElevation":null,"CriticalityFactor":1,"DesignedLoadRating":null,"LoadRestricted":"","GlobalID":"{F70AC121-459E-4AA1-A4AF-20E1DC4B16D9}","created_user":null,"created_date":null,"last_edited_user":"cgcartegraphsync","last_edited_date":1778680457000,"Shape.STLength()":39.583636090262736}},{"type":"Feature","id":149,"geometry":{"type":"LineString","coordinates":[[-81.98969756829727,26.545677981621644],[-81.9894004085115,26.54567979032678]]},"properties":{"OBJECTID":149,"ANGLE":359,"BRIDGE_NUMBER":"PG","TYPE":"S","INSPECTED_BY":"State","UNIT":"67","CANAL_NAME":"CELLINI CANAL","PROXIMITY":"W.B. ROSE GARDEN RD-SW 6TH CT-SW 7TH CT","REPORT_DATE":"2015","COMMENTS":"POA","INSPECTED":null,"INSP_FREQ":"2 Years","AbutmentType":"","ConditionGroup":"","DeckType":"","DeckWearingSurface":"","FeatureCrossed":"Canal","PierType":"","PredictionGroup":"","SpanType":"","Street":"ROSE GARDEN RD","StructureType":"","UseType":"Vehicle","CartegraphID":"149","Structure_Num":"125743","Jurisdiction":"City","Width":null,"LocalName":"","NOTES":"","FunctionallyObsolete":"YES","StructurallyDeficient":"","ScourCritical":"","VerticalClearance":10.75,"Qualifying":"","Navigable":"","SufficiencyRating":92.9,"HealthIndex":100,"AADT":2300,"EstimatedOCR":"","EstimatedCCI":null,"EstimatedCCR":"","EstimatedOCI":null,"CurrentInspectionDate":null,"CurrentInspectionOCI":null,"CurrentInspectionOCR":null,"CurrentInspectionNotes":null,"CurrentInspectedby":null,"Installed":null,"Replaced":null,"Retired":null,"ActBefore":null,"GroundElevation":null,"CriticalityFactor":1,"DesignedLoadRating":null,"LoadRestricted":"","GlobalID":"{61B8AB70-0D5B-4E84-B85E-F7A10C089640}","created_user":null,"created_date":null,"last_edited_user":"cgcartegraphsync","last_edited_date":1786461245000,"Shape.STLength()":97.14906578965389}},{"type":"Feature","id":150,"geometry":{"type":"LineString","coordinates":[[-81.99418905618822,26.707627480737823],[-81.99391676624283,26.707750695297587]]},"properties":{"OBJECTID":150,"ANGLE":160,"BRIDGE_NUMBER":"57(A) w","TYPE":"","INSPECTED_BY":"City","UNIT":"43","CANAL_NAME":"ZANZIBAR CANAL","PROXIMITY":"WILMINGTON PKWY-NW 9TH CT-NW 9TH PL","REPORT_DATE":"2010","COMMENTS":"WEIR 57","INSPECTED":null,"INSP_FREQ":"2 Years","AbutmentType":"","ConditionGroup":"","DeckType":"","DeckWearingSurface":"","FeatureCrossed":"Canal","PierType":"","PredictionGroup":"","SpanType":"","Street":"WILMINGTON PKWY","StructureType":"","UseType":"Vehicle","CartegraphID":"150","Structure_Num":"8","Jurisdiction":"City","Width":null,"LocalName":"","NOTES":"","FunctionallyObsolete":"","StructurallyDeficient":"","ScourCritical":"","VerticalClearance":0,"Qualifying":"NO","Navigable":"NO","SufficiencyRating":79.9,"HealthIndex":null,"AADT":null,"EstimatedOCR":"","EstimatedCCI":null,"EstimatedCCR":"","EstimatedOCI":null,"CurrentInspectionDate":null,"CurrentInspectionOCI":null,"CurrentInspectionOCR":null,"CurrentInspectionNotes":null,"CurrentInspectedby":null,"Installed":null,"Replaced":null,"Retired":null,"ActBefore":null,"GroundElevation":null,"CriticalityFactor":1,"DesignedLoadRating":null,"LoadRestricted":"","GlobalID":"{9FBFA940-876F-425A-A61F-DB0C2B0DFC24}","created_user":null,"created_date":null,"last_edited_user":"cgcartegraphsync","last_edited_date":1777920079000,"Shape.STLength()":99.53656224989612}},{"type":"Feature","id":151,"geometry":{"type":"LineString","coordinates":[[-81.9528932224619,26.606843695830655],[-81.95244684167781,26.60698444800914],[-81.95188581947826,26.607135189780905]]},"properties":{"OBJECTID":151,"ANGLE":null,"BRIDGE_NUMBER":"","TYPE":"","INSPECTED_BY":"State","UNIT":"21","CANAL_NAME":"RUBICAN CANAL","PROXIMITY":"VETERANS MEMORIAL PKWY-RETUNDA PKWY E (PIONEER BRIDGE)","REPORT_DATE":"","COMMENTS":"New 1997","INSPECTED":null,"INSP_FREQ":"2 Years","AbutmentType":"","ConditionGroup":"","DeckType":"","DeckWearingSurface":"","FeatureCrossed":"Canal","PierType":"","PredictionGroup":"","SpanType":"","Street":"VETERANS MEMORIAL PKWY","StructureType":"","UseType":"Vehicle","CartegraphID":"151","Structure_Num":"124099","Jurisdiction":"County","Width":null,"LocalName":"PIONEER BRIDGE","NOTES":"","FunctionallyObsolete":"","StructurallyDeficient":"","ScourCritical":"","VerticalClearance":null,"Qualifying":"","Navigable":"","SufficiencyRating":null,"HealthIndex":null,"AADT":54600,"EstimatedOCR":"","EstimatedCCI":null,"EstimatedCCR":"","EstimatedOCI":null,"CurrentInspectionDate":null,"CurrentInspectionOCI":null,"CurrentInspectionOCR":null,"CurrentInspectionNotes":null,"CurrentInspectedby":null,"Installed":null,"Replaced":null,"Retired":null,"ActBefore":null,"GroundElevation":null,"CriticalityFactor":1,"DesignedLoadRating":null,"LoadRestricted":"","GlobalID":"{36E46ADC-FE4C-407C-AC8A-B3E2B8101BFA}","created_user":null,"created_date":null,"last_edited_user":"cgCartegraphAdmin","last_edited_date":1601910486000,"Shape.STLength()":345.8894071961864}},{"type":"Feature","id":152,"geometry":{"type":"LineString","coordinates":[[-81.96463846250346,26.604343954511116],[-81.9653291870607,26.6043393478788]]},"properties":{"OBJECTID":152,"ANGLE":null,"BRIDGE_NUMBER":"","TYPE":"","INSPECTED_BY":"State","UNIT":"25","CANAL_NAME":"SAN CARLOS CANAL","PROXIMITY":"VETERANS MEMORIAL PKWY-RETUNDA PKWY-AVIATION PKWY","REPORT_DATE":"","COMMENTS":"New 1997","INSPECTED":null,"INSP_FREQ":"2 Years","AbutmentType":"","ConditionGroup":"","DeckType":"","DeckWearingSurface":"","FeatureCrossed":"Canal","PierType":"","PredictionGroup":"","SpanType":"","Street":"VETERANS MEMORIAL PKWY","StructureType":"","UseType":"Vehicle","CartegraphID":"152","Structure_Num":"124100","Jurisdiction":"County","Width":null,"LocalName":"","NOTES":"","FunctionallyObsolete":"","StructurallyDeficient":"","ScourCritical":"","VerticalClearance":0,"Qualifying":"","Navigable":"NO","SufficiencyRating":null,"HealthIndex":null,"AADT":46900,"EstimatedOCR":"","EstimatedCCI":null,"EstimatedCCR":"","EstimatedOCI":null,"CurrentInspectionDate":null,"CurrentInspectionOCI":null,"CurrentInspectionOCR":null,"CurrentInspectionNotes":null,"CurrentInspectedby":null,"Installed":null,"Replaced":null,"Retired":null,"ActBefore":null,"GroundElevation":null,"CriticalityFactor":1,"DesignedLoadRating":null,"LoadRestricted":"","GlobalID":"{A162FABD-1D0E-4CFA-A8C1-E2E73CB48FB7}","created_user":null,"created_date":null,"last_edited_user":"cgCartegraphAdmin","last_edited_date":1626976342000,"Shape.STLength()":225.70143664022206}},{"type":"Feature","id":153,"geometry":{"type":"LineString","coordinates":[[-82.04351172942523,26.744071980441028],[-82.04350783766199,26.744198121393335]]},"properties":{"OBJECTID":153,"ANGLE":null,"BRIDGE_NUMBER":"97-2","TYPE":"","INSPECTED_BY":"State","UNIT":"97","CANAL_NAME":"DEWBERRY CANAL","PROXIMITY":"NW 34TH AVE-NW 44TH ST-NW 45TH ST","REPORT_DATE":"2014","COMMENTS":"","INSPECTED":null,"INSP_FREQ":"2 Years","AbutmentType":"","ConditionGroup":"","DeckType":"","DeckWearingSurface":"","FeatureCrossed":"Canal","PierType":"","PredictionGroup":"","SpanType":"","Street":"NW 34TH AVE","StructureType":"","UseType":"Vehicle","CartegraphID":"153","Structure_Num":"125205","Jurisdiction":"City","Width":null,"LocalName":"","NOTES":"","FunctionallyObsolete":"","StructurallyDeficient":"","ScourCritical":"","VerticalClearance":0,"Qualifying":"","Navigable":"NO","SufficiencyRating":100,"HealthIndex":96.88,"AADT":50,"EstimatedOCR":"","EstimatedCCI":null,"EstimatedCCR":"","EstimatedOCI":null,"CurrentInspectionDate":null,"CurrentInspectionOCI":null,"CurrentInspectionOCR":null,"CurrentInspectionNotes":null,"CurrentInspectedby":null,"Installed":null,"Replaced":null,"Retired":null,"ActBefore":null,"GroundElevation":null,"CriticalityFactor":1,"DesignedLoadRating":null,"LoadRestricted":"","GlobalID":"{13D3EE7E-229F-4B0B-8F19-0134628BFDFA}","created_user":null,"created_date":null,"last_edited_user":"cgcartegraphsync","last_edited_date":1785952505000,"Shape.STLength()":45.86898232941332}},{"type":"Feature","id":154,"geometry":{"type":"LineString","coordinates":[[-82.00542326317101,26.61513863439853],[-82.00552289586713,26.615136243186978]]},"properties":{"OBJECTID":154,"ANGLE":0,"BRIDGE_NUMBER":"38","TYPE":"C","INSPECTED_BY":"City","UNIT":"63","CANAL_NAME":"TICONDEROGA CANAL","PROXIMITY":"SW 20TH ST-SW 15TH AVE-SW 15TH PL","REPORT_DATE":"2005","COMMENTS":"","INSPECTED":null,"INSP_FREQ":"2 Years","AbutmentType":"","ConditionGroup":"","DeckType":"","DeckWearingSurface":"","FeatureCrossed":"Canal","PierType":"","PredictionGroup":"","SpanType":"","Street":"SW 20TH ST","StructureType":"","UseType":"Vehicle","CartegraphID":"154","Structure_Num":"125536","Jurisdiction":"City","Width":null,"LocalName":"","NOTES":"","FunctionallyObsolete":"","StructurallyDeficient":"","ScourCritical":"","VerticalClearance":7.5,"Qualifying":"NO","Navigable":"","SufficiencyRating":83.5,"HealthIndex":null,"AADT":null,"EstimatedOCR":"","EstimatedCCI":null,"EstimatedCCR":"","EstimatedOCI":null,"CurrentInspectionDate":null,"CurrentInspectionOCI":null,"CurrentInspectionOCR":null,"CurrentInspectionNotes":null,"CurrentInspectedby":null,"Installed":null,"Replaced":null,"Retired":null,"ActBefore":null,"GroundElevation":null,"CriticalityFactor":1,"DesignedLoadRating":null,"LoadRestricted":"","GlobalID":"{2DCED8AE-B020-4CCD-9054-47BE2800BDEC}","created_user":null,"created_date":null,"last_edited_user":"cgcartegraphsync","last_edited_date":1764953090000,"Shape.STLength()":32.5636649279162}},{"type":"Feature","id":155,"geometry":{"type":"LineString","coordinates":[[-81.99887087361842,26.628130620951353],[-81.99895590334538,26.62813109907585]]},"properties":{"OBJECTID":155,"ANGLE":359.5,"BRIDGE_NUMBER":"42","TYPE":"C","INSPECTED_BY":"City","UNIT":"63","CANAL_NAME":"WINDIGO CANAL","PROXIMITY":"SW 13TH ST-SW 11TH PL-SW 12TH AVE","REPORT_DATE":"","COMMENTS":"","INSPECTED":null,"INSP_FREQ":"2 Years","AbutmentType":"","ConditionGroup":"","DeckType":"","DeckWearingSurface":"","FeatureCrossed":"Canal","PierType":"","PredictionGroup":"","SpanType":"","Street":"SW 13TH ST","StructureType":"","UseType":"Vehicle","CartegraphID":"155","Structure_Num":"125548","Jurisdiction":"City","Width":null,"LocalName":"","NOTES":"","FunctionallyObsolete":"","StructurallyDeficient":"","ScourCritical":"","VerticalClearance":7.9,"Qualifying":"NO","Navigable":"","SufficiencyRating":null,"HealthIndex":null,"AADT":null,"EstimatedOCR":"","EstimatedCCI":null,"EstimatedCCR":"","EstimatedOCI":null,"CurrentInspectionDate":null,"CurrentInspectionOCI":null,"CurrentInspectionOCR":null,"CurrentInspectionNotes":null,"CurrentInspectedby":null,"Installed":null,"Replaced":null,"Retired":null,"ActBefore":null,"GroundElevation":null,"CriticalityFactor":1,"DesignedLoadRating":null,"LoadRestricted":"","GlobalID":"{E16AC401-4958-490E-803E-1959FF5AA026}","created_user":null,"created_date":null,"last_edited_user":"cgcartegraphsync","last_edited_date":1764953457000,"Shape.STLength()":27.778373767844876}},{"type":"Feature","id":156,"geometry":{"type":"LineString","coordinates":[[-81.98236083166215,26.71309087841125],[-81.98262250901193,26.71297771438203]]},"properties":{"OBJECTID":156,"ANGLE":null,"BRIDGE_NUMBER":"58(A) w","TYPE":"","INSPECTED_BY":"City","UNIT":"40","CANAL_NAME":"SYRACUSE CANAL","PROXIMITY":"WILMINGTON PKWY-NW 4TH PL-NW 5TH AVE","REPORT_DATE":"2010","COMMENTS":"WEIR 58","INSPECTED":null,"INSP_FREQ":"2 Years","AbutmentType":"","ConditionGroup":"","DeckType":"","DeckWearingSurface":"","FeatureCrossed":"Canal","PierType":"","PredictionGroup":"","SpanType":"","Street":"WILMINGTON PKWY","StructureType":"","UseType":"Vehicle","CartegraphID":"156","Structure_Num":"","Jurisdiction":"City","Width":null,"LocalName":"","NOTES":"","FunctionallyObsolete":"","StructurallyDeficient":"","ScourCritical":"","VerticalClearance":0,"Qualifying":"NO","Navigable":"NO","SufficiencyRating":79.9,"HealthIndex":null,"AADT":null,"EstimatedOCR":"","EstimatedCCI":null,"EstimatedCCR":"","EstimatedOCI":null,"CurrentInspectionDate":null,"CurrentInspectionOCI":null,"CurrentInspectionOCR":null,"CurrentInspectionNotes":null,"CurrentInspectedby":null,"Installed":null,"Replaced":null,"Retired":null,"ActBefore":null,"GroundElevation":null,"CriticalityFactor":1,"DesignedLoadRating":null,"LoadRestricted":"","GlobalID":"{B1B1C9C9-6BAA-468E-89CB-DC1DB8E4E464}","created_user":null,"created_date":null,"last_edited_user":"cgcartegraphsync","last_edited_date":1777919957000,"Shape.STLength()":94.81044318035704}},{"type":"Feature","id":157,"geometry":{"type":"LineString","coordinates":[[-81.99243664860535,26.615664485809525],[-81.99254956626096,26.615662103485548]]},"properties":{"OBJECTID":157,"ANGLE":null,"BRIDGE_NUMBER":"39","TYPE":"C","INSPECTED_BY":"City","UNIT":"63","CANAL_NAME":"HIGHLANDER CANAL","PROXIMITY":"SW 19TH LN-SW 8TH PL-SW 8TH CT","REPORT_DATE":"","COMMENTS":"","INSPECTED":null,"INSP_FREQ":"2 Years","AbutmentType":"","ConditionGroup":"","DeckType":"","DeckWearingSurface":"","FeatureCrossed":"Canal","PierType":"","PredictionGroup":"","SpanType":"","Street":"SW 19TH LN","StructureType":"","UseType":"Vehicle","CartegraphID":"157","Structure_Num":"","Jurisdiction":"City","Width":null,"LocalName":"","NOTES":"","FunctionallyObsolete":"","StructurallyDeficient":"","ScourCritical":"","VerticalClearance":0,"Qualifying":"NO","Navigable":"NO","SufficiencyRating":null,"HealthIndex":null,"AADT":null,"EstimatedOCR":"","EstimatedCCI":null,"EstimatedCCR":"","EstimatedOCI":null,"CurrentInspectionDate":null,"CurrentInspectionOCI":null,"CurrentInspectionOCR":null,"CurrentInspectionNotes":null,"CurrentInspectedby":null,"Installed":null,"Replaced":null,"Retired":null,"ActBefore":null,"GroundElevation":null,"CriticalityFactor":1,"DesignedLoadRating":null,"LoadRestricted":"","GlobalID":"{42AC92EB-5703-4B13-AA99-AC077395C542}","created_user":null,"created_date":null,"last_edited_user":"cgcartegraphsync","last_edited_date":1775068647000,"Shape.STLength()":36.902526930172684}},{"type":"Feature","id":158,"geometry":{"type":"LineString","coordinates":[[-82.04340873369537,26.747548633009767],[-82.04340666953783,26.74771484444808]]},"properties":{"OBJECTID":158,"ANGLE":null,"BRIDGE_NUMBER":"97-1","TYPE":"","INSPECTED_BY":"City","UNIT":"97","CANAL_NAME":"CASSANDRA CANAL","PROXIMITY":"NW 34TH AVE-NW 46TH LN-NW 47TH ST","REPORT_DATE":"2011","COMMENTS":"aka GAC 23 w","INSPECTED":null,"INSP_FREQ":"2 Years","AbutmentType":"","ConditionGroup":"","DeckType":"","DeckWearingSurface":"","FeatureCrossed":"Canal","PierType":"","PredictionGroup":"","SpanType":"","Street":"NW 34TH AVE","StructureType":"","UseType":"Vehicle","CartegraphID":"158","Structure_Num":"23","Jurisdiction":"City","Width":null,"LocalName":"","NOTES":"","FunctionallyObsolete":"","StructurallyDeficient":"","ScourCritical":"","VerticalClearance":0,"Qualifying":"","Navigable":"NO","SufficiencyRating":95,"HealthIndex":null,"AADT":100,"EstimatedOCR":"","EstimatedCCI":null,"EstimatedCCR":"","EstimatedOCI":null,"CurrentInspectionDate":null,"CurrentInspectionOCI":null,"CurrentInspectionOCR":null,"CurrentInspectionNotes":null,"CurrentInspectedby":null,"Installed":null,"Replaced":null,"Retired":null,"ActBefore":null,"GroundElevation":null,"CriticalityFactor":1,"DesignedLoadRating":null,"LoadRestricted":"","GlobalID":"{9B1A4A5E-0C35-4E17-A88F-E151CA0CF68D}","created_user":null,"created_date":null,"last_edited_user":"cgcartegraphsync","last_edited_date":1785952404000,"Shape.STLength()":60.420534240076506}},{"type":"Feature","id":159,"geometry":{"type":"LineString","coordinates":[[-82.04703857786906,26.74110531768655],[-82.0471951418054,26.74110648596661]]},"properties":{"OBJECTID":159,"ANGLE":null,"BRIDGE_NUMBER":"97-3","TYPE":"","INSPECTED_BY":"City","UNIT":"97","CANAL_NAME":"FAWN CANAL","PROXIMITY":"DURDEN PKWY W-NW 35TH PL-NW 36TH AVE","REPORT_DATE":"2011","COMMENTS":"aka GAC 120","INSPECTED":null,"INSP_FREQ":"2 Years","AbutmentType":"","ConditionGroup":"","DeckType":"","DeckWearingSurface":"","FeatureCrossed":"Canal","PierType":"","PredictionGroup":"","SpanType":"","Street":"DURDEN PKWY W","StructureType":"","UseType":"Vehicle","CartegraphID":"159","Structure_Num":"120","Jurisdiction":"City","Width":null,"LocalName":"","NOTES":"","FunctionallyObsolete":"","StructurallyDeficient":"","ScourCritical":"","VerticalClearance":0,"Qualifying":"","Navigable":"NO","SufficiencyRating":95,"HealthIndex":null,"AADT":100,"EstimatedOCR":"","EstimatedCCI":null,"EstimatedCCR":"","EstimatedOCI":null,"CurrentInspectionDate":null,"CurrentInspectionOCI":null,"CurrentInspectionOCR":null,"CurrentInspectionNotes":null,"CurrentInspectedby":null,"Installed":null,"Replaced":null,"Retired":null,"ActBefore":null,"GroundElevation":null,"CriticalityFactor":1,"DesignedLoadRating":null,"LoadRestricted":"","GlobalID":"{005F1856-EF7F-47B0-AC1A-2EB90A30A4A5}","created_user":null,"created_date":null,"last_edited_user":"cgcartegraphsync","last_edited_date":1785952601000,"Shape.STLength()":51.09827977879214}},{"type":"Feature","id":139258,"geometry":null,"properties":{"OBJECTID":139258,"ANGLE":null,"BRIDGE_NUMBER":null,"TYPE":null,"INSPECTED_BY":null,"UNIT":null,"CANAL_NAME":null,"PROXIMITY":null,"REPORT_DATE":null,"COMMENTS":null,"INSPECTED":null,"INSP_FREQ":null,"AbutmentType":null,"ConditionGroup":null,"DeckType":null,"DeckWearingSurface":null,"FeatureCrossed":null,"PierType":null,"PredictionGroup":null,"SpanType":null,"Street":null,"StructureType":null,"UseType":null,"CartegraphID":null,"Structure_Num":null,"Jurisdiction":null,"Width":null,"LocalName":null,"NOTES":null,"FunctionallyObsolete":null,"StructurallyDeficient":null,"ScourCritical":null,"VerticalClearance":null,"Qualifying":null,"Navigable":null,"SufficiencyRating":null,"HealthIndex":null,"AADT":null,"EstimatedOCR":null,"EstimatedCCI":null,"EstimatedCCR":null,"EstimatedOCI":null,"CurrentInspectionDate":null,"CurrentInspectionOCI":null,"CurrentInspectionOCR":null,"CurrentInspectionNotes":null,"CurrentInspectedby":null,"Installed":null,"Replaced":null,"Retired":null,"ActBefore":null,"GroundElevation":null,"CriticalityFactor":null,"DesignedLoadRating":null,"LoadRestricted":null,"GlobalID":"{6B8BC0AC-8DD6-4397-96A8-DBBCCF9AD1D2}","created_user":"cgcartegraphsync","created_date":1789447417000,"last_edited_user":"cgcartegraphsync","last_edited_date":1789447417000,"Shape":null,"Shape.STLength()":null}}]}