{"type":"FeatureCollection","features":[{"type":"Feature","id":1,"geometry":{"type":"Point","coordinates":[-82.07306646132416,26.55312839439805]},"properties":{"OBJECTID_1":1,"OBJECTID":530,"GlobalID":"{09FBB395-4C5C-4917-9E0D-CFBD4CE86D36}","created_user":null,"created_date":null,"last_edited_user":null,"last_edited_date":null,"System":"Matlacha Pass","Color":"Red","MountingTy":"Piling Wood","NAVSize":"Large","Remarks":"Excellent","Owner":"Lee County","InspDate":1529467200000,"InspFreq":12,"NewInstall":1529467200000,"Comments":" ","NAVNumber":"26","LLN":55015,"POINT_X":-82.07306321,"POINT_Y":26.55312355,"Depth":6,"ID":"N0001","reviewed":"yes","Fix":"no","followup":" "}},{"type":"Feature","id":2,"geometry":{"type":"Point","coordinates":[-82.06842608326122,26.559576393972065]},"properties":{"OBJECTID_1":2,"OBJECTID":531,"GlobalID":"{B21652B9-711E-441F-85DC-FFCEDF7FD099}","created_user":null,"created_date":null,"last_edited_user":null,"last_edited_date":null,"System":"Matlacha Pass","Color":"Red","MountingTy":"Piling Wood","NAVSize":"Large","Remarks":"Excellent","Owner":"Lee County","InspDate":1529467200000,"InspFreq":12,"NewInstall":1529467200000,"Comments":" ","NAVNumber":"28","LLN":55025,"POINT_X":-82.06842284,"POINT_Y":26.55957155,"Depth":10,"ID":"N0002","reviewed":"yes","Fix":"no","followup":" "}},{"type":"Feature","id":3,"geometry":{"type":"Point","coordinates":[-82.06822375265067,26.56655070723263]},"properties":{"OBJECTID_1":3,"OBJECTID":532,"GlobalID":"{5FC9FF83-DC8C-4D4B-8DD2-0E7C055802C9}","created_user":null,"created_date":null,"last_edited_user":null,"last_edited_date":null,"System":"Matlacha Pass","Color":"Red","MountingTy":"Piling Wood","NAVSize":"Large","Remarks":"Excellent","Owner":"Lee County","InspDate":1529467200000,"InspFreq":12,"NewInstall":1529467200000,"Comments":" ","NAVNumber":"30","LLN":55035,"POINT_X":-82.06822051,"POINT_Y":26.56654586,"Depth":6,"ID":"N0003","reviewed":"yes","Fix":"no","followup":" "}},{"type":"Feature","id":4,"geometry":{"type":"Point","coordinates":[-82.06783362866275,26.57440170535964]},"properties":{"OBJECTID_1":4,"OBJECTID":533,"GlobalID":"{E1740ADF-0D6B-4A4D-AAB5-14520552D0D5}","created_user":null,"created_date":null,"last_edited_user":null,"last_edited_date":null,"System":"Matlacha Pass","Color":"Red","MountingTy":"Piling Wood","NAVSize":"Large","Remarks":"Excellent","Owner":"Lee County","InspDate":1529467200000,"InspFreq":12,"NewInstall":1529467200000,"Comments":" ","NAVNumber":"32","LLN":55040,"POINT_X":-82.06783038,"POINT_Y":26.57439686,"Depth":6,"ID":"N0004","reviewed":"yes","Fix":"no","followup":" "}},{"type":"Feature","id":5,"geometry":{"type":"Point","coordinates":[-82.06617827065185,26.582199602962557]},"properties":{"OBJECTID_1":5,"OBJECTID":534,"GlobalID":"{2A5C5AB0-3E8F-4650-A65A-8C4C4A05FCF9}","created_user":null,"created_date":null,"last_edited_user":null,"last_edited_date":null,"System":"Matlacha Pass","Color":"Red","MountingTy":"Piling Wood","NAVSize":"Large","Remarks":"Excellent","Owner":"Lee County","InspDate":1529467200000,"InspFreq":12,"NewInstall":1529467200000,"Comments":" ","NAVNumber":"34","LLN":55050,"POINT_X":-82.06617502,"POINT_Y":26.58219476,"Depth":8,"ID":"N0005","reviewed":"yes","Fix":"no","followup":" "}},{"type":"Feature","id":6,"geometry":{"type":"Point","coordinates":[-82.0663032003271,26.584110534446154]},"properties":{"OBJECTID_1":6,"OBJECTID":535,"GlobalID":"{64C8C5E0-B726-46AB-8C86-B9EB897D6922}","created_user":null,"created_date":null,"last_edited_user":null,"last_edited_date":null,"System":"Matlacha Pass","Color":"Red","MountingTy":"Piling Wood","NAVSize":"Large","Remarks":"Excellent","Owner":"Lee County","InspDate":1529467200000,"InspFreq":12,"NewInstall":1529467200000,"Comments":" ","NAVNumber":"36","LLN":55055,"POINT_X":-82.06629995,"POINT_Y":26.58410569,"Depth":6,"ID":"N0006","reviewed":"yes","Fix":"no","followup":" "}},{"type":"Feature","id":7,"geometry":{"type":"Point","coordinates":[-82.06583853370269,26.590533223005576]},"properties":{"OBJECTID_1":7,"OBJECTID":536,"GlobalID":"{2CCF58D0-A864-4763-B0F6-3E66FCD63AB4}","created_user":null,"created_date":null,"last_edited_user":null,"last_edited_date":null,"System":"Matlacha Pass","Color":"Red","MountingTy":"Piling Wood","NAVSize":"Large","Remarks":"Excellent","Owner":"Lee County","InspDate":1529467200000,"InspFreq":12,"NewInstall":1529467200000,"Comments":" ","NAVNumber":"38","LLN":55065,"POINT_X":-82.06583529,"POINT_Y":26.59052837,"Depth":6,"ID":"N0007","reviewed":"yes","Fix":"yes","followup":" "}},{"type":"Feature","id":8,"geometry":{"type":"Point","coordinates":[-82.06400511382228,26.594684440434364]},"properties":{"OBJECTID_1":8,"OBJECTID":537,"GlobalID":"{2F2F2B8F-3541-4B53-94C2-AEF730FF1317}","created_user":null,"created_date":null,"last_edited_user":null,"last_edited_date":null,"System":"Matlacha Pass","Color":"Red","MountingTy":"Piling Wood","NAVSize":"Large","Remarks":"Excellent","Owner":"Lee County","InspDate":1529467200000,"InspFreq":12,"NewInstall":1529467200000,"Comments":" ","NAVNumber":"40","LLN":55075,"POINT_X":-82.06400187,"POINT_Y":26.59467959,"Depth":6,"ID":"N0008","reviewed":"yes","Fix":"no","followup":" "}},{"type":"Feature","id":9,"geometry":{"type":"Point","coordinates":[-82.06248139545666,26.598989361788277]},"properties":{"OBJECTID_1":9,"OBJECTID":538,"GlobalID":"{985C37D2-A0E5-43A6-A6B3-8467E16B02BE}","created_user":null,"created_date":null,"last_edited_user":null,"last_edited_date":null,"System":"Matlacha Pass","Color":"Red","MountingTy":"Piling Wood","NAVSize":"Large","Remarks":"Excellent","Owner":"Lee County","InspDate":1529640000000,"InspFreq":12,"NewInstall":1529640000000,"Comments":" ","NAVNumber":"44","LLN":55095,"POINT_X":-82.06247815,"POINT_Y":26.59898451,"Depth":4,"ID":"N0009","reviewed":"yes","Fix":"no","followup":" "}},{"type":"Feature","id":10,"geometry":{"type":"Point","coordinates":[-82.06230412875296,26.603566433130954]},"properties":{"OBJECTID_1":10,"OBJECTID":539,"GlobalID":"{B25A9B8B-E9C0-4C54-8268-EC12E4B01E2A}","created_user":null,"created_date":null,"last_edited_user":null,"last_edited_date":null,"System":"Matlacha Pass","Color":"Red","MountingTy":"Piling Wood","NAVSize":"Large","Remarks":"Excellent","Owner":"Lee County","InspDate":1530072000000,"InspFreq":12,"NewInstall":1530072000000,"Comments":" ","NAVNumber":"46","LLN":55105,"POINT_X":-82.06230088,"POINT_Y":26.60356158,"Depth":4,"ID":"N0010","reviewed":"yes","Fix":"no","followup":" "}},{"type":"Feature","id":11,"geometry":{"type":"Point","coordinates":[-82.06009478217237,26.60883400726267]},"properties":{"OBJECTID_1":11,"OBJECTID":540,"GlobalID":"{FF9AE8D5-9BF9-4591-A0CB-6A7372F20EC0}","created_user":null,"created_date":null,"last_edited_user":null,"last_edited_date":null,"System":"Matlacha Pass","Color":"Red","MountingTy":"Piling Wood","NAVSize":"Large","Remarks":"Excellent","Owner":"Lee County","InspDate":1530072000000,"InspFreq":12,"NewInstall":1530072000000,"Comments":" ","NAVNumber":"48","LLN":55115,"POINT_X":-82.06009154,"POINT_Y":26.60882915,"Depth":6,"ID":"N0011","reviewed":"yes","Fix":"no","followup":" "}},{"type":"Feature","id":12,"geometry":{"type":"Point","coordinates":[-81.94711335545722,26.465070780493374]},"properties":{"OBJECTID_1":12,"OBJECTID":541,"GlobalID":"{F311FB5A-304C-4D0D-A097-B66743CF6951}","created_user":null,"created_date":null,"last_edited_user":null,"last_edited_date":null,"System":"Hurricane Bay","Color":"Red","MountingTy":"Piling Wood","NAVSize":"Small","Remarks":"Good","Owner":"Lee County","InspDate":1542085200000,"InspFreq":12,"NewInstall":1444708800000,"Comments":" ","NAVNumber":"22","LLN":18490,"POINT_X":-81.94711015,"POINT_Y":26.46506596,"Depth":6,"ID":"N0012","reviewed":"yes","Fix":"no","followup":" "}},{"type":"Feature","id":13,"geometry":{"type":"Point","coordinates":[-81.94692830056586,26.46581506751897]},"properties":{"OBJECTID_1":13,"OBJECTID":542,"GlobalID":"{395F225E-5138-4D93-AE61-4E8394E446EE}","created_user":null,"created_date":null,"last_edited_user":null,"last_edited_date":null,"System":"Bayside Estates","Color":"Green","MountingTy":"Piling Wood","NAVSize":"Small","Remarks":"Good","Owner":"Lee County","InspDate":1513141200000,"InspFreq":12,"NewInstall":null,"Comments":" ","NAVNumber":"3","LLN":18410,"POINT_X":-81.94692509,"POINT_Y":26.46581025,"Depth":6,"ID":"N0013","reviewed":"yes","Fix":"yes","followup":" "}},{"type":"Feature","id":14,"geometry":{"type":"Point","coordinates":[-81.94660021383895,26.466687080054932]},"properties":{"OBJECTID_1":14,"OBJECTID":543,"GlobalID":"{D113C880-3525-4336-9041-CBBC50C6F01F}","created_user":null,"created_date":null,"last_edited_user":null,"last_edited_date":null,"System":"Bayside Estates","Color":"Green","MountingTy":"Piling Wood","NAVSize":"Small","Remarks":"Good","Owner":"Lee County","InspDate":1542085200000,"InspFreq":12,"NewInstall":null,"Comments":" ","NAVNumber":"5","LLN":18420,"POINT_X":-81.946597,"POINT_Y":26.46668226,"Depth":6,"ID":"N0014","reviewed":"yes","Fix":"yes","followup":" "}},{"type":"Feature","id":15,"geometry":{"type":"Point","coordinates":[-81.94635349309492,26.467580810480786]},"properties":{"OBJECTID_1":15,"OBJECTID":544,"GlobalID":"{601B046C-5F3A-4E6F-9A44-7FC5AD0FB320}","created_user":null,"created_date":null,"last_edited_user":null,"last_edited_date":null,"System":"Bayside Estates","Color":"Red","MountingTy":"Piling Wood","NAVSize":"Small","Remarks":"Good","Owner":"Lee County","InspDate":1542085200000,"InspFreq":12,"NewInstall":1444795200000,"Comments":" ","NAVNumber":"8","LLN":18425,"POINT_X":-81.94635028,"POINT_Y":26.46757599,"Depth":6,"ID":"N0015","reviewed":"yes","Fix":"yes","followup":" "}},{"type":"Feature","id":16,"geometry":{"type":"Point","coordinates":[-81.94611390854531,26.468370257953342]},"properties":{"OBJECTID_1":16,"OBJECTID":545,"GlobalID":"{91B79267-5AAA-4A6B-9C34-AD0A846474DF}","created_user":null,"created_date":null,"last_edited_user":null,"last_edited_date":null,"System":"Bayside Estates","Color":"Red","MountingTy":"Piling Wood","NAVSize":"Small","Remarks":"Good","Owner":"Lee County","InspDate":1542085200000,"InspFreq":12,"NewInstall":null,"Comments":" ","NAVNumber":"10","LLN":18430,"POINT_X":-81.9461107,"POINT_Y":26.46836544,"Depth":6,"ID":"N0016","reviewed":"yes","Fix":"yes","followup":" "}},{"type":"Feature","id":17,"geometry":{"type":"Point","coordinates":[-81.94574087974321,26.46934079588434]},"properties":{"OBJECTID_1":17,"OBJECTID":546,"GlobalID":"{36AC1F05-1759-4445-B74C-A3E4C2F17FB6}","created_user":null,"created_date":null,"last_edited_user":null,"last_edited_date":null,"System":"Bayside Estates","Color":"Green","MountingTy":"Piling Wood","NAVSize":"Small","Remarks":"Good","Owner":"Lee County","InspDate":1542085200000,"InspFreq":12,"NewInstall":null,"Comments":" ","NAVNumber":"11","LLN":18435,"POINT_X":-81.94573767,"POINT_Y":26.46933597,"Depth":6,"ID":"N0017","reviewed":"yes","Fix":"no","followup":" "}},{"type":"Feature","id":18,"geometry":{"type":"Point","coordinates":[-81.94517242222038,26.46999063314051]},"properties":{"OBJECTID_1":18,"OBJECTID":547,"GlobalID":"{70DA3E89-4C31-401A-B222-A75C482AC303}","created_user":null,"created_date":null,"last_edited_user":null,"last_edited_date":null,"System":"Bayside Estates","Color":"Red","MountingTy":"Piling Wood","NAVSize":"Small","Remarks":"Good","Owner":"Lee County","InspDate":1542085200000,"InspFreq":12,"NewInstall":null,"Comments":" ","NAVNumber":"12","LLN":18440,"POINT_X":-81.94516921,"POINT_Y":26.46998581,"Depth":6,"ID":"N0018","reviewed":"yes","Fix":"no","followup":" "}},{"type":"Feature","id":19,"geometry":{"type":"Point","coordinates":[-81.94492855209954,26.4707007414246]},"properties":{"OBJECTID_1":19,"OBJECTID":548,"GlobalID":"{2E114FB1-B886-4F3A-9855-A6CAEBCD7876}","created_user":null,"created_date":null,"last_edited_user":null,"last_edited_date":null,"System":"Bayside Estates","Color":"Green","MountingTy":"Piling Wood","NAVSize":"Small","Remarks":"Good","Owner":"Lee County","InspDate":1542085200000,"InspFreq":12,"NewInstall":null,"Comments":" ","NAVNumber":"13","LLN":18445,"POINT_X":-81.94492534,"POINT_Y":26.47069592,"Depth":6,"ID":"N0019","reviewed":"yes","Fix":"no","followup":" "}},{"type":"Feature","id":20,"geometry":{"type":"Point","coordinates":[-81.94444152048726,26.47123940295507]},"properties":{"OBJECTID_1":20,"OBJECTID":549,"GlobalID":"{83A40E10-1A9C-4219-A9AA-0B65E3151038}","created_user":null,"created_date":null,"last_edited_user":null,"last_edited_date":null,"System":"Bayside Estates","Color":"Red","MountingTy":"Piling Wood","NAVSize":"Small","Remarks":"needs new sign","Owner":"Lee County","InspDate":1542085200000,"InspFreq":12,"NewInstall":null,"Comments":" ","NAVNumber":"14","LLN":18450,"POINT_X":-81.94443831,"POINT_Y":26.47123458,"Depth":6,"ID":"N0020","reviewed":"yes","Fix":"no","followup":" "}},{"type":"Feature","id":21,"geometry":{"type":"Point","coordinates":[-81.94394027640107,26.472058002869364]},"properties":{"OBJECTID_1":21,"OBJECTID":550,"GlobalID":"{A524D920-D2D2-4637-BD81-490FFC7FB1C6}","created_user":null,"created_date":null,"last_edited_user":null,"last_edited_date":null,"System":"Bayside Estates","Color":"Red","MountingTy":"Piling Wood","NAVSize":"Small","Remarks":"Good","Owner":"Lee County","InspDate":1542085200000,"InspFreq":12,"NewInstall":null,"Comments":" ","NAVNumber":"16","LLN":18460,"POINT_X":-81.94393707,"POINT_Y":26.47205318,"Depth":6,"ID":"N0021","reviewed":"yes","Fix":"no","followup":" "}},{"type":"Feature","id":22,"geometry":{"type":"Point","coordinates":[-81.94379136114581,26.472424610492737]},"properties":{"OBJECTID_1":22,"OBJECTID":551,"GlobalID":"{9910F70B-2F37-4507-BFBE-292C1BDC4EFB}","created_user":null,"created_date":null,"last_edited_user":null,"last_edited_date":null,"System":"Bayside Estates","Color":"Red","MountingTy":"Piling Wood","NAVSize":"Small","Remarks":"Good","Owner":"Lee County","InspDate":1542085200000,"InspFreq":12,"NewInstall":null,"Comments":" ","NAVNumber":"20","LLN":18475,"POINT_X":-81.94378815,"POINT_Y":26.47241979,"Depth":6,"ID":"N0022","reviewed":"yes","Fix":"no","followup":" "}},{"type":"Feature","id":23,"geometry":{"type":"Point","coordinates":[-81.94391969370429,26.47384244563625]},"properties":{"OBJECTID_1":23,"OBJECTID":552,"GlobalID":"{4488A554-D152-4509-9E28-0BC832B5E382}","created_user":null,"created_date":null,"last_edited_user":null,"last_edited_date":null,"System":"Bayside Estates","Color":"Red","MountingTy":"Piling Wood","NAVSize":"Small","Remarks":"Good","Owner":"Lee County","InspDate":1542085200000,"InspFreq":12,"NewInstall":null,"Comments":" ","NAVNumber":"22","LLN":18480,"POINT_X":-81.94391649,"POINT_Y":26.47383762,"Depth":6,"ID":"N0023","reviewed":"yes","Fix":"yes","followup":" "}},{"type":"Feature","id":24,"geometry":{"type":"Point","coordinates":[-81.94410431808005,26.47396177081252]},"properties":{"OBJECTID_1":24,"OBJECTID":553,"GlobalID":"{45170D0E-83F9-461D-B8C3-57BCE52B7E2C}","created_user":null,"created_date":null,"last_edited_user":null,"last_edited_date":null,"System":"Bayside Estates","Color":"Green","MountingTy":"Piling Wood","NAVSize":"Small","Remarks":"Good","Owner":"Lee County","InspDate":1542085200000,"InspFreq":12,"NewInstall":null,"Comments":" ","NAVNumber":"23","LLN":18485,"POINT_X":-81.94410111,"POINT_Y":26.47395695,"Depth":6,"ID":"N0024","reviewed":"yes","Fix":"no","followup":" "}},{"type":"Feature","id":25,"geometry":{"type":"Point","coordinates":[-81.9439370065934,26.472462345356412]},"properties":{"OBJECTID_1":25,"OBJECTID":554,"GlobalID":"{E904DD4F-6B6F-4B10-A4A2-E42130FCB864}","created_user":null,"created_date":null,"last_edited_user":null,"last_edited_date":null,"System":"Bayside Estates","Color":"Green","MountingTy":"Piling Wood","NAVSize":"Small","Remarks":"Good","Owner":"Lee County","InspDate":1542085200000,"InspFreq":12,"NewInstall":null,"Comments":" ","NAVNumber":"19","LLN":18470,"POINT_X":-81.9439338,"POINT_Y":26.47245752,"Depth":6,"ID":"N0025","reviewed":"yes","Fix":"no","followup":" "}},{"type":"Feature","id":26,"geometry":{"type":"Point","coordinates":[-81.9440638639341,26.472131374822432]},"properties":{"OBJECTID_1":26,"OBJECTID":555,"GlobalID":"{B4CD2FFF-B8F8-45BC-9BE3-B33AF696FCD8}","created_user":null,"created_date":null,"last_edited_user":null,"last_edited_date":null,"System":"Bayside Estates","Color":"Green","MountingTy":"Piling Wood","NAVSize":"Small","Remarks":"Excellent","Owner":"Lee County","InspDate":1542085200000,"InspFreq":12,"NewInstall":1516078800000,"Comments":"stub pile","NAVNumber":"17","LLN":18465,"POINT_X":-81.94406066,"POINT_Y":26.47212655,"Depth":6,"ID":"N0026","reviewed":"yes","Fix":"no","followup":" "}},{"type":"Feature","id":27,"geometry":{"type":"Point","coordinates":[-81.94669662774297,26.465818586061868]},"properties":{"OBJECTID_1":27,"OBJECTID":556,"GlobalID":"{0DBCA571-7261-4A22-904B-61E966E4F312}","created_user":null,"created_date":null,"last_edited_user":null,"last_edited_date":null,"System":"Bayside Estates","Color":"Red","MountingTy":"Piling Wood","NAVSize":"Small","Remarks":"Good","Owner":"Lee County","InspDate":1513227600000,"InspFreq":12,"NewInstall":1444795200000,"Comments":" ","NAVNumber":"4","LLN":18415,"POINT_X":-81.94669342,"POINT_Y":26.46581376,"Depth":6,"ID":"N0027","reviewed":"yes","Fix":"yes","followup":" "}},{"type":"Feature","id":28,"geometry":{"type":"Point","coordinates":[-81.94660697855352,26.465346537428555]},"properties":{"OBJECTID_1":28,"OBJECTID":557,"GlobalID":"{AD28FDCB-1D00-4EF6-9AAD-02BC89DE5B27}","created_user":null,"created_date":null,"last_edited_user":null,"last_edited_date":null,"System":"Bayside Estates","Color":"Green","MountingTy":"Piling Wood","NAVSize":"Small","Remarks":"Good","Owner":"Lee County","InspDate":1542085200000,"InspFreq":12,"NewInstall":null,"Comments":" ","NAVNumber":"1","LLN":18400,"POINT_X":-81.94660377,"POINT_Y":26.46534172,"Depth":6,"ID":"N0028","reviewed":"yes","Fix":"yes","followup":" "}},{"type":"Feature","id":29,"geometry":{"type":"Point","coordinates":[-81.94637221238526,26.465346610152785]},"properties":{"OBJECTID_1":29,"OBJECTID":558,"GlobalID":"{8CA8E40A-A006-4FAD-AF99-1D80CA777315}","created_user":null,"created_date":null,"last_edited_user":null,"last_edited_date":null,"System":"Bayside Estates","Color":"Red","MountingTy":"Piling Wood","NAVSize":"Small","Remarks":"needs new sign","Owner":"Lee County","InspDate":1542085200000,"InspFreq":12,"NewInstall":null,"Comments":" ","NAVNumber":"2","LLN":18405,"POINT_X":-81.946369,"POINT_Y":26.46534179,"Depth":6,"ID":"N0029","reviewed":"yes","Fix":"no","followup":" "}},{"type":"Feature","id":30,"geometry":{"type":"Point","coordinates":[-81.94593546375579,26.4653604808986]},"properties":{"OBJECTID_1":30,"OBJECTID":559,"GlobalID":"{2F031E5C-3D60-47C3-9AD1-277D6B551A59}","created_user":null,"created_date":null,"last_edited_user":null,"last_edited_date":null,"System":"Hurricane Bay","Color":"Red","MountingTy":"Piling Wood","NAVSize":"Small","Remarks":"Good","Owner":"Lee County","InspDate":1542085200000,"InspFreq":12,"NewInstall":null,"Comments":" ","NAVNumber":"20","LLN":18339,"POINT_X":-81.94593225,"POINT_Y":26.46535566,"Depth":6,"ID":"N0030","reviewed":"yes","Fix":"yes","followup":" "}},{"type":"Feature","id":31,"geometry":{"type":"Point","coordinates":[-81.94603304997764,26.465115002586742]},"properties":{"OBJECTID_1":31,"OBJECTID":560,"GlobalID":"{49C1AC21-1330-40F9-87BD-3FE77E55F95C}","created_user":null,"created_date":null,"last_edited_user":null,"last_edited_date":null,"System":"Hurricane Bay","Color":"Green","MountingTy":"Piling Wood","NAVSize":"Small","Remarks":"Good","Owner":"Lee County","InspDate":1542085200000,"InspFreq":12,"NewInstall":null,"Comments":" ","NAVNumber":"21","LLN":18395,"POINT_X":-81.94602984,"POINT_Y":26.46511018,"Depth":6,"ID":"N0031","reviewed":"yes","Fix":"no","followup":" "}},{"type":"Feature","id":32,"geometry":{"type":"Point","coordinates":[-81.94342978336279,26.465372968317507]},"properties":{"OBJECTID_1":32,"OBJECTID":561,"GlobalID":"{A0457FCE-F9D4-447F-BF64-4A2618AE41AB}","created_user":null,"created_date":null,"last_edited_user":null,"last_edited_date":null,"System":"Hurricane Bay","Color":"Red","MountingTy":"Piling Wood","NAVSize":"Small","Remarks":"Good","Owner":"Lee County","InspDate":1542085200000,"InspFreq":12,"NewInstall":1444708800000,"Comments":" ","NAVNumber":"18","LLN":18380,"POINT_X":-81.94342658,"POINT_Y":26.46536815,"Depth":6,"ID":"N0032","reviewed":"yes","Fix":"no","followup":" "}},{"type":"Feature","id":33,"geometry":{"type":"Point","coordinates":[-81.94363361505803,26.46505032508881]},"properties":{"OBJECTID_1":33,"OBJECTID":562,"GlobalID":"{E6374D77-003E-407D-A922-2FA246A1C8F9}","created_user":null,"created_date":null,"last_edited_user":null,"last_edited_date":null,"System":"Hurricane Bay","Color":"Green","MountingTy":"Piling Wood","NAVSize":"Small","Remarks":"Good","Owner":"Lee County","InspDate":1542085200000,"InspFreq":12,"NewInstall":1444708800000,"Comments":" ","NAVNumber":"19","LLN":18385,"POINT_X":-81.94363041,"POINT_Y":26.4650455,"Depth":6,"ID":"N0033","reviewed":"yes","Fix":"no","followup":" "}},{"type":"Feature","id":34,"geometry":{"type":"Point","coordinates":[-81.94195211790795,26.465116980464913]},"properties":{"OBJECTID_1":34,"OBJECTID":563,"GlobalID":"{C75DEC65-C447-42F6-BC0F-601B98D50F32}","created_user":null,"created_date":null,"last_edited_user":null,"last_edited_date":null,"System":"Hurricane Bay","Color":"Green","MountingTy":"Piling Wood","NAVSize":"Small","Remarks":"Good","Owner":"Lee County","InspDate":1542085200000,"InspFreq":12,"NewInstall":1446091200000,"Comments":" ","NAVNumber":"17","LLN":18375,"POINT_X":-81.94194891,"POINT_Y":26.46511216,"Depth":6,"ID":"N0034","reviewed":"yes","Fix":"no","followup":" "}},{"type":"Feature","id":35,"geometry":{"type":"Point","coordinates":[-81.94174899655705,26.465380524788536]},"properties":{"OBJECTID_1":35,"OBJECTID":564,"GlobalID":"{7564AC9B-FA65-4D34-AEC1-B415A4A16806}","created_user":null,"created_date":null,"last_edited_user":null,"last_edited_date":null,"System":"Hurricane Bay","Color":"Red","MountingTy":"Piling Wood","NAVSize":"Small","Remarks":"Good","Owner":"Lee County","InspDate":1542085200000,"InspFreq":12,"NewInstall":1444708800000,"Comments":" ","NAVNumber":"16","LLN":18370,"POINT_X":-81.94174579,"POINT_Y":26.4653757,"Depth":6,"ID":"N0035","reviewed":"yes","Fix":"no","followup":" "}},{"type":"Feature","id":36,"geometry":{"type":"Point","coordinates":[-81.94075748127685,26.46450067854381]},"properties":{"OBJECTID_1":36,"OBJECTID":565,"GlobalID":"{C51B83C2-0FFF-495D-B22E-C9E1E8970623}","created_user":null,"created_date":null,"last_edited_user":null,"last_edited_date":null,"System":"Hurricane Bay","Color":"Green","MountingTy":"Piling Wood","NAVSize":"Small","Remarks":"needs new pile","Owner":"Lee County","InspDate":1545109200000,"InspFreq":12,"NewInstall":null,"Comments":" ","NAVNumber":"15","LLN":18365,"POINT_X":-81.94075427,"POINT_Y":26.46449586,"Depth":6,"ID":"N0036","reviewed":"yes","Fix":"no","followup":" "}},{"type":"Feature","id":37,"geometry":{"type":"Point","coordinates":[-81.94040246370915,26.46469010704589]},"properties":{"OBJECTID_1":37,"OBJECTID":566,"GlobalID":"{88F42BF1-6A06-4F07-8156-56C611F301CE}","created_user":null,"created_date":null,"last_edited_user":null,"last_edited_date":null,"System":"Hurricane Bay","Color":"Red","MountingTy":"Piling Wood","NAVSize":"Small","Remarks":"Good","Owner":"Lee County","InspDate":1542085200000,"InspFreq":12,"NewInstall":null,"Comments":" ","NAVNumber":"14","LLN":18360,"POINT_X":-81.94039926,"POINT_Y":26.46468529,"Depth":6,"ID":"N0037","reviewed":"yes","Fix":"no","followup":" "}},{"type":"Feature","id":38,"geometry":{"type":"Point","coordinates":[-81.93924056498739,26.46319143623028]},"properties":{"OBJECTID_1":38,"OBJECTID":567,"GlobalID":"{73C244A2-E7B1-45E7-BF29-9ADD905BCC8D}","created_user":null,"created_date":null,"last_edited_user":null,"last_edited_date":null,"System":"Hurricane Bay","Color":"Red","MountingTy":"Piling Wood","NAVSize":"Small","Remarks":"Good","Owner":"Lee County","InspDate":1542085200000,"InspFreq":12,"NewInstall":1444708800000,"Comments":" ","NAVNumber":"12","LLN":18355,"POINT_X":-81.93923736,"POINT_Y":26.46318662,"Depth":6,"ID":"N0038","reviewed":"yes","Fix":"no","followup":" "}},{"type":"Feature","id":39,"geometry":{"type":"Point","coordinates":[-81.9383649611145,26.461620875413196]},"properties":{"OBJECTID_1":39,"OBJECTID":568,"GlobalID":"{1780F41F-7CE7-40CA-AC76-9BED65006F9E}","created_user":null,"created_date":null,"last_edited_user":null,"last_edited_date":null,"System":"Hurricane Bay","Color":"Red","MountingTy":"Piling Wood","NAVSize":"Small","Remarks":"Good","Owner":"Lee County","InspDate":1542085200000,"InspFreq":12,"NewInstall":1481691600000,"Comments":" ","NAVNumber":"10","LLN":18350,"POINT_X":-81.93836175,"POINT_Y":26.46161605,"Depth":6,"ID":"N0039","reviewed":"yes","Fix":"no","followup":" "}},{"type":"Feature","id":40,"geometry":{"type":"Point","coordinates":[-81.93705090164906,26.45965613949853]},"properties":{"OBJECTID_1":40,"OBJECTID":569,"GlobalID":"{59D2AE89-599E-4D0D-A20F-240A5F78BF81}","created_user":null,"created_date":null,"last_edited_user":null,"last_edited_date":null,"System":"Hurricane Bay","Color":"Red","MountingTy":"Piling Wood","NAVSize":"Small","Remarks":"needs new sign","Owner":"Lee County","InspDate":1542085200000,"InspFreq":12,"NewInstall":null,"Comments":" ","NAVNumber":"8","LLN":18345,"POINT_X":-81.9370477,"POINT_Y":26.45965132,"Depth":6,"ID":"N0040","reviewed":"yes","Fix":"no","followup":" "}},{"type":"Feature","id":41,"geometry":{"type":"Point","coordinates":[-81.93639076433824,26.458102330235903]},"properties":{"OBJECTID_1":41,"OBJECTID":570,"GlobalID":"{9E2ACB2C-2AE1-46A8-AED4-5CAD0B4E17FF}","created_user":null,"created_date":null,"last_edited_user":null,"last_edited_date":null,"System":"Hurricane Bay","Color":"Green","MountingTy":"Piling Wood","NAVSize":"Small","Remarks":"Good","Owner":"Lee County","InspDate":1542085200000,"InspFreq":12,"NewInstall":null,"Comments":" p pile","NAVNumber":"7","LLN":18340,"POINT_X":-81.93638756,"POINT_Y":26.45809751,"Depth":6,"ID":"N0041","reviewed":"yes","Fix":"yes","followup":" "}},{"type":"Feature","id":42,"geometry":{"type":"Point","coordinates":[-82.2158206353974,26.599795288282078]},"properties":{"OBJECTID_1":42,"OBJECTID":1,"GlobalID":"{3A8FD3BE-186D-4EBA-945D-09F3D5724BAF}","created_user":null,"created_date":null,"last_edited_user":null,"last_edited_date":null,"System":"Temp","Color":"Green TRUB","MountingTy":"Buoy","NAVSize":"Small","Remarks":"Good","Owner":"Lee County","InspDate":1501214400000,"InspFreq":12,"NewInstall":null,"Comments":"clump","NAVNumber":" ","LLN":0,"POINT_X":-82.21581734,"POINT_Y":26.59979044,"Depth":2,"ID":"N0042","reviewed":" ","Fix":" ","followup":" "}},{"type":"Feature","id":43,"geometry":{"type":"Point","coordinates":[-82.21717118928152,26.598269642300693]},"properties":{"OBJECTID_1":43,"OBJECTID":2,"GlobalID":"{F5837FB6-2CED-4B72-8DB1-1E356C102650}","created_user":null,"created_date":null,"last_edited_user":null,"last_edited_date":null,"System":"Temp","Color":"Red TRUB","MountingTy":"Buoy","NAVSize":"Small","Remarks":"needs new buoy","Owner":"Lee County","InspDate":1501214400000,"InspFreq":12,"NewInstall":null,"Comments":"clump","NAVNumber":" ","LLN":0,"POINT_X":-82.2171679,"POINT_Y":26.59826479,"Depth":4,"ID":"N0043","reviewed":" ","Fix":" ","followup":" "}},{"type":"Feature","id":44,"geometry":{"type":"Point","coordinates":[-82.18091988925987,26.488218194495055]},"properties":{"OBJECTID_1":44,"OBJECTID":3,"GlobalID":"{CFD8F4E6-7A34-489D-8D89-FAF02A8A94EE}","created_user":null,"created_date":null,"last_edited_user":null,"last_edited_date":null,"System":"Blind Pass","Color":"Red","MountingTy":"Piling Wood","NAVSize":"Small","Remarks":"Good","Owner":"Lee County","InspDate":1525838400000,"InspFreq":0,"NewInstall":1498190400000,"Comments":" ","NAVNumber":"18","LLN":55560.1015625,"POINT_X":-82.18091661,"POINT_Y":26.48821337,"Depth":6,"ID":"N0044","reviewed":"yes","Fix":"yes","followup":" "}},{"type":"Feature","id":45,"geometry":{"type":"Point","coordinates":[-82.18098375774565,26.487571362998516]},"properties":{"OBJECTID_1":45,"OBJECTID":4,"GlobalID":"{D0E8B569-4FF6-4CA3-AD23-BEECCD6D8845}","created_user":null,"created_date":null,"last_edited_user":null,"last_edited_date":null,"System":"Blind Pass","Color":"Green","MountingTy":"Piling Wood","NAVSize":"Small","Remarks":"Good","Owner":"Lee County","InspDate":1525838400000,"InspFreq":12,"NewInstall":1519707600000,"Comments":" ","NAVNumber":"19","LLN":55560.19921875,"POINT_X":-82.18098048,"POINT_Y":26.48756654,"Depth":6,"ID":"N0045","reviewed":"yes","Fix":"no","followup":" "}},{"type":"Feature","id":46,"geometry":{"type":"Point","coordinates":[-82.18112714600414,26.487588008380612]},"properties":{"OBJECTID_1":46,"OBJECTID":5,"GlobalID":"{74D9F4F7-95FE-4F49-906D-026371269259}","created_user":null,"created_date":null,"last_edited_user":null,"last_edited_date":null,"System":"Blind Pass","Color":"Red","MountingTy":"Piling Wood","NAVSize":"Small","Remarks":"Good","Owner":"Lee County","InspDate":1525838400000,"InspFreq":12,"NewInstall":null,"Comments":" ","NAVNumber":"20","LLN":55560.30078125,"POINT_X":-82.18112387,"POINT_Y":26.48758319,"Depth":6,"ID":"N0046","reviewed":"yes","Fix":"no","followup":" "}},{"type":"Feature","id":47,"geometry":{"type":"Point","coordinates":[-82.09044602679047,26.661840890733203]},"properties":{"OBJECTID_1":47,"OBJECTID":6,"GlobalID":"{4CE5FED7-CDD0-434D-86C3-4DB822704DFB}","created_user":null,"created_date":null,"last_edited_user":null,"last_edited_date":null,"System":"Matlacha Pass","Color":"Red","MountingTy":"Piling Wood","NAVSize":"Large","Remarks":"Excellent","Owner":"Lee County","InspDate":1530158400000,"InspFreq":12,"NewInstall":1530158400000,"Comments":"BS","NAVNumber":"72","LLN":55200,"POINT_X":-82.09044277,"POINT_Y":26.66183602,"Depth":10,"ID":"N0047","reviewed":"yes","Fix":"yes","followup":" "}},{"type":"Feature","id":48,"geometry":{"type":"Point","coordinates":[-82.09376623537493,26.6653387009371]},"properties":{"OBJECTID_1":48,"OBJECTID":7,"GlobalID":"{4F0C0548-B584-414C-9E46-C63A1C197900}","created_user":null,"created_date":null,"last_edited_user":null,"last_edited_date":null,"System":"Matlacha Pass","Color":"Red","MountingTy":"Piling Wood","NAVSize":"Large","Remarks":"Excellent","Owner":"Lee County","InspDate":1530158400000,"InspFreq":12,"NewInstall":1530158400000,"Comments":"BS","NAVNumber":"74","LLN":55205,"POINT_X":-82.09376298,"POINT_Y":26.66533383,"Depth":10,"ID":"N0048","reviewed":"yes","Fix":"no","followup":" "}},{"type":"Feature","id":49,"geometry":{"type":"Point","coordinates":[-82.09631489079624,26.667132089222807]},"properties":{"OBJECTID_1":49,"OBJECTID":8,"GlobalID":"{E4E650CE-0C6B-493B-8E33-2F25E8E3C1A5}","created_user":null,"created_date":null,"last_edited_user":null,"last_edited_date":null,"System":"Matlacha Pass","Color":"Red","MountingTy":"Piling Wood","NAVSize":"Large","Remarks":"Excellent","Owner":"Lee County","InspDate":1530158400000,"InspFreq":12,"NewInstall":1530158400000,"Comments":"BS","NAVNumber":"76","LLN":55210,"POINT_X":-82.09631163,"POINT_Y":26.66712722,"Depth":8,"ID":"N0049","reviewed":"yes","Fix":"no","followup":" "}},{"type":"Feature","id":50,"geometry":{"type":"Point","coordinates":[-82.19505115811563,26.551120737308498]},"properties":{"OBJECTID_1":50,"OBJECTID":9,"GlobalID":"{561B9346-BBA7-4657-AF3F-79788AF1BA32}","created_user":null,"created_date":null,"last_edited_user":null,"last_edited_date":null,"System":"Redfish Pass","Color":"Green","MountingTy":"Piling Wood","NAVSize":"Small","Remarks":"Good","Owner":"Lee County","InspDate":1518152400000,"InspFreq":12,"NewInstall":null,"Comments":" ","NAVNumber":"9","LLN":1271,"POINT_X":-82.19504787,"POINT_Y":26.5511159,"Depth":10,"ID":"N0050","reviewed":"yes","Fix":"no","followup":" "}},{"type":"Feature","id":51,"geometry":{"type":"Point","coordinates":[-82.19305651405547,26.54939591888319]},"properties":{"OBJECTID_1":51,"OBJECTID":10,"GlobalID":"{70515C25-C70E-468A-B1E3-D7D4E18B1B66}","created_user":null,"created_date":null,"last_edited_user":null,"last_edited_date":null,"System":"Redfish Pass","Color":"Green TRUB","MountingTy":"Piling Wood","NAVSize":"Small","Remarks":"needs new pile","Owner":"Lee County","InspDate":1545800400000,"InspFreq":12,"NewInstall":1519707600000,"Comments":" ","NAVNumber":"11","LLN":1273,"POINT_X":-82.19305323,"POINT_Y":26.54939108,"Depth":12,"ID":"N0051","reviewed":"yes","Fix":"no","followup":" "}},{"type":"Feature","id":52,"geometry":{"type":"Point","coordinates":[-82.19022193644082,26.547694095504266]},"properties":{"OBJECTID_1":52,"OBJECTID":11,"GlobalID":"{38FB5FA6-294C-43FB-8B8A-5DBDD29DCB43}","created_user":null,"created_date":null,"last_edited_user":null,"last_edited_date":null,"System":"Redfish Pass","Color":"Green","MountingTy":"Piling Wood","NAVSize":"Small","Remarks":"Excellent","Owner":"Lee County","InspDate":1545109200000,"InspFreq":12,"NewInstall":1545109200000,"Comments":" ","NAVNumber":"13","LLN":1275,"POINT_X":-82.19021865,"POINT_Y":26.54768926,"Depth":12,"ID":"N0052","reviewed":"yes","Fix":"no","followup":" "}},{"type":"Feature","id":53,"geometry":{"type":"Point","coordinates":[-82.18750631911439,26.5459961236732]},"properties":{"OBJECTID_1":53,"OBJECTID":12,"GlobalID":"{2426FF5A-59BA-404C-B29B-3E17AA767925}","created_user":null,"created_date":null,"last_edited_user":null,"last_edited_date":null,"System":"Redfish Pass","Color":"Green","MountingTy":"Piling Wood","NAVSize":"Small","Remarks":"Excellent","Owner":"Lee County","InspDate":1519707600000,"InspFreq":12,"NewInstall":1519707600000,"Comments":" ","NAVNumber":"15","LLN":1277,"POINT_X":-82.18750304,"POINT_Y":26.54599129,"Depth":10,"ID":"N0053","reviewed":"yes","Fix":"no","followup":" "}},{"type":"Feature","id":54,"geometry":{"type":"Point","coordinates":[-82.18467814143561,26.544211503429345]},"properties":{"OBJECTID_1":54,"OBJECTID":13,"GlobalID":"{FFBE94A4-95E2-4A3F-9126-EAA791867AE1}","created_user":null,"created_date":null,"last_edited_user":null,"last_edited_date":null,"System":"Redfish Pass","Color":"Green","MountingTy":"Piling Wood","NAVSize":"Small","Remarks":"Excellent","Owner":"Lee County","InspDate":1519707600000,"InspFreq":12,"NewInstall":1519707600000,"Comments":" ","NAVNumber":"17","LLN":1279,"POINT_X":-82.18467486,"POINT_Y":26.54420667,"Depth":8,"ID":"N0054","reviewed":"yes","Fix":"no","followup":" "}},{"type":"Feature","id":55,"geometry":{"type":"Point","coordinates":[-82.18210898934157,26.542518935399666]},"properties":{"OBJECTID_1":55,"OBJECTID":14,"GlobalID":"{35590579-7FB9-41EC-A3A3-E004EACBEC7A}","created_user":null,"created_date":null,"last_edited_user":null,"last_edited_date":null,"System":"Redfish Pass","Color":"Green","MountingTy":"Piling Wood","NAVSize":"Small","Remarks":"Good","Owner":"Lee County","InspDate":1518152400000,"InspFreq":12,"NewInstall":null,"Comments":" ","NAVNumber":"19","LLN":1281,"POINT_X":-82.18210571,"POINT_Y":26.5425141,"Depth":8,"ID":"N0055","reviewed":"yes","Fix":"no","followup":" "}},{"type":"Feature","id":56,"geometry":{"type":"Point","coordinates":[-82.09958995620984,26.666728507610763]},"properties":{"OBJECTID_1":56,"OBJECTID":15,"GlobalID":"{5B5D5568-2EFD-45F2-B43E-2F07D32D0FC7}","created_user":null,"created_date":null,"last_edited_user":null,"last_edited_date":null,"System":"Matlacha Pass","Color":"Green","MountingTy":"Piling Wood","NAVSize":"Large","Remarks":"Excellent","Owner":"Lee County","InspDate":1530158400000,"InspFreq":12,"NewInstall":1530158400000,"Comments":"BS","NAVNumber":"77","LLN":55215,"POINT_X":-82.0995867,"POINT_Y":26.66672364,"Depth":8,"ID":"N0056","reviewed":"yes","Fix":"no","followup":" "}},{"type":"Feature","id":57,"geometry":{"type":"Point","coordinates":[-82.10425936689995,26.689641992514638]},"properties":{"OBJECTID_1":57,"OBJECTID":16,"GlobalID":"{2595D2F4-3D51-4A07-8B7D-40D8BF3B9E46}","created_user":null,"created_date":null,"last_edited_user":null,"last_edited_date":null,"System":"Matlacha Pass","Color":"Green","MountingTy":"Piling Wood","NAVSize":"Large","Remarks":"Excellent","Owner":"Lee County","InspDate":1531195200000,"InspFreq":12,"NewInstall":1531195200000,"Comments":" BS","NAVNumber":"79","LLN":55225,"POINT_X":-82.10425611,"POINT_Y":26.68963712,"Depth":10,"ID":"N0057","reviewed":"yes","Fix":"yes","followup":" "}},{"type":"Feature","id":58,"geometry":{"type":"Point","coordinates":[-82.07088304401321,26.635541399957763]},"properties":{"OBJECTID_1":58,"OBJECTID":17,"GlobalID":"{40FB70E3-FCE7-4161-A184-49DB96230DBA}","created_user":null,"created_date":null,"last_edited_user":null,"last_edited_date":null,"System":"Matlacha Pass","Color":"Red","MountingTy":"Piling Wood","NAVSize":"Large","Remarks":"Excellent","Owner":"Lee County","InspDate":1530158400000,"InspFreq":12,"NewInstall":1530158400000,"Comments":" ","NAVNumber":"56","LLN":55140,"POINT_X":-82.07087979,"POINT_Y":26.63553654,"Depth":4,"ID":"N0058","reviewed":"yes","Fix":"yes","followup":" "}},{"type":"Feature","id":59,"geometry":{"type":"Point","coordinates":[-82.1788750230959,26.544678273791586]},"properties":{"OBJECTID_1":59,"OBJECTID":18,"GlobalID":"{023244B3-C67A-4250-9FBE-0C0691EA6548}","created_user":null,"created_date":null,"last_edited_user":null,"last_edited_date":null,"System":"Redfish Pass","Color":"Green","MountingTy":"Piling Wood","NAVSize":"Small","Remarks":"Excellent","Owner":"Lee County","InspDate":1518152400000,"InspFreq":12,"NewInstall":1518152400000,"Comments":" ","NAVNumber":"21","LLN":1283,"POINT_X":-82.17887174,"POINT_Y":26.54467344,"Depth":8,"ID":"N0059","reviewed":"yes","Fix":"no","followup":" "}},{"type":"Feature","id":60,"geometry":{"type":"Point","coordinates":[-82.17236133517696,26.549153463113555]},"properties":{"OBJECTID_1":60,"OBJECTID":19,"GlobalID":"{C5EFE79B-E353-47D1-9179-EB927C31C673}","created_user":null,"created_date":null,"last_edited_user":null,"last_edited_date":null,"System":"Redfish Pass","Color":"Green","MountingTy":"Piling Wood","NAVSize":"Small","Remarks":"Good","Owner":"Lee County","InspDate":1518152400000,"InspFreq":12,"NewInstall":null,"Comments":" ","NAVNumber":"23","LLN":1285,"POINT_X":-82.17235806,"POINT_Y":26.54914863,"Depth":8,"ID":"N0060","reviewed":"yes","Fix":"no","followup":" "}},{"type":"Feature","id":61,"geometry":{"type":"Point","coordinates":[-82.1699399955453,26.550778735177445]},"properties":{"OBJECTID_1":61,"OBJECTID":20,"GlobalID":"{785E5B4C-A70F-4E6E-BE01-AA9EBAAB3636}","created_user":null,"created_date":null,"last_edited_user":null,"last_edited_date":null,"System":"Redfish Pass","Color":"Red","MountingTy":"Piling Wood","NAVSize":"Small","Remarks":"Good","Owner":"Lee County","InspDate":1518152400000,"InspFreq":12,"NewInstall":null,"Comments":" ","NAVNumber":"24","LLN":1286,"POINT_X":-82.16993672,"POINT_Y":26.5507739,"Depth":8,"ID":"N0061","reviewed":"yes","Fix":"no","followup":" "}},{"type":"Feature","id":62,"geometry":{"type":"Point","coordinates":[-82.17594379591503,26.546549896898092]},"properties":{"OBJECTID_1":62,"OBJECTID":21,"GlobalID":"{3FE1CEAF-6D9E-48D5-9AED-B145EAADEF2F}","created_user":null,"created_date":null,"last_edited_user":null,"last_edited_date":null,"System":"Redfish Pass","Color":"Red","MountingTy":"Piling Wood","NAVSize":"Small","Remarks":"Excellent","Owner":"Lee County","InspDate":1518152400000,"InspFreq":12,"NewInstall":1518152400000,"Comments":" ","NAVNumber":"22","LLN":1284,"POINT_X":-82.17594052,"POINT_Y":26.54654506,"Depth":8,"ID":"N0062","reviewed":"yes","Fix":"no","followup":" "}},{"type":"Feature","id":63,"geometry":{"type":"Point","coordinates":[-82.18178119622083,26.542150238990626]},"properties":{"OBJECTID_1":63,"OBJECTID":22,"GlobalID":"{E0A73CE0-0A2E-4790-8B47-4871E00DEF7E}","created_user":null,"created_date":null,"last_edited_user":null,"last_edited_date":null,"System":"Redfish Pass","Color":"Red","MountingTy":"Piling Wood","NAVSize":"Small","Remarks":"Excellent","Owner":"Lee County","InspDate":1518152400000,"InspFreq":12,"NewInstall":1518152400000,"Comments":"lgt inst 130007351 on 9/21/12, 1 sec on4 sec off pattern","NAVNumber":"20","LLN":1282,"POINT_X":-82.18177792,"POINT_Y":26.5421454,"Depth":6,"ID":"N0063","reviewed":"yes","Fix":"no","followup":" "}},{"type":"Feature","id":64,"geometry":{"type":"Point","coordinates":[-82.1823738859911,26.542413225067623]},"properties":{"OBJECTID_1":64,"OBJECTID":23,"GlobalID":"{1AA93CF9-0CE8-45ED-8F42-49582EE8FA44}","created_user":null,"created_date":null,"last_edited_user":null,"last_edited_date":null,"System":"Redfish Pass","Color":"Red","MountingTy":"Piling Wood","NAVSize":"Small","Remarks":"Excellent","Owner":"Lee County","InspDate":1519707600000,"InspFreq":12,"NewInstall":1519707600000,"Comments":" ","NAVNumber":"18","LLN":1280,"POINT_X":-82.18237061,"POINT_Y":26.54240839,"Depth":8,"ID":"N0064","reviewed":"yes","Fix":"no","followup":" "}},{"type":"Feature","id":65,"geometry":{"type":"Point","coordinates":[-82.18504891513872,26.544019800484563]},"properties":{"OBJECTID_1":65,"OBJECTID":24,"GlobalID":"{318EB443-51CC-4D17-AA0D-539847005683}","created_user":null,"created_date":null,"last_edited_user":null,"last_edited_date":null,"System":"Redfish Pass","Color":"Red","MountingTy":"Piling Wood","NAVSize":"Small","Remarks":"Good","Owner":"Lee County","InspDate":1518152400000,"InspFreq":12,"NewInstall":null,"Comments":" p.pile","NAVNumber":"16","LLN":1278,"POINT_X":-82.18504563,"POINT_Y":26.54401496,"Depth":8,"ID":"N0065","reviewed":"yes","Fix":"no","followup":" "}},{"type":"Feature","id":66,"geometry":{"type":"Point","coordinates":[-82.1877556514252,26.54574603942087]},"properties":{"OBJECTID_1":66,"OBJECTID":25,"GlobalID":"{7965E276-F0B1-48A0-B8A8-52555CDB374F}","created_user":null,"created_date":null,"last_edited_user":null,"last_edited_date":null,"System":"Redfish Pass","Color":"Red","MountingTy":"Piling Wood","NAVSize":"Small","Remarks":"Excellent","Owner":"Lee County","InspDate":1519707600000,"InspFreq":12,"NewInstall":1519707600000,"Comments":" ","NAVNumber":"14","LLN":1276,"POINT_X":-82.18775237,"POINT_Y":26.5457412,"Depth":10,"ID":"N0066","reviewed":"yes","Fix":"no","followup":" "}},{"type":"Feature","id":67,"geometry":{"type":"Point","coordinates":[-82.19046176581745,26.54738165057274]},"properties":{"OBJECTID_1":67,"OBJECTID":26,"GlobalID":"{04092F34-138E-4AA4-97CE-B48F37CF656B}","created_user":null,"created_date":null,"last_edited_user":null,"last_edited_date":null,"System":"Redfish Pass","Color":"Red TRUB","MountingTy":"Piling Wood","NAVSize":"Small","Remarks":"needs new pile","Owner":"Lee County","InspDate":1545800400000,"InspFreq":12,"NewInstall":1519707600000,"Comments":" ","NAVNumber":"12","LLN":1274,"POINT_X":-82.19045848,"POINT_Y":26.54737681,"Depth":10,"ID":"N0067","reviewed":"yes","Fix":"no","followup":" "}},{"type":"Feature","id":68,"geometry":{"type":"Point","coordinates":[-82.1935631754237,26.54919682757958]},"properties":{"OBJECTID_1":68,"OBJECTID":27,"GlobalID":"{4330D246-7F9A-499C-9680-0F080CF63DCF}","created_user":null,"created_date":null,"last_edited_user":null,"last_edited_date":null,"System":"Redfish Pass","Color":"Red","MountingTy":"Piling Wood","NAVSize":"Small","Remarks":"Excellent","Owner":"Lee County","InspDate":1519707600000,"InspFreq":12,"NewInstall":1519707600000,"Comments":"New Light 4 sec 01_31_2017","NAVNumber":"10","LLN":1272,"POINT_X":-82.19355989,"POINT_Y":26.54919199,"Depth":8,"ID":"N0068","reviewed":"yes","Fix":"no","followup":" "}},{"type":"Feature","id":69,"geometry":{"type":"Point","coordinates":[-82.18228820196981,26.48445374375084]},"properties":{"OBJECTID_1":69,"OBJECTID":28,"GlobalID":"{54E3F72E-76FF-4F64-9EDD-E3F861C71FFC}","created_user":null,"created_date":null,"last_edited_user":null,"last_edited_date":null,"System":"Blind Pass","Color":"Green","MountingTy":"Piling Wood","NAVSize":"Small","Remarks":"needs new sign","Owner":"Lee County","InspDate":1525838400000,"InspFreq":12,"NewInstall":null,"Comments":" ","NAVNumber":"21","LLN":55560.3984375,"POINT_X":-82.18228492,"POINT_Y":26.48444892,"Depth":8,"ID":"N0069","reviewed":"yes","Fix":"no","followup":" "}},{"type":"Feature","id":70,"geometry":{"type":"Point","coordinates":[-82.07478963670275,26.641017385442563]},"properties":{"OBJECTID_1":70,"OBJECTID":29,"GlobalID":"{F3C934FF-F14A-4C64-A761-29A6FBF05D7C}","created_user":null,"created_date":null,"last_edited_user":null,"last_edited_date":null,"System":"Matlacha Pass","Color":"Red","MountingTy":"Piling Wood","NAVSize":"Large","Remarks":"Excellent","Owner":"Lee County","InspDate":1540440000000,"InspFreq":12,"NewInstall":1540440000000,"Comments":" ","NAVNumber":"58","LLN":55145,"POINT_X":-82.07478639,"POINT_Y":26.64101252,"Depth":4,"ID":"N0070","reviewed":"yes","Fix":"no","followup":" "}},{"type":"Feature","id":71,"geometry":{"type":"Point","coordinates":[-82.07643010675847,26.642081027489446]},"properties":{"OBJECTID_1":71,"OBJECTID":30,"GlobalID":"{CCBBC518-9EDC-400F-94E5-168676CA62E1}","created_user":null,"created_date":null,"last_edited_user":null,"last_edited_date":null,"System":"Matlacha Pass","Color":"Green","MountingTy":"Piling Wood","NAVSize":"Large","Remarks":"Excellent","Owner":"Lee County","InspDate":1530158400000,"InspFreq":12,"NewInstall":1530158400000,"Comments":" ","NAVNumber":"59","LLN":55150,"POINT_X":-82.07642686,"POINT_Y":26.64207617,"Depth":4,"ID":"N0071","reviewed":"yes","Fix":"no","followup":" "}},{"type":"Feature","id":72,"geometry":{"type":"Point","coordinates":[-82.07845168134678,26.644109741431986]},"properties":{"OBJECTID_1":72,"OBJECTID":31,"GlobalID":"{1C48B9FE-E7A6-4E3E-8AAD-E1B689580C32}","created_user":null,"created_date":null,"last_edited_user":null,"last_edited_date":null,"System":"Matlacha Pass","Color":"Red","MountingTy":"Piling Wood","NAVSize":"Large","Remarks":"Excellent","Owner":"Lee County","InspDate":1530158400000,"InspFreq":12,"NewInstall":1530158400000,"Comments":" ","NAVNumber":"60","LLN":55155,"POINT_X":-82.07844843,"POINT_Y":26.64410488,"Depth":8,"ID":"N0072","reviewed":"yes","Fix":"no","followup":" "}},{"type":"Feature","id":73,"geometry":{"type":"Point","coordinates":[-82.08047904005025,26.64567299456584]},"properties":{"OBJECTID_1":73,"OBJECTID":32,"GlobalID":"{111910E7-E45F-404B-9807-F13727A70AD3}","created_user":null,"created_date":null,"last_edited_user":null,"last_edited_date":null,"System":"Matlacha Pass","Color":"Red","MountingTy":"Piling Wood","NAVSize":"Large","Remarks":"Excellent","Owner":"Lee County","InspDate":1530158400000,"InspFreq":12,"NewInstall":1530158400000,"Comments":" Leaning","NAVNumber":"62","LLN":55160,"POINT_X":-82.08047579,"POINT_Y":26.64566813,"Depth":8,"ID":"N0073","reviewed":"yes","Fix":"no","followup":" "}},{"type":"Feature","id":74,"geometry":{"type":"Point","coordinates":[-82.08158778588859,26.647002719506403]},"properties":{"OBJECTID_1":74,"OBJECTID":33,"GlobalID":"{818AD453-FB5C-4ECD-80B7-D1941083DD27}","created_user":null,"created_date":null,"last_edited_user":null,"last_edited_date":null,"System":"Matlacha Pass","Color":"Green","MountingTy":"Piling Wood","NAVSize":"Large","Remarks":"Excellent","Owner":"Lee County","InspDate":1530158400000,"InspFreq":12,"NewInstall":1530158400000,"Comments":"BS","NAVNumber":"63","LLN":55165,"POINT_X":-82.08158453,"POINT_Y":26.64699786,"Depth":10,"ID":"N0074","reviewed":"yes","Fix":"no","followup":" "}},{"type":"Feature","id":75,"geometry":{"type":"Point","coordinates":[-82.08124659614789,26.647903098411483]},"properties":{"OBJECTID_1":75,"OBJECTID":34,"GlobalID":"{99E00C0E-EC9B-4C32-9375-5077A2BD1DDE}","created_user":null,"created_date":null,"last_edited_user":null,"last_edited_date":null,"System":"Matlacha Pass","Color":"Red","MountingTy":"Piling Wood","NAVSize":"Large","Remarks":"Excellent","Owner":"Lee County","InspDate":1530158400000,"InspFreq":12,"NewInstall":1524456000000,"Comments":"BS","NAVNumber":"64","LLN":55170,"POINT_X":-82.08124334,"POINT_Y":26.64789823,"Depth":8,"ID":"N0075","reviewed":"yes","Fix":"no","followup":" "}},{"type":"Feature","id":76,"geometry":{"type":"Point","coordinates":[-82.08192292126746,26.649001167141403]},"properties":{"OBJECTID_1":76,"OBJECTID":35,"GlobalID":"{70DA88BD-5D02-492D-832E-2C7543EF2F3F}","created_user":null,"created_date":null,"last_edited_user":null,"last_edited_date":null,"System":"Matlacha Pass","Color":"Green","MountingTy":"Piling Wood","NAVSize":"Large","Remarks":"Excellent","Owner":"Lee County","InspDate":1530158400000,"InspFreq":12,"NewInstall":1530158400000,"Comments":"Little BS","NAVNumber":"65","LLN":55175,"POINT_X":-82.08191967,"POINT_Y":26.6489963,"Depth":4,"ID":"N0076","reviewed":"yes","Fix":"no","followup":" "}},{"type":"Feature","id":77,"geometry":{"type":"Point","coordinates":[-82.08273744574632,26.651297139434295]},"properties":{"OBJECTID_1":77,"OBJECTID":36,"GlobalID":"{1137BBA2-9F79-425B-8F0C-404B9F1CEDE1}","created_user":null,"created_date":null,"last_edited_user":null,"last_edited_date":null,"System":"Matlacha Pass","Color":"Red","MountingTy":"Piling Wood","NAVSize":"Large","Remarks":"Excellent","Owner":"Lee County","InspDate":1530158400000,"InspFreq":12,"NewInstall":1530158400000,"Comments":"BS","NAVNumber":"66","LLN":55180,"POINT_X":-82.08273419,"POINT_Y":26.65129228,"Depth":12,"ID":"N0077","reviewed":"yes","Fix":"no","followup":" "}},{"type":"Feature","id":78,"geometry":{"type":"Point","coordinates":[-82.08424648120234,26.65274838879957]},"properties":{"OBJECTID_1":78,"OBJECTID":37,"GlobalID":"{0050BE97-128D-45E2-AAD2-0278277C3713}","created_user":null,"created_date":null,"last_edited_user":null,"last_edited_date":null,"System":"Matlacha Pass","Color":"Red","MountingTy":"Piling Wood","NAVSize":"Large","Remarks":"Excellent","Owner":"Lee County","InspDate":1530158400000,"InspFreq":12,"NewInstall":1530158400000,"Comments":"BS","NAVNumber":"68","LLN":55185,"POINT_X":-82.08424323,"POINT_Y":26.65274352,"Depth":6,"ID":"N0078","reviewed":"yes","Fix":"no","followup":" "}},{"type":"Feature","id":79,"geometry":{"type":"Point","coordinates":[-82.088807698429,26.657623740898224]},"properties":{"OBJECTID_1":79,"OBJECTID":38,"GlobalID":"{BC936BA9-726A-4748-9738-CB416141F476}","created_user":null,"created_date":null,"last_edited_user":null,"last_edited_date":null,"System":"Matlacha Pass","Color":"Green","MountingTy":"Piling Wood","NAVSize":"Small","Remarks":"Excellent","Owner":"Lee County","InspDate":1530158400000,"InspFreq":12,"NewInstall":1530158400000,"Comments":"BS","NAVNumber":"71","LLN":55195,"POINT_X":-82.08880444,"POINT_Y":26.65761888,"Depth":8,"ID":"N0079","reviewed":"yes","Fix":"no","followup":" "}},{"type":"Feature","id":80,"geometry":{"type":"Point","coordinates":[-82.10837359088431,26.697087348573994]},"properties":{"OBJECTID_1":80,"OBJECTID":39,"GlobalID":"{1CEA041A-1802-492A-803F-B807875B4480}","created_user":null,"created_date":null,"last_edited_user":null,"last_edited_date":null,"System":"Matlacha Pass","Color":"Green","MountingTy":"Piling Wood","NAVSize":"Large","Remarks":"Excellent","Owner":"Lee County","InspDate":1531195200000,"InspFreq":12,"NewInstall":1531195200000,"Comments":" ","NAVNumber":"81","LLN":55230,"POINT_X":-82.10837033,"POINT_Y":26.69708247,"Depth":8,"ID":"N0080","reviewed":"yes","Fix":"yes","followup":" "}},{"type":"Feature","id":81,"geometry":{"type":"Point","coordinates":[-82.11615445838557,26.706135893376846]},"properties":{"OBJECTID_1":81,"OBJECTID":40,"GlobalID":"{A0217225-1D33-456E-90CE-FAEA61EB3996}","created_user":null,"created_date":null,"last_edited_user":null,"last_edited_date":null,"System":"Matlacha Pass","Color":"Green","MountingTy":"Piling Wood","NAVSize":"Large","Remarks":"Excellent","Owner":"Lee County","InspDate":1531195200000,"InspFreq":12,"NewInstall":1531195200000,"Comments":" BS","NAVNumber":"83","LLN":55235,"POINT_X":-82.11615119,"POINT_Y":26.70613102,"Depth":10,"ID":"N0081","reviewed":"yes","Fix":"yes","followup":" "}},{"type":"Feature","id":82,"geometry":{"type":"Point","coordinates":[-82.12009869237993,26.710363176407686]},"properties":{"OBJECTID_1":82,"OBJECTID":41,"GlobalID":"{DB0A406E-B823-4161-ACB3-E4E6EF2D9BDF}","created_user":null,"created_date":null,"last_edited_user":null,"last_edited_date":null,"System":"Matlacha Pass","Color":"Green","MountingTy":"Piling Wood","NAVSize":"Large","Remarks":"Excellent","Owner":"Lee County","InspDate":1531195200000,"InspFreq":12,"NewInstall":1531195200000,"Comments":" BS","NAVNumber":"85","LLN":55240,"POINT_X":-82.12009543,"POINT_Y":26.7103583,"Depth":10,"ID":"N0082","reviewed":"yes","Fix":"yes","followup":" "}},{"type":"Feature","id":83,"geometry":{"type":"Point","coordinates":[-82.2022987316023,26.554347740704525]},"properties":{"OBJECTID_1":83,"OBJECTID":48,"GlobalID":"{D404A079-2FC3-4143-A677-F5814CA7CBA1}","created_user":null,"created_date":null,"last_edited_user":null,"last_edited_date":null,"System":"Redfish Pass","Color":"Green","MountingTy":"Buoy","NAVSize":"Large","Remarks":"Excellent","Owner":"Lee County","InspDate":1522900800000,"InspFreq":12,"NewInstall":1522900800000,"Comments":"All New 4/5/18%","NAVNumber":"5","LLN":1265,"POINT_X":-82.20229545,"POINT_Y":26.5543429,"Depth":20,"ID":"N0089","reviewed":"yes","Fix":"no","followup":" "}},{"type":"Feature","id":84,"geometry":{"type":"Point","coordinates":[-81.88926520348853,26.39775914019247]},"properties":{"OBJECTID_1":84,"OBJECTID":52,"GlobalID":"{BC3E55E6-8445-4CFA-98F3-0A455FF79B50}","created_user":null,"created_date":null,"last_edited_user":null,"last_edited_date":null,"System":"Big Carlos Pass","Color":"Red","MountingTy":"Buoy","NAVSize":"Large","Remarks":"Excellent","Owner":"Lee County","InspDate":1527048000000,"InspFreq":12,"NewInstall":1527048000000,"Comments":"All New 05/23/18","NAVNumber":"4","LLN":17980,"POINT_X":-81.88926201,"POINT_Y":26.39775433,"Depth":20,"ID":"N0093","reviewed":"yes","Fix":"yes","followup":" "}},{"type":"Feature","id":85,"geometry":{"type":"Point","coordinates":[-81.8864199661942,26.40023659057042]},"properties":{"OBJECTID_1":85,"OBJECTID":53,"GlobalID":"{6C67D009-F9A1-4FA7-B620-6639285964AC}","created_user":null,"created_date":null,"last_edited_user":null,"last_edited_date":null,"System":"Big Carlos Pass","Color":"Green","MountingTy":"Buoy","NAVSize":"Large","Remarks":"Excellent","Owner":"Lee County","InspDate":1527048000000,"InspFreq":12,"NewInstall":1527048000000,"Comments":"All new 05/23/2018","NAVNumber":"5","LLN":17985,"POINT_X":-81.88641678,"POINT_Y":26.40023178,"Depth":20,"ID":"N0094","reviewed":"yes","Fix":"yes","followup":" "}},{"type":"Feature","id":86,"geometry":{"type":"Point","coordinates":[-81.8780080538778,26.406216977758653]},"properties":{"OBJECTID_1":86,"OBJECTID":54,"GlobalID":"{E3CB7289-0E5E-4C09-B7E2-5990AFD35715}","created_user":null,"created_date":null,"last_edited_user":null,"last_edited_date":null,"System":"Estero Bay South","Color":"Red","MountingTy":"Piling Wood","NAVSize":"Small","Remarks":"Good","Owner":"Lee County","InspDate":1541653200000,"InspFreq":12,"NewInstall":null,"Comments":" ","NAVNumber":"2","LLN":18960,"POINT_X":-81.87800487,"POINT_Y":26.40621217,"Depth":10,"ID":"N0095","reviewed":"yes","Fix":"no","followup":" "}},{"type":"Feature","id":87,"geometry":{"type":"Point","coordinates":[-81.87867140687587,26.41121953295356]},"properties":{"OBJECTID_1":87,"OBJECTID":56,"GlobalID":"{D097546D-BCCC-45E2-8029-D9677BBE5A69}","created_user":null,"created_date":null,"last_edited_user":null,"last_edited_date":null,"System":"Mullock Crk","Color":"Red","MountingTy":"Piling Wood","NAVSize":"Large","Remarks":"Excellent","Owner":"Lee County","InspDate":1513573200000,"InspFreq":12,"NewInstall":1487653200000,"Comments":" ","NAVNumber":"2","LLN":18755,"POINT_X":-81.87866822,"POINT_Y":26.41121472,"Depth":6,"ID":"N0096","reviewed":"yes","Fix":"no","followup":" "}},{"type":"Feature","id":88,"geometry":{"type":"Point","coordinates":[-81.88122728033527,26.410159197860686]},"properties":{"OBJECTID_1":88,"OBJECTID":57,"GlobalID":"{375B0F73-E536-4D3E-B095-8445189E5D06}","created_user":null,"created_date":null,"last_edited_user":null,"last_edited_date":null,"System":"Mullock Crk","Color":"Green","MountingTy":"Piling Wood","NAVSize":"Small","Remarks":"Excellent","Owner":"Lee County","InspDate":1541566800000,"InspFreq":12,"NewInstall":1541566800000,"Comments":" ","NAVNumber":"1","LLN":18750,"POINT_X":-81.88122409,"POINT_Y":26.41015439,"Depth":4,"ID":"N0097","reviewed":"yes","Fix":"no","followup":" "}},{"type":"Feature","id":89,"geometry":{"type":"Point","coordinates":[-81.88284395737536,26.410683448275837]},"properties":{"OBJECTID_1":89,"OBJECTID":58,"GlobalID":"{B50E1610-EB52-4C72-83C2-FE9457A68895}","created_user":null,"created_date":null,"last_edited_user":null,"last_edited_date":null,"System":"Estero Bay North","Color":"Green","MountingTy":"Piling Wood","NAVSize":"Small","Remarks":"Good","Owner":"Lee County","InspDate":1542085200000,"InspFreq":12,"NewInstall":null,"Comments":" ","NAVNumber":"67","LLN":18740,"POINT_X":-81.88284077,"POINT_Y":26.41067864,"Depth":8,"ID":"N0098","reviewed":"yes","Fix":"yes","followup":" "}},{"type":"Feature","id":90,"geometry":{"type":"Point","coordinates":[-81.88349235004468,26.409655917839352]},"properties":{"OBJECTID_1":90,"OBJECTID":59,"GlobalID":"{5AEE8E40-344A-44BF-B90E-AED90594C37E}","created_user":null,"created_date":null,"last_edited_user":null,"last_edited_date":null,"System":"Estero Bay North","Color":"Red","MountingTy":"Piling Wood","NAVSize":"Small","Remarks":"Good","Owner":"Lee County","InspDate":1542085200000,"InspFreq":12,"NewInstall":null,"Comments":" ","NAVNumber":"66","LLN":18735,"POINT_X":-81.88348916,"POINT_Y":26.40965111,"Depth":6,"ID":"N0099","reviewed":" ","Fix":" ","followup":" "}},{"type":"Feature","id":91,"geometry":{"type":"Point","coordinates":[-81.85869950285387,26.66930457326365]},"properties":{"OBJECTID_1":91,"OBJECTID":60,"GlobalID":"{6A1A9404-7D17-4008-B5E8-ED3E2DFF2336}","created_user":null,"created_date":null,"last_edited_user":null,"last_edited_date":null,"System":"Old Bridge Pk East","Color":"Green","MountingTy":"Piling Wood","NAVSize":"Large","Remarks":"Good","Owner":"Lee County","InspDate":1536120000000,"InspFreq":12,"NewInstall":1464235200000,"Comments":" ","NAVNumber":"1","LLN":52480,"POINT_X":-81.85869631,"POINT_Y":26.6692997,"Depth":6,"ID":"N0100","reviewed":"yes","Fix":"yes","followup":" "}},{"type":"Feature","id":92,"geometry":{"type":"Point","coordinates":[-81.85826728606229,26.669366220950085]},"properties":{"OBJECTID_1":92,"OBJECTID":61,"GlobalID":"{24FE7B91-C382-481F-BAE8-AC5F47395503}","created_user":null,"created_date":null,"last_edited_user":null,"last_edited_date":null,"System":"Old Bridge Pk East","Color":"Red","MountingTy":"Piling Wood","NAVSize":"Large","Remarks":"Good","Owner":"Lee County","InspDate":1536120000000,"InspFreq":12,"NewInstall":null,"Comments":" ","NAVNumber":"2","LLN":52485,"POINT_X":-81.8582641,"POINT_Y":26.66936135,"Depth":6,"ID":"N0101","reviewed":"yes","Fix":"yes","followup":" "}},{"type":"Feature","id":93,"geometry":{"type":"Point","coordinates":[-81.8590913544791,26.67033027631936]},"properties":{"OBJECTID_1":93,"OBJECTID":62,"GlobalID":"{964665FF-D852-4C93-9B90-D1F55BD968F9}","created_user":null,"created_date":null,"last_edited_user":null,"last_edited_date":null,"System":"Old Bridge Pk East","Color":"Green","MountingTy":"Piling Wood","NAVSize":"Small","Remarks":"Good","Owner":"Lee County","InspDate":1536120000000,"InspFreq":12,"NewInstall":null,"Comments":"is #1a","NAVNumber":"1a","LLN":52490,"POINT_X":-81.85908816,"POINT_Y":26.6703254,"Depth":6,"ID":"N0102","reviewed":"yes","Fix":"yes","followup":" "}},{"type":"Feature","id":94,"geometry":{"type":"Point","coordinates":[-81.85866137339609,26.67053980319417]},"properties":{"OBJECTID_1":94,"OBJECTID":63,"GlobalID":"{A8721A51-0F1F-4E9D-BF87-49D173C38966}","created_user":null,"created_date":null,"last_edited_user":null,"last_edited_date":null,"System":"Old Bridge Pk East","Color":"Red","MountingTy":"Piling Wood","NAVSize":"Small","Remarks":"Good","Owner":"Lee County","InspDate":1536120000000,"InspFreq":12,"NewInstall":null,"Comments":"is #2a","NAVNumber":"2a","LLN":52495,"POINT_X":-81.85865818,"POINT_Y":26.67053493,"Depth":6,"ID":"N0103","reviewed":"yes","Fix":"yes","followup":" "}},{"type":"Feature","id":95,"geometry":{"type":"Point","coordinates":[-81.85928210205749,26.671344827527996]},"properties":{"OBJECTID_1":95,"OBJECTID":64,"GlobalID":"{DD53DE86-0524-4949-BA86-6D947FE0EBD7}","created_user":null,"created_date":null,"last_edited_user":null,"last_edited_date":null,"System":"Old Bridge Pk East","Color":"Red Over Green","MountingTy":"Piling Wood","NAVSize":"Small","Remarks":"Good","Owner":"Lee County","InspDate":1536120000000,"InspFreq":12,"NewInstall":1464235200000,"Comments":"green/red","NAVNumber":"a","LLN":52500,"POINT_X":-81.85927891,"POINT_Y":26.67133995,"Depth":4,"ID":"N0104","reviewed":"yes","Fix":"yes","followup":" "}},{"type":"Feature","id":96,"geometry":{"type":"Point","coordinates":[-81.85868395603548,26.67314854922501]},"properties":{"OBJECTID_1":96,"OBJECTID":65,"GlobalID":"{902E9668-5B70-4A46-88FB-B9140F642287}","created_user":null,"created_date":null,"last_edited_user":null,"last_edited_date":null,"System":"Old Bridge Pk East","Color":"Red","MountingTy":"Piling Wood","NAVSize":"Small","Remarks":"Good","Owner":"Lee County","InspDate":1536120000000,"InspFreq":12,"NewInstall":null,"Comments":" ","NAVNumber":"8","LLN":52515,"POINT_X":-81.85868077,"POINT_Y":26.67314367,"Depth":4,"ID":"N0105","reviewed":"yes","Fix":"yes","followup":" "}},{"type":"Feature","id":97,"geometry":{"type":"Point","coordinates":[-81.85884850238337,26.67342038835731]},"properties":{"OBJECTID_1":97,"OBJECTID":66,"GlobalID":"{796CDBAA-21D5-4C27-BD14-356C269EEDB0}","created_user":null,"created_date":null,"last_edited_user":null,"last_edited_date":null,"System":"Old Bridge Pk East","Color":"Green","MountingTy":"Piling Wood","NAVSize":"Small","Remarks":"Good","Owner":"Lee County","InspDate":1536120000000,"InspFreq":12,"NewInstall":null,"Comments":" ","NAVNumber":"7","LLN":52510,"POINT_X":-81.85884531,"POINT_Y":26.67341551,"Depth":4,"ID":"N0106","reviewed":"yes","Fix":"yes","followup":" "}},{"type":"Feature","id":98,"geometry":{"type":"Point","coordinates":[-81.85869003691421,26.6744406888963]},"properties":{"OBJECTID_1":98,"OBJECTID":67,"GlobalID":"{D30A9FB9-45AF-4D72-9DBF-B4326D378291}","created_user":null,"created_date":null,"last_edited_user":null,"last_edited_date":null,"System":"Old Bridge Pk East","Color":"Red","MountingTy":"Piling Wood","NAVSize":"Small","Remarks":"Good","Owner":"Lee County","InspDate":1536120000000,"InspFreq":12,"NewInstall":null,"Comments":" ","NAVNumber":"10","LLN":52525,"POINT_X":-81.85868685,"POINT_Y":26.67443581,"Depth":4,"ID":"N0107","reviewed":"yes","Fix":"yes","followup":" "}},{"type":"Feature","id":99,"geometry":{"type":"Point","coordinates":[-81.85886606740164,26.6744419456584]},"properties":{"OBJECTID_1":99,"OBJECTID":68,"GlobalID":"{F8C9DA18-A80B-4B79-8BF9-64BBD9D83495}","created_user":null,"created_date":null,"last_edited_user":null,"last_edited_date":null,"System":"Old Bridge Pk East","Color":"Green","MountingTy":"Piling Wood","NAVSize":"Small","Remarks":"Good","Owner":"Lee County","InspDate":1536120000000,"InspFreq":12,"NewInstall":null,"Comments":" ","NAVNumber":"9","LLN":52520,"POINT_X":-81.85886288,"POINT_Y":26.67443707,"Depth":4,"ID":"N0108","reviewed":"yes","Fix":"yes","followup":" "}},{"type":"Feature","id":100,"geometry":{"type":"Point","coordinates":[-81.85865803147874,26.67570367689498]},"properties":{"OBJECTID_1":100,"OBJECTID":69,"GlobalID":"{F1E70B26-254D-416A-A7FC-0318B1DA738F}","created_user":null,"created_date":null,"last_edited_user":null,"last_edited_date":null,"System":"Old Bridge Pk East","Color":"Red","MountingTy":"Piling Wood","NAVSize":"Small","Remarks":"needs new pile","Owner":"Lee County","InspDate":1545195600000,"InspFreq":12,"NewInstall":null,"Comments":" lean","NAVNumber":"12","LLN":52535,"POINT_X":-81.85865484,"POINT_Y":26.6756988,"Depth":4,"ID":"N0109","reviewed":"yes","Fix":"no","followup":" "}},{"type":"Feature","id":101,"geometry":{"type":"Point","coordinates":[-81.85864080623554,26.676965393260165]},"properties":{"OBJECTID_1":101,"OBJECTID":70,"GlobalID":"{EDD0E925-7D05-4BE2-AB02-FA05A1230BA9}","created_user":null,"created_date":null,"last_edited_user":null,"last_edited_date":null,"System":"Old Bridge Pk East","Color":"Red","MountingTy":"Piling Wood","NAVSize":"Small","Remarks":"Good","Owner":"Lee County","InspDate":1536120000000,"InspFreq":12,"NewInstall":null,"Comments":" ","NAVNumber":"14","LLN":52545,"POINT_X":-81.85863762,"POINT_Y":26.67696052,"Depth":4,"ID":"N0110","reviewed":"yes","Fix":"yes","followup":" "}},{"type":"Feature","id":102,"geometry":{"type":"Point","coordinates":[-82.05994482693235,26.534892518494587]},"properties":{"OBJECTID_1":102,"OBJECTID":492,"GlobalID":"{38F65EB2-E7D8-4B10-AEE5-EAED960FE0E3}","created_user":null,"created_date":null,"last_edited_user":null,"last_edited_date":null,"System":"Matlacha Pass","Color":"Green","MountingTy":"Piling Wood","NAVSize":"Large","Remarks":"Excellent","Owner":"Lee County","InspDate":1523937600000,"InspFreq":12,"NewInstall":1523937600000,"Comments":" ","NAVNumber":"17","LLN":54905,"POINT_X":-82.05994158,"POINT_Y":26.53488768,"Depth":6,"ID":"N0111","reviewed":"yes","Fix":"no","followup":" "}},{"type":"Feature","id":103,"geometry":{"type":"Point","coordinates":[-82.05944989721488,26.53334077416543]},"properties":{"OBJECTID_1":103,"OBJECTID":493,"GlobalID":"{501923C2-FE4B-461D-862E-F2565C62970A}","created_user":null,"created_date":null,"last_edited_user":null,"last_edited_date":null,"System":"Matlacha Pass","Color":"Green","MountingTy":"Piling Wood","NAVSize":"Large","Remarks":"Excellent","Owner":"Lee County","InspDate":1523937600000,"InspFreq":12,"NewInstall":1523937600000,"Comments":" ","NAVNumber":"15","LLN":54900,"POINT_X":-82.05944665,"POINT_Y":26.53333594,"Depth":6,"ID":"N0112","reviewed":"yes","Fix":"no","followup":" "}},{"type":"Feature","id":104,"geometry":{"type":"Point","coordinates":[-82.0589822657249,26.52944383678789]},"properties":{"OBJECTID_1":104,"OBJECTID":494,"GlobalID":"{A16CDF56-D732-474F-918F-EA129BB31C11}","created_user":null,"created_date":null,"last_edited_user":null,"last_edited_date":null,"System":"Matlacha Pass","Color":"Green","MountingTy":"Piling Wood","NAVSize":"Large","Remarks":"Excellent","Owner":"Lee County","InspDate":1523937600000,"InspFreq":12,"NewInstall":1523937600000,"Comments":" ","NAVNumber":"13","LLN":54895,"POINT_X":-82.05897902,"POINT_Y":26.529439,"Depth":12,"ID":"N0113","reviewed":"yes","Fix":"no","followup":" "}},{"type":"Feature","id":105,"geometry":{"type":"Point","coordinates":[-82.05817691791454,26.52409710172674]},"properties":{"OBJECTID_1":105,"OBJECTID":495,"GlobalID":"{8EA69667-CD1E-47F5-9802-3F34BEEEE27E}","created_user":null,"created_date":null,"last_edited_user":null,"last_edited_date":null,"System":"Matlacha Pass","Color":"Green","MountingTy":"Piling Wood","NAVSize":"Large","Remarks":"Excellent","Owner":"Lee County","InspDate":1523332800000,"InspFreq":12,"NewInstall":1523332800000,"Comments":" ","NAVNumber":"11","LLN":54890,"POINT_X":-82.05817367,"POINT_Y":26.52409227,"Depth":6,"ID":"N0114","reviewed":"yes","Fix":"no","followup":" "}},{"type":"Feature","id":106,"geometry":{"type":"Point","coordinates":[-82.05762022568273,26.519391319078125]},"properties":{"OBJECTID_1":106,"OBJECTID":496,"GlobalID":"{AFE7AAD3-9A80-4060-8AB0-829E3748C7B3}","created_user":null,"created_date":null,"last_edited_user":null,"last_edited_date":null,"System":"Matlacha Pass","Color":"Red","MountingTy":"Piling Wood","NAVSize":"Large","Remarks":"Excellent","Owner":"Lee County","InspDate":1523332800000,"InspFreq":12,"NewInstall":1523332800000,"Comments":" ","NAVNumber":"10","LLN":54885,"POINT_X":-82.05761698,"POINT_Y":26.51938649,"Depth":6,"ID":"N0115","reviewed":"yes","Fix":"no","followup":" "}},{"type":"Feature","id":107,"geometry":{"type":"Point","coordinates":[-82.05881357163867,26.513067145555663]},"properties":{"OBJECTID_1":107,"OBJECTID":497,"GlobalID":"{68C4D33B-3EEC-43C4-AA4B-B467203B0DE1}","created_user":null,"created_date":null,"last_edited_user":null,"last_edited_date":null,"System":"Matlacha Pass","Color":"Green","MountingTy":"Piling Wood","NAVSize":"Large","Remarks":"Excellent","Owner":"Lee County","InspDate":1523332800000,"InspFreq":12,"NewInstall":1523332800000,"Comments":" ","NAVNumber":"9","LLN":54880,"POINT_X":-82.05881033,"POINT_Y":26.51306231,"Depth":10,"ID":"N0116","reviewed":"yes","Fix":"no","followup":" "}},{"type":"Feature","id":108,"geometry":{"type":"Point","coordinates":[-82.0597952199409,26.509233529042017]},"properties":{"OBJECTID_1":108,"OBJECTID":498,"GlobalID":"{A5902D63-DB97-44F9-88E6-3E970D68789F}","created_user":null,"created_date":null,"last_edited_user":null,"last_edited_date":null,"System":"Matlacha Pass","Color":"Red","MountingTy":"Piling Wood","NAVSize":"Large","Remarks":"Excellent","Owner":"Lee County","InspDate":1523332800000,"InspFreq":12,"NewInstall":1523332800000,"Comments":" ","NAVNumber":"8","LLN":54875,"POINT_X":-82.05979198,"POINT_Y":26.5092287,"Depth":6,"ID":"N0117","reviewed":"yes","Fix":"no","followup":" "}},{"type":"Feature","id":109,"geometry":{"type":"Point","coordinates":[-82.05991063064764,26.50784227028919]},"properties":{"OBJECTID_1":109,"OBJECTID":499,"GlobalID":"{7EE07341-91A5-4A5D-B1CD-805ADE1AB3B7}","created_user":null,"created_date":null,"last_edited_user":null,"last_edited_date":null,"System":"Matlacha Pass","Color":"Red","MountingTy":"Piling Wood","NAVSize":"Large","Remarks":"Excellent","Owner":"Lee County","InspDate":1523332800000,"InspFreq":12,"NewInstall":1523332800000,"Comments":" ","NAVNumber":"6","LLN":54865,"POINT_X":-82.05990739,"POINT_Y":26.50783744,"Depth":8,"ID":"N0118","reviewed":"yes","Fix":"no","followup":" "}},{"type":"Feature","id":110,"geometry":{"type":"Point","coordinates":[-82.0602775286384,26.507379792837995]},"properties":{"OBJECTID_1":110,"OBJECTID":500,"GlobalID":"{C2D24895-5840-459E-92A4-4C9E69D3D2A0}","created_user":null,"created_date":null,"last_edited_user":null,"last_edited_date":null,"System":"Matlacha Pass","Color":"Green","MountingTy":"Piling Wood","NAVSize":"Large","Remarks":"Excellent","Owner":"Lee County","InspDate":1523332800000,"InspFreq":12,"NewInstall":1523332800000,"Comments":" ","NAVNumber":"7","LLN":54870,"POINT_X":-82.06027429,"POINT_Y":26.50737496,"Depth":8,"ID":"N0119","reviewed":"yes","Fix":"yes","followup":" "}},{"type":"Feature","id":111,"geometry":{"type":"Point","coordinates":[-82.05823933648799,26.50683986810285]},"properties":{"OBJECTID_1":111,"OBJECTID":501,"GlobalID":"{94D0054D-0B16-4F95-B6E6-10D99B80BBD0}","created_user":null,"created_date":null,"last_edited_user":null,"last_edited_date":null,"System":"Matlacha Pass","Color":"Green","MountingTy":"Piling Wood","NAVSize":"Large","Remarks":"Excellent","Owner":"Lee County","InspDate":1523332800000,"InspFreq":12,"NewInstall":1523332800000,"Comments":" ","NAVNumber":"5","LLN":54860,"POINT_X":-82.05823609,"POINT_Y":26.50683504,"Depth":4,"ID":"N0120","reviewed":"yes","Fix":"no","followup":" "}},{"type":"Feature","id":112,"geometry":{"type":"Point","coordinates":[-82.05656554754401,26.506332133862777]},"properties":{"OBJECTID_1":112,"OBJECTID":502,"GlobalID":"{50693AE6-ECA9-4029-AD39-CF3F6831AE36}","created_user":null,"created_date":null,"last_edited_user":null,"last_edited_date":null,"System":"Matlacha Pass","Color":"Red","MountingTy":"Piling Wood","NAVSize":"Large","Remarks":"Excellent","Owner":"Lee County","InspDate":1523332800000,"InspFreq":12,"NewInstall":1523332800000,"Comments":" ","NAVNumber":"4","LLN":54855,"POINT_X":-82.05656231,"POINT_Y":26.5063273,"Depth":8,"ID":"N0121","reviewed":"yes","Fix":"yes","followup":" "}},{"type":"Feature","id":113,"geometry":{"type":"Point","coordinates":[-82.05366213633982,26.503940008710003]},"properties":{"OBJECTID_1":113,"OBJECTID":503,"GlobalID":"{C60AB347-509D-4196-9704-556D55BAECFF}","created_user":null,"created_date":null,"last_edited_user":null,"last_edited_date":null,"System":"Matlacha Pass","Color":"Green","MountingTy":"Piling Wood","NAVSize":"Large","Remarks":"Excellent","Owner":"Lee County","InspDate":1523332800000,"InspFreq":12,"NewInstall":1523332800000,"Comments":" ","NAVNumber":"3","LLN":54850,"POINT_X":-82.0536589,"POINT_Y":26.50393518,"Depth":8,"ID":"N0122","reviewed":"yes","Fix":"yes","followup":" "}},{"type":"Feature","id":114,"geometry":{"type":"Point","coordinates":[-82.05333256968369,26.501081229094005]},"properties":{"OBJECTID_1":114,"OBJECTID":504,"GlobalID":"{529CF01D-1677-4878-A9F9-EF08F093DC07}","created_user":null,"created_date":null,"last_edited_user":null,"last_edited_date":null,"System":"Matlacha Pass","Color":"Red","MountingTy":"Piling Wood","NAVSize":"Large","Remarks":"Excellent","Owner":"Lee County","InspDate":1523332800000,"InspFreq":12,"NewInstall":1523332800000,"Comments":"pile is loose may be broken","NAVNumber":"2","LLN":54845,"POINT_X":-82.05332933,"POINT_Y":26.5010764,"Depth":10,"ID":"N0123","reviewed":"yes","Fix":"no","followup":" "}},{"type":"Feature","id":115,"geometry":{"type":"Point","coordinates":[-82.0507988199696,26.493656118359322]},"properties":{"OBJECTID_1":115,"OBJECTID":505,"GlobalID":"{EA27CB0C-530A-4462-9264-A00D8F185969}","created_user":null,"created_date":null,"last_edited_user":null,"last_edited_date":null,"System":"Matlacha Pass","Color":"Green","MountingTy":"Piling Wood","NAVSize":"Large","Remarks":"Excellent","Owner":"Lee County","InspDate":1523332800000,"InspFreq":12,"NewInstall":1523332800000,"Comments":" pile moves may be broken","NAVNumber":"1","LLN":54840,"POINT_X":-82.05079558,"POINT_Y":26.49365129,"Depth":8,"ID":"N0124","reviewed":"yes","Fix":"no","followup":" "}},{"type":"Feature","id":116,"geometry":{"type":"Point","coordinates":[-82.01953472120184,26.51225616192595]},"properties":{"OBJECTID_1":116,"OBJECTID":506,"GlobalID":"{2F91270C-4563-481A-B642-7D33A29B3108}","created_user":null,"created_date":null,"last_edited_user":null,"last_edited_date":null,"System":"Sword Point","Color":"Green","MountingTy":"Piling Wood","NAVSize":"Large","Remarks":"Excellent","Owner":"Lee County","InspDate":1522814400000,"InspFreq":12,"NewInstall":1522814400000,"Comments":" p pile","NAVNumber":"1","LLN":54793.1015625,"POINT_X":-82.01953149,"POINT_Y":26.51225133,"Depth":8,"ID":"N0125","reviewed":"yes","Fix":"no","followup":" "}},{"type":"Feature","id":117,"geometry":{"type":"Point","coordinates":[-82.01918409145293,26.513633573650957]},"properties":{"OBJECTID_1":117,"OBJECTID":507,"GlobalID":"{7CD9B778-B782-4914-AA02-FADCBE4BA7F5}","created_user":null,"created_date":null,"last_edited_user":null,"last_edited_date":null,"System":"Sword Point","Color":"Red","MountingTy":"Piling Wood","NAVSize":"Large","Remarks":"Excellent","Owner":"Lee County","InspDate":1522814400000,"InspFreq":12,"NewInstall":1522814400000,"Comments":" ","NAVNumber":"2","LLN":54793.1015625,"POINT_X":-82.01918086,"POINT_Y":26.51362874,"Depth":8,"ID":"N0126","reviewed":"yes","Fix":"no","followup":" "}},{"type":"Feature","id":118,"geometry":{"type":"Point","coordinates":[-82.02338713230873,26.515265522252335]},"properties":{"OBJECTID_1":118,"OBJECTID":508,"GlobalID":"{19564945-63B6-46B6-A947-FB6774E619DC}","created_user":null,"created_date":null,"last_edited_user":null,"last_edited_date":null,"System":"Sword Point","Color":"Green","MountingTy":"Piling Wood","NAVSize":"Large","Remarks":"Excellent","Owner":"Lee County","InspDate":1522814400000,"InspFreq":12,"NewInstall":1522814400000,"Comments":" ","NAVNumber":"3","LLN":54793.19921875,"POINT_X":-82.0233839,"POINT_Y":26.51526069,"Depth":10,"ID":"N0127","reviewed":"yes","Fix":"yes","followup":" "}},{"type":"Feature","id":119,"geometry":{"type":"Point","coordinates":[-82.02329820811812,26.51589337780532]},"properties":{"OBJECTID_1":119,"OBJECTID":509,"GlobalID":"{87CC3354-A47D-4C65-A91E-156FEE626A42}","created_user":null,"created_date":null,"last_edited_user":null,"last_edited_date":null,"System":"Sword Point","Color":"Red","MountingTy":"Piling Wood","NAVSize":"Large","Remarks":"Excellent","Owner":"Lee County","InspDate":1522814400000,"InspFreq":12,"NewInstall":1522814400000,"Comments":" ","NAVNumber":"4","LLN":54793.30078125,"POINT_X":-82.02329498,"POINT_Y":26.51588855,"Depth":6,"ID":"N0128","reviewed":"yes","Fix":"yes","followup":" "}},{"type":"Feature","id":120,"geometry":{"type":"Point","coordinates":[-82.02982598106965,26.518542305024752]},"properties":{"OBJECTID_1":120,"OBJECTID":510,"GlobalID":"{8B8C1CC0-8B26-4F45-B30B-17A0F80F3F29}","created_user":null,"created_date":null,"last_edited_user":null,"last_edited_date":null,"System":"Sword Point","Color":"Green","MountingTy":"Piling Wood","NAVSize":"Large","Remarks":"Excellent","Owner":"Lee County","InspDate":1522814400000,"InspFreq":12,"NewInstall":1522814400000,"Comments":" ","NAVNumber":"5","LLN":54793.30078125,"POINT_X":-82.02982275,"POINT_Y":26.51853747,"Depth":6,"ID":"N0129","reviewed":"yes","Fix":"no","followup":" "}},{"type":"Feature","id":121,"geometry":{"type":"Point","coordinates":[-82.03434553242927,26.52015905140246]},"properties":{"OBJECTID_1":121,"OBJECTID":511,"GlobalID":"{FE6B1249-B454-4C97-BA3B-4EDCC5BE7C8B}","created_user":null,"created_date":null,"last_edited_user":null,"last_edited_date":null,"System":"Sword Point","Color":"Green","MountingTy":"Piling Wood","NAVSize":"Large","Remarks":"Excellent","Owner":"Lee County","InspDate":1522814400000,"InspFreq":12,"NewInstall":1522814400000,"Comments":" ","NAVNumber":"7","LLN":54793.3984375,"POINT_X":-82.0343423,"POINT_Y":26.52015422,"Depth":6,"ID":"N0130","reviewed":"yes","Fix":"no","followup":" "}},{"type":"Feature","id":122,"geometry":{"type":"Point","coordinates":[-82.0377737902027,26.521160577190898]},"properties":{"OBJECTID_1":122,"OBJECTID":512,"GlobalID":"{E6D757A2-F49A-418A-ABB0-8C4ABCE90792}","created_user":null,"created_date":null,"last_edited_user":null,"last_edited_date":null,"System":"Sword Point","Color":"Green","MountingTy":"Piling Wood","NAVSize":"Large","Remarks":"Excellent","Owner":"Lee County","InspDate":1524024000000,"InspFreq":12,"NewInstall":1524024000000,"Comments":" ","NAVNumber":"9","LLN":54793.3984375,"POINT_X":-82.03777055,"POINT_Y":26.52115574,"Depth":6,"ID":"N0131","reviewed":"yes","Fix":"no","followup":" "}},{"type":"Feature","id":123,"geometry":{"type":"Point","coordinates":[-82.03921785269283,26.522214581161915]},"properties":{"OBJECTID_1":123,"OBJECTID":513,"GlobalID":"{24D6BAB3-6F31-4EFA-A94E-3BB7656CB3D5}","created_user":null,"created_date":null,"last_edited_user":null,"last_edited_date":null,"System":"Sword Point","Color":"Green","MountingTy":"Piling Wood","NAVSize":"Large","Remarks":"Excellent","Owner":"Lee County","InspDate":1522814400000,"InspFreq":12,"NewInstall":1522814400000,"Comments":" ","NAVNumber":"11","LLN":54793.3984375,"POINT_X":-82.03921462,"POINT_Y":26.52220975,"Depth":6,"ID":"N0132","reviewed":"yes","Fix":"no","followup":" "}},{"type":"Feature","id":124,"geometry":{"type":"Point","coordinates":[-82.03979168761225,26.52261253421559]},"properties":{"OBJECTID_1":124,"OBJECTID":514,"GlobalID":"{EBB90917-A349-4E6F-8447-464E083D9B63}","created_user":null,"created_date":null,"last_edited_user":null,"last_edited_date":null,"System":"Sword Point","Color":"Green","MountingTy":"Piling Wood","NAVSize":"Large","Remarks":"Excellent","Owner":"Lee County","InspDate":1522814400000,"InspFreq":6,"NewInstall":1522814400000,"Comments":" ","NAVNumber":"13","LLN":54793.5,"POINT_X":-82.03978845,"POINT_Y":26.5226077,"Depth":6,"ID":"N0133","reviewed":"yes","Fix":"no","followup":" "}},{"type":"Feature","id":125,"geometry":{"type":"Point","coordinates":[-82.03976146873235,26.5229039000512]},"properties":{"OBJECTID_1":125,"OBJECTID":515,"GlobalID":"{33CF7587-6ACD-490B-9D22-E446A1EED675}","created_user":null,"created_date":null,"last_edited_user":null,"last_edited_date":null,"System":"Sword Point","Color":"Red","MountingTy":"Piling Wood","NAVSize":"Large","Remarks":"Excellent","Owner":"Lee County","InspDate":1522814400000,"InspFreq":12,"NewInstall":1522814400000,"Comments":" ","NAVNumber":"14","LLN":54793.6015625,"POINT_X":-82.03975823,"POINT_Y":26.52289907,"Depth":6,"ID":"N0134","reviewed":"yes","Fix":"no","followup":" "}},{"type":"Feature","id":126,"geometry":{"type":"Point","coordinates":[-82.04010100224883,26.522416557990116]},"properties":{"OBJECTID_1":126,"OBJECTID":516,"GlobalID":"{40C5FEFB-1454-411E-9247-1A694E977BB7}","created_user":null,"created_date":null,"last_edited_user":null,"last_edited_date":null,"System":"Sword Point","Color":"Green","MountingTy":"Piling Wood","NAVSize":"Large","Remarks":"Excellent","Owner":"Lee County","InspDate":1522814400000,"InspFreq":12,"NewInstall":1522814400000,"Comments":" ","NAVNumber":"15","LLN":54793.6015625,"POINT_X":-82.04009776,"POINT_Y":26.52241172,"Depth":6,"ID":"N0135","reviewed":"yes","Fix":"no","followup":" "}},{"type":"Feature","id":127,"geometry":{"type":"Point","coordinates":[-82.04077340415022,26.521800183407557]},"properties":{"OBJECTID_1":127,"OBJECTID":517,"GlobalID":"{92CBBC42-9911-4556-82C3-B742F4A35791}","created_user":null,"created_date":null,"last_edited_user":null,"last_edited_date":null,"System":"Sword Point","Color":"Green","MountingTy":"Piling Wood","NAVSize":"Large","Remarks":"Excellent","Owner":"Lee County","InspDate":1522814400000,"InspFreq":12,"NewInstall":1522814400000,"Comments":" ","NAVNumber":"17","LLN":54793.6015625,"POINT_X":-82.04077017,"POINT_Y":26.52179535,"Depth":6,"ID":"N0136","reviewed":"yes","Fix":"no","followup":" "}},{"type":"Feature","id":128,"geometry":{"type":"Point","coordinates":[-82.04093407656606,26.52210231268306]},"properties":{"OBJECTID_1":128,"OBJECTID":518,"GlobalID":"{0B4048AD-350F-4C52-9F06-B9EF6100A113}","created_user":null,"created_date":null,"last_edited_user":null,"last_edited_date":null,"System":"Sword Point","Color":"Red","MountingTy":"Piling Wood","NAVSize":"Large","Remarks":"Excellent","Owner":"Lee County","InspDate":1522814400000,"InspFreq":12,"NewInstall":1522814400000,"Comments":" ","NAVNumber":"18","LLN":54793.69921875,"POINT_X":-82.04093084,"POINT_Y":26.52209748,"Depth":6,"ID":"N0137","reviewed":"yes","Fix":"no","followup":" "}},{"type":"Feature","id":129,"geometry":{"type":"Point","coordinates":[-82.0424168862176,26.52255191514946]},"properties":{"OBJECTID_1":129,"OBJECTID":519,"GlobalID":"{6B0CEA32-1C5D-4907-AA69-8B8914F1A68B}","created_user":null,"created_date":null,"last_edited_user":null,"last_edited_date":null,"System":"Sword Point","Color":"Green","MountingTy":"Piling Wood","NAVSize":"Large","Remarks":"Excellent","Owner":"Lee County","InspDate":1522814400000,"InspFreq":12,"NewInstall":1522814400000,"Comments":" ","NAVNumber":"19","LLN":54793.80078125,"POINT_X":-82.04241365,"POINT_Y":26.52254708,"Depth":6,"ID":"N0138","reviewed":"yes","Fix":"no","followup":" "}},{"type":"Feature","id":130,"geometry":{"type":"Point","coordinates":[-82.04591872453955,26.52166877657157]},"properties":{"OBJECTID_1":130,"OBJECTID":520,"GlobalID":"{C27C8F68-BB20-413C-B9FA-A4DC655D2A89}","created_user":null,"created_date":null,"last_edited_user":null,"last_edited_date":null,"System":"Sword Point","Color":"Green","MountingTy":"Piling Wood","NAVSize":"Large","Remarks":"Excellent","Owner":"Lee County","InspDate":1522814400000,"InspFreq":12,"NewInstall":1522814400000,"Comments":" ","NAVNumber":"21","LLN":54793.80078125,"POINT_X":-82.04591549,"POINT_Y":26.52166394,"Depth":6,"ID":"N0139","reviewed":"yes","Fix":"no","followup":" "}},{"type":"Feature","id":131,"geometry":{"type":"Point","coordinates":[-82.04798787430491,26.522440573249238]},"properties":{"OBJECTID_1":131,"OBJECTID":521,"GlobalID":"{CF4D2415-0A97-4D2E-A529-B2DE1AF73043}","created_user":null,"created_date":null,"last_edited_user":null,"last_edited_date":null,"System":"Sword Point","Color":"Green","MountingTy":"Piling Wood","NAVSize":"Large","Remarks":"Excellent","Owner":"Lee County","InspDate":1522814400000,"InspFreq":12,"NewInstall":1522814400000,"Comments":" ","NAVNumber":"23","LLN":54793.80078125,"POINT_X":-82.04798463,"POINT_Y":26.52243574,"Depth":6,"ID":"N0140","reviewed":"yes","Fix":"no","followup":" "}},{"type":"Feature","id":132,"geometry":{"type":"Point","coordinates":[-82.04777538638375,26.522760883694797]},"properties":{"OBJECTID_1":132,"OBJECTID":522,"GlobalID":"{799507BA-E2FC-474F-888C-8B344BFED704}","created_user":null,"created_date":null,"last_edited_user":null,"last_edited_date":null,"System":"Sword Point","Color":"Red","MountingTy":"Piling Wood","NAVSize":"Large","Remarks":"Excellent","Owner":"Lee County","InspDate":1522814400000,"InspFreq":12,"NewInstall":1522814400000,"Comments":" ","NAVNumber":"24","LLN":54793.8984375,"POINT_X":-82.04777215,"POINT_Y":26.52275605,"Depth":6,"ID":"N0141","reviewed":"yes","Fix":"no","followup":" "}},{"type":"Feature","id":133,"geometry":{"type":"Point","coordinates":[-82.05056787973488,26.523999797082553]},"properties":{"OBJECTID_1":133,"OBJECTID":523,"GlobalID":"{3B274F1C-980D-467C-A709-6663F2A99B58}","created_user":null,"created_date":null,"last_edited_user":null,"last_edited_date":null,"System":"Sword Point","Color":"Green","MountingTy":"Piling Wood","NAVSize":"Large","Remarks":"Excellent","Owner":"Lee County","InspDate":1522814400000,"InspFreq":12,"NewInstall":1522814400000,"Comments":" ","NAVNumber":"25","LLN":54793.8984375,"POINT_X":-82.05056464,"POINT_Y":26.52399496,"Depth":6,"ID":"N0142","reviewed":"yes","Fix":"no","followup":" "}},{"type":"Feature","id":134,"geometry":{"type":"Point","coordinates":[-82.05428810216756,26.52675808273412]},"properties":{"OBJECTID_1":134,"OBJECTID":524,"GlobalID":"{5B176A88-0F8F-4E0F-9BD7-325A0470EE37}","created_user":null,"created_date":null,"last_edited_user":null,"last_edited_date":null,"System":"Sword Point","Color":"Red","MountingTy":"Piling Wood","NAVSize":"Large","Remarks":"Excellent","Owner":"Lee County","InspDate":1522814400000,"InspFreq":12,"NewInstall":1522814400000,"Comments":" ","NAVNumber":"28","LLN":54794,"POINT_X":-82.05428486,"POINT_Y":26.52675325,"Depth":6,"ID":"N0143","reviewed":"yes","Fix":"no","followup":" "}},{"type":"Feature","id":135,"geometry":{"type":"Point","coordinates":[-82.05476489749518,26.52622758502269]},"properties":{"OBJECTID_1":135,"OBJECTID":525,"GlobalID":"{BA42C026-6878-4FD3-97D8-E9638D77E3AF}","created_user":null,"created_date":null,"last_edited_user":null,"last_edited_date":null,"System":"Sword Point","Color":"Green","MountingTy":"Piling Wood","NAVSize":"Large","Remarks":"Excellent","Owner":"Lee County","InspDate":1522814400000,"InspFreq":12,"NewInstall":1522814400000,"Comments":" ","NAVNumber":"27","LLN":54793.8984375,"POINT_X":-82.05476166,"POINT_Y":26.52622275,"Depth":6,"ID":"N0144","reviewed":"yes","Fix":"no","followup":" "}},{"type":"Feature","id":136,"geometry":{"type":"Point","coordinates":[-82.06119920035962,26.535171350914762]},"properties":{"OBJECTID_1":136,"OBJECTID":526,"GlobalID":"{6181E72C-3D13-40EF-904A-83B70A0529E7}","created_user":null,"created_date":null,"last_edited_user":null,"last_edited_date":null,"System":"Matlacha Pass","Color":"Red","MountingTy":"Piling Wood","NAVSize":"Large","Remarks":"Excellent","Owner":"Lee County","InspDate":1523937600000,"InspFreq":12,"NewInstall":1523937600000,"Comments":" ","NAVNumber":"18","LLN":54910,"POINT_X":-82.06119596,"POINT_Y":26.53516651,"Depth":4,"ID":"N0145","reviewed":"yes","Fix":"no","followup":" "}},{"type":"Feature","id":137,"geometry":{"type":"Point","coordinates":[-82.06453949629704,26.538107836571577]},"properties":{"OBJECTID_1":137,"OBJECTID":527,"GlobalID":"{2C118664-E085-46F9-AB05-551F59C26647}","created_user":null,"created_date":null,"last_edited_user":null,"last_edited_date":null,"System":"Matlacha Pass","Color":"Red","MountingTy":"Piling Wood","NAVSize":"Large","Remarks":"Excellent","Owner":"Lee County","InspDate":1529467200000,"InspFreq":12,"NewInstall":1529467200000,"Comments":" ","NAVNumber":"20","LLN":54920,"POINT_X":-82.06453625,"POINT_Y":26.538103,"Depth":4,"ID":"N0146","reviewed":"yes","Fix":"no","followup":" "}},{"type":"Feature","id":138,"geometry":{"type":"Point","coordinates":[-82.06740111689672,26.53951776625383]},"properties":{"OBJECTID_1":138,"OBJECTID":528,"GlobalID":"{74893EED-0E06-41D9-8CA8-3CA8EB136AAA}","created_user":null,"created_date":null,"last_edited_user":null,"last_edited_date":null,"System":"Matlacha Pass","Color":"Red","MountingTy":"Piling Wood","NAVSize":"Large","Remarks":"Excellent","Owner":"Lee County","InspDate":1529467200000,"InspFreq":12,"NewInstall":1529467200000,"Comments":" ","NAVNumber":"22","LLN":54925,"POINT_X":-82.06739787,"POINT_Y":26.53951293,"Depth":8,"ID":"N0147","reviewed":"yes","Fix":"no","followup":" "}},{"type":"Feature","id":139,"geometry":{"type":"Point","coordinates":[-82.07353670938083,26.54645575215996]},"properties":{"OBJECTID_1":139,"OBJECTID":529,"GlobalID":"{AE9DA422-A270-4941-87D0-FE48BDA416BD}","created_user":null,"created_date":null,"last_edited_user":null,"last_edited_date":null,"System":"Matlacha Pass","Color":"Red","MountingTy":"Piling Wood","NAVSize":"Large","Remarks":"Excellent","Owner":"Lee County","InspDate":1529467200000,"InspFreq":12,"NewInstall":1529467200000,"Comments":" ","NAVNumber":"24","LLN":55005,"POINT_X":-82.07353346,"POINT_Y":26.54645091,"Depth":6,"ID":"N0148","reviewed":"yes","Fix":"no","followup":" "}},{"type":"Feature","id":140,"geometry":{"type":"Point","coordinates":[-81.85884654505243,26.677006019432195]},"properties":{"OBJECTID_1":140,"OBJECTID":71,"GlobalID":"{854C99A9-9F6D-4B36-88A7-2D4792471300}","created_user":null,"created_date":null,"last_edited_user":null,"last_edited_date":null,"System":"Old Bridge Pk East","Color":"Green","MountingTy":"Piling Wood","NAVSize":"Small","Remarks":"Fair","Owner":"Lee County","InspDate":1536120000000,"InspFreq":12,"NewInstall":null,"Comments":" ","NAVNumber":"13","LLN":52540,"POINT_X":-81.85884336,"POINT_Y":26.67700114,"Depth":6,"ID":"N0149","reviewed":"yes","Fix":"yes","followup":" "}},{"type":"Feature","id":141,"geometry":{"type":"Point","coordinates":[-81.86943792510952,26.377677329242637]},"properties":{"OBJECTID_1":141,"OBJECTID":73,"GlobalID":"{69F8801A-2651-4EAA-8DE5-C59C1C2F74C3}","created_user":null,"created_date":null,"last_edited_user":null,"last_edited_date":null,"System":"New Pass","Color":"Red TRUB","MountingTy":"Buoy","NAVSize":"Large","Remarks":"Good","Owner":"Lee County","InspDate":1502769600000,"InspFreq":12,"NewInstall":null,"Comments":"rock buried Abandoned","NAVNumber":"4","LLN":17970,"POINT_X":-81.86943474,"POINT_Y":26.37767253,"Depth":8,"ID":"N0150","reviewed":"yes","Fix":"no","followup":" "}},{"type":"Feature","id":142,"geometry":{"type":"Point","coordinates":[-81.85955207115536,26.671270319594377]},"properties":{"OBJECTID_1":142,"OBJECTID":74,"GlobalID":"{1414C2BA-5EC0-4B35-B725-973645FEF739}","created_user":null,"created_date":null,"last_edited_user":null,"last_edited_date":null,"System":"Old Bridge Pk West","Color":"Green","MountingTy":"Piling Wood","NAVSize":"Small","Remarks":"Good","Owner":"Lee County","InspDate":1536120000000,"InspFreq":12,"NewInstall":null,"Comments":" ","NAVNumber":"3","LLN":52550,"POINT_X":-81.85954888,"POINT_Y":26.67126545,"Depth":6,"ID":"N0151","reviewed":"yes","Fix":"yes","followup":" "}},{"type":"Feature","id":143,"geometry":{"type":"Point","coordinates":[-81.86054900296544,26.672325486543873]},"properties":{"OBJECTID_1":143,"OBJECTID":75,"GlobalID":"{FDDAC2B0-4A57-40E6-B6EE-99207AC5543C}","created_user":null,"created_date":null,"last_edited_user":null,"last_edited_date":null,"System":"Old Bridge Pk West","Color":"Green","MountingTy":"Piling Wood","NAVSize":"Small","Remarks":"Good","Owner":"Lee County","InspDate":1536120000000,"InspFreq":12,"NewInstall":null,"Comments":" ","NAVNumber":"5","LLN":52555,"POINT_X":-81.86054581,"POINT_Y":26.67232061,"Depth":4,"ID":"N0152","reviewed":"yes","Fix":"yes","followup":" "}},{"type":"Feature","id":144,"geometry":{"type":"Point","coordinates":[-81.86042125877275,26.672457416813863]},"properties":{"OBJECTID_1":144,"OBJECTID":76,"GlobalID":"{39D8A6CC-0FFB-4282-90C4-321C73F06F15}","created_user":null,"created_date":null,"last_edited_user":null,"last_edited_date":null,"System":"Old Bridge Pk West","Color":"Red","MountingTy":"Piling Wood","NAVSize":"Small","Remarks":"Good","Owner":"Lee County","InspDate":1536120000000,"InspFreq":12,"NewInstall":null,"Comments":" ","NAVNumber":"6","LLN":52560,"POINT_X":-81.86041807,"POINT_Y":26.67245254,"Depth":4,"ID":"N0153","reviewed":"yes","Fix":"yes","followup":" "}},{"type":"Feature","id":145,"geometry":{"type":"Point","coordinates":[-81.86115420070722,26.673120296343505]},"properties":{"OBJECTID_1":145,"OBJECTID":77,"GlobalID":"{0FE8BBA4-765C-4E4A-B4AA-B7767F0B12FD}","created_user":null,"created_date":null,"last_edited_user":null,"last_edited_date":null,"System":"Old Bridge Pk West","Color":"Red","MountingTy":"Piling Wood","NAVSize":"Small","Remarks":"Good","Owner":"Lee County","InspDate":1536120000000,"InspFreq":12,"NewInstall":1464235200000,"Comments":" ","NAVNumber":"8","LLN":52570,"POINT_X":-81.86115101,"POINT_Y":26.67311542,"Depth":4,"ID":"N0154","reviewed":"yes","Fix":"yes","followup":" "}},{"type":"Feature","id":146,"geometry":{"type":"Point","coordinates":[-81.86132268617317,26.673062061757488]},"properties":{"OBJECTID_1":146,"OBJECTID":78,"GlobalID":"{367BD667-4DB9-4987-80A9-2F36597D113A}","created_user":null,"created_date":null,"last_edited_user":null,"last_edited_date":null,"System":"Old Bridge Pk West","Color":"Green","MountingTy":"Piling Wood","NAVSize":"Small","Remarks":"Good","Owner":"Lee County","InspDate":1536120000000,"InspFreq":12,"NewInstall":null,"Comments":" ","NAVNumber":"7","LLN":52565,"POINT_X":-81.8613195,"POINT_Y":26.67305719,"Depth":4,"ID":"N0155","reviewed":"yes","Fix":"yes","followup":" "}},{"type":"Feature","id":147,"geometry":{"type":"Point","coordinates":[-81.86224420292307,26.673875724853836]},"properties":{"OBJECTID_1":147,"OBJECTID":79,"GlobalID":"{5570FC40-D4F4-4B39-A0F7-76F973E13FF1}","created_user":null,"created_date":null,"last_edited_user":null,"last_edited_date":null,"System":"Old Bridge Pk West","Color":"Green","MountingTy":"Piling Wood","NAVSize":"Small","Remarks":"needs new sign","Owner":"Lee County","InspDate":1545195600000,"InspFreq":12,"NewInstall":null,"Comments":" ","NAVNumber":"9","LLN":52575,"POINT_X":-81.86224101,"POINT_Y":26.67387085,"Depth":4,"ID":"N0156","reviewed":"yes","Fix":"yes","followup":" "}},{"type":"Feature","id":148,"geometry":{"type":"Point","coordinates":[-81.86280874775284,26.674638167291185]},"properties":{"OBJECTID_1":148,"OBJECTID":80,"GlobalID":"{7C3EFA87-7518-424D-8455-40168867EA76}","created_user":null,"created_date":null,"last_edited_user":null,"last_edited_date":null,"System":"Old Bridge Pk West","Color":"Red","MountingTy":"Piling Wood","NAVSize":"Small","Remarks":"Good","Owner":"Lee County","InspDate":1536120000000,"InspFreq":12,"NewInstall":1464235200000,"Comments":" ","NAVNumber":"12","LLN":52590,"POINT_X":-81.86280556,"POINT_Y":26.67463329,"Depth":4,"ID":"N0157","reviewed":"yes","Fix":"yes","followup":" "}},{"type":"Feature","id":149,"geometry":{"type":"Point","coordinates":[-81.86297111207857,26.674499742073387]},"properties":{"OBJECTID_1":149,"OBJECTID":81,"GlobalID":"{C25E301F-5E3E-4791-BB5A-060C75A28250}","created_user":null,"created_date":null,"last_edited_user":null,"last_edited_date":null,"System":"Old Bridge Pk West","Color":"Green","MountingTy":"Piling Wood","NAVSize":"Small","Remarks":"Good","Owner":"Lee County","InspDate":1536120000000,"InspFreq":12,"NewInstall":null,"Comments":" ","NAVNumber":"11","LLN":52585,"POINT_X":-81.86296792,"POINT_Y":26.67449487,"Depth":6,"ID":"N0158","reviewed":"yes","Fix":"no","followup":" "}},{"type":"Feature","id":150,"geometry":{"type":"Point","coordinates":[-81.87408207874768,26.407500921423278]},"properties":{"OBJECTID_1":150,"OBJECTID":82,"GlobalID":"{4168323C-0BD4-4287-A30D-FBFBA90B31E2}","created_user":null,"created_date":null,"last_edited_user":null,"last_edited_date":null,"System":"Estero Bay South","Color":"Green","MountingTy":"Piling Wood","NAVSize":"Small","Remarks":"Good","Owner":"Lee County","InspDate":1541653200000,"InspFreq":12,"NewInstall":1515646800000,"Comments":" ","NAVNumber":"5","LLN":18970,"POINT_X":-81.87407889,"POINT_Y":26.40749611,"Depth":10,"ID":"N0159","reviewed":"yes","Fix":"yes","followup":" "}},{"type":"Feature","id":151,"geometry":{"type":"Point","coordinates":[-81.87213275954427,26.405404019420704]},"properties":{"OBJECTID_1":151,"OBJECTID":83,"GlobalID":"{1C2E6491-9442-403F-9D93-BD47EAD50997}","created_user":null,"created_date":null,"last_edited_user":null,"last_edited_date":null,"System":"Estero Bay South","Color":"Red","MountingTy":"Piling Wood","NAVSize":"Small","Remarks":"Good","Owner":"Lee County","InspDate":1541653200000,"InspFreq":12,"NewInstall":null,"Comments":" ","NAVNumber":"8","LLN":18975,"POINT_X":-81.87212957,"POINT_Y":26.40539921,"Depth":8,"ID":"N0160","reviewed":"yes","Fix":"yes","followup":" "}},{"type":"Feature","id":152,"geometry":{"type":"Point","coordinates":[-81.86936470991873,26.40500217535238]},"properties":{"OBJECTID_1":152,"OBJECTID":84,"GlobalID":"{88EF19A1-AE86-4005-948D-317A1AA32459}","created_user":null,"created_date":null,"last_edited_user":null,"last_edited_date":null,"System":"Estero Bay South","Color":"Green","MountingTy":"Piling Wood","NAVSize":"Small","Remarks":"needs new pile","Owner":"Lee County","InspDate":1541653200000,"InspFreq":12,"NewInstall":1487653200000,"Comments":"lightning pile","NAVNumber":"9","LLN":18980,"POINT_X":-81.86936152,"POINT_Y":26.40499737,"Depth":10,"ID":"N0161","reviewed":"yes","Fix":"no","followup":" "}},{"type":"Feature","id":153,"geometry":{"type":"Point","coordinates":[-81.87024357743475,26.403662804698584]},"properties":{"OBJECTID_1":153,"OBJECTID":85,"GlobalID":"{1FACB0C9-3083-4144-85E3-F52823E285EC}","created_user":null,"created_date":null,"last_edited_user":null,"last_edited_date":null,"System":"Estero Bay South","Color":"Red","MountingTy":"Piling Wood","NAVSize":"Small","Remarks":"Good","Owner":"Lee County","InspDate":1541653200000,"InspFreq":12,"NewInstall":1487653200000,"Comments":" ","NAVNumber":"10","LLN":19140,"POINT_X":-81.87024039,"POINT_Y":26.403658,"Depth":12,"ID":"N0162","reviewed":"yes","Fix":"yes","followup":" "}},{"type":"Feature","id":154,"geometry":{"type":"Point","coordinates":[-81.86773961465684,26.40154087620186]},"properties":{"OBJECTID_1":154,"OBJECTID":86,"GlobalID":"{DA9E1B91-EAEB-4C61-A511-76791BCB905D}","created_user":null,"created_date":null,"last_edited_user":null,"last_edited_date":null,"System":"Estero Bay South","Color":"Green","MountingTy":"Piling Wood","NAVSize":"Small","Remarks":"Good","Owner":"Lee County","InspDate":1541653200000,"InspFreq":12,"NewInstall":1515646800000,"Comments":" ","NAVNumber":"11","LLN":19145,"POINT_X":-81.86773643,"POINT_Y":26.40153607,"Depth":8,"ID":"N0163","reviewed":"yes","Fix":"yes","followup":" "}},{"type":"Feature","id":155,"geometry":{"type":"Point","coordinates":[-81.86767911456116,26.39944626977059]},"properties":{"OBJECTID_1":155,"OBJECTID":87,"GlobalID":"{7C537704-18BB-497A-B326-7A18B62DEE40}","created_user":null,"created_date":null,"last_edited_user":null,"last_edited_date":null,"System":"Estero Bay South","Color":"Red","MountingTy":"Piling Wood","NAVSize":"Small","Remarks":"Good","Owner":"Lee County","InspDate":1541653200000,"InspFreq":12,"NewInstall":1447131600000,"Comments":" ","NAVNumber":"12","LLN":19150,"POINT_X":-81.86767593,"POINT_Y":26.39944146,"Depth":6,"ID":"N0164","reviewed":"yes","Fix":"yes","followup":" "}},{"type":"Feature","id":156,"geometry":{"type":"Point","coordinates":[-81.8665342969407,26.398842395772917]},"properties":{"OBJECTID_1":156,"OBJECTID":88,"GlobalID":"{9DA8C14B-B08C-4830-8313-026EFC66F68B}","created_user":null,"created_date":null,"last_edited_user":null,"last_edited_date":null,"System":"Estero Bay South","Color":"Green","MountingTy":"Piling Wood","NAVSize":"Small","Remarks":"Good","Owner":"Lee County","InspDate":1541653200000,"InspFreq":12,"NewInstall":1447131600000,"Comments":" ","NAVNumber":"13","LLN":19155,"POINT_X":-81.86653111,"POINT_Y":26.39883759,"Depth":8,"ID":"N0165","reviewed":"yes","Fix":"yes","followup":" "}},{"type":"Feature","id":157,"geometry":{"type":"Point","coordinates":[-81.86630542766143,26.396752093505377]},"properties":{"OBJECTID_1":157,"OBJECTID":89,"GlobalID":"{17FAB674-F513-4C7C-B5CC-D5A2AF01ABF9}","created_user":null,"created_date":null,"last_edited_user":null,"last_edited_date":null,"System":"Estero Bay South","Color":"Red","MountingTy":"Piling Wood","NAVSize":"Small","Remarks":"Good","Owner":"Lee County","InspDate":1541653200000,"InspFreq":12,"NewInstall":1446091200000,"Comments":" ","NAVNumber":"14","LLN":19160,"POINT_X":-81.86630224,"POINT_Y":26.39674729,"Depth":8,"ID":"N0166","reviewed":"yes","Fix":"no","followup":" "}},{"type":"Feature","id":158,"geometry":{"type":"Point","coordinates":[-81.86563551132696,26.396918412968667]},"properties":{"OBJECTID_1":158,"OBJECTID":90,"GlobalID":"{FD010F2E-CB61-443D-A7C2-F9C0367BF582}","created_user":null,"created_date":null,"last_edited_user":null,"last_edited_date":null,"System":"Estero Bay South","Color":"Green","MountingTy":"Piling Wood","NAVSize":"Small","Remarks":"Good","Owner":"Lee County","InspDate":1541653200000,"InspFreq":12,"NewInstall":null,"Comments":"13A","NAVNumber":"13a","LLN":19156,"POINT_X":-81.86563233,"POINT_Y":26.39691361,"Depth":6,"ID":"N0167","reviewed":"yes","Fix":"no","followup":" "}},{"type":"Feature","id":159,"geometry":{"type":"Point","coordinates":[-81.86356939137897,26.392814551031943]},"properties":{"OBJECTID_1":159,"OBJECTID":91,"GlobalID":"{6731300F-42C6-476F-AFEF-D4205F589712}","created_user":null,"created_date":null,"last_edited_user":null,"last_edited_date":null,"System":"Estero Bay South","Color":"Red","MountingTy":"Piling Wood","NAVSize":"Small","Remarks":"Good","Owner":"Lee County","InspDate":1541653200000,"InspFreq":12,"NewInstall":1515646800000,"Comments":" ","NAVNumber":"16","LLN":19170,"POINT_X":-81.86356621,"POINT_Y":26.39280975,"Depth":10,"ID":"N0168","reviewed":"yes","Fix":"no","followup":" "}},{"type":"Feature","id":160,"geometry":{"type":"Point","coordinates":[-81.86205706036374,26.391085179042914]},"properties":{"OBJECTID_1":160,"OBJECTID":92,"GlobalID":"{A27418F0-6015-48B5-AB56-3E3A698639CE}","created_user":null,"created_date":null,"last_edited_user":null,"last_edited_date":null,"System":"Estero Bay South","Color":"Green","MountingTy":"Piling Wood","NAVSize":"Small","Remarks":"Good","Owner":"Lee County","InspDate":1541653200000,"InspFreq":12,"NewInstall":null,"Comments":" ","NAVNumber":"17","LLN":19175,"POINT_X":-81.86205388,"POINT_Y":26.39108037,"Depth":8,"ID":"N0169","reviewed":"yes","Fix":"no","followup":" "}},{"type":"Feature","id":161,"geometry":{"type":"Point","coordinates":[-81.86250891720307,26.390643963014625]},"properties":{"OBJECTID_1":161,"OBJECTID":93,"GlobalID":"{F2220EEE-BE03-4A41-804F-D3F6E2CCB5DC}","created_user":null,"created_date":null,"last_edited_user":null,"last_edited_date":null,"System":"Estero Bay South","Color":"Red","MountingTy":"Piling Wood","NAVSize":"Small","Remarks":"Good","Owner":"Lee County","InspDate":1541653200000,"InspFreq":12,"NewInstall":1447131600000,"Comments":" ","NAVNumber":"18","LLN":19180,"POINT_X":-81.86250573,"POINT_Y":26.39063916,"Depth":6,"ID":"N0170","reviewed":"yes","Fix":"yes","followup":" "}},{"type":"Feature","id":162,"geometry":{"type":"Point","coordinates":[-81.86197187946023,26.38944036476222]},"properties":{"OBJECTID_1":162,"OBJECTID":94,"GlobalID":"{98805021-C5FB-4094-9A67-4B88C3177FBB}","created_user":null,"created_date":null,"last_edited_user":null,"last_edited_date":null,"System":"Estero Bay South","Color":"Red","MountingTy":"Piling Wood","NAVSize":"Small","Remarks":"Good","Owner":"Lee County","InspDate":1541653200000,"InspFreq":12,"NewInstall":1519621200000,"Comments":" ","NAVNumber":"20","LLN":19185,"POINT_X":-81.8619687,"POINT_Y":26.38943556,"Depth":6,"ID":"N0171","reviewed":"yes","Fix":"yes","followup":" "}},{"type":"Feature","id":163,"geometry":{"type":"Point","coordinates":[-81.8617498363403,26.38721658540952]},"properties":{"OBJECTID_1":163,"OBJECTID":95,"GlobalID":"{F31266B0-E844-4220-9CD5-6EE3C154B020}","created_user":null,"created_date":null,"last_edited_user":null,"last_edited_date":null,"System":"Estero Bay South","Color":"Red","MountingTy":"Piling Wood","NAVSize":"Small","Remarks":"needs new pile","Owner":"Lee County","InspDate":1541653200000,"InspFreq":12,"NewInstall":1515646800000,"Comments":"lightning strike pull pile","NAVNumber":"22","LLN":19195,"POINT_X":-81.86174665,"POINT_Y":26.38721178,"Depth":6,"ID":"N0172","reviewed":"yes","Fix":"yes","followup":" "}},{"type":"Feature","id":164,"geometry":{"type":"Point","coordinates":[-81.86128660442664,26.387365581960907]},"properties":{"OBJECTID_1":164,"OBJECTID":96,"GlobalID":"{68749029-2382-4298-886E-E48CDF35FCF3}","created_user":null,"created_date":null,"last_edited_user":null,"last_edited_date":null,"System":"Estero Bay South","Color":"Green","MountingTy":"Piling Wood","NAVSize":"Small","Remarks":"Good","Owner":"Lee County","InspDate":1541653200000,"InspFreq":12,"NewInstall":1487653200000,"Comments":" ","NAVNumber":"21","LLN":19190,"POINT_X":-81.86128342,"POINT_Y":26.38736078,"Depth":8,"ID":"N0173","reviewed":"yes","Fix":"yes","followup":" "}},{"type":"Feature","id":165,"geometry":{"type":"Point","coordinates":[-81.8610059665539,26.38432530913021]},"properties":{"OBJECTID_1":165,"OBJECTID":98,"GlobalID":"{DD8495D9-7976-4316-90CD-8ED13109E651}","created_user":null,"created_date":null,"last_edited_user":null,"last_edited_date":null,"System":"Estero Bay South","Color":"Green","MountingTy":"Piling Wood","NAVSize":"Small","Remarks":"Good","Owner":"Lee County","InspDate":1541653200000,"InspFreq":12,"NewInstall":1487653200000,"Comments":" ","NAVNumber":"25","LLN":19205,"POINT_X":-81.86100278,"POINT_Y":26.38432051,"Depth":6,"ID":"N0174","reviewed":"yes","Fix":"no","followup":" "}},{"type":"Feature","id":166,"geometry":{"type":"Point","coordinates":[-81.86048078151374,26.383172030475304]},"properties":{"OBJECTID_1":166,"OBJECTID":99,"GlobalID":"{CA0493CF-D0B4-4B06-88E5-296324F776BC}","created_user":null,"created_date":null,"last_edited_user":null,"last_edited_date":null,"System":"Estero Bay South","Color":"Green","MountingTy":"Piling Wood","NAVSize":"Small","Remarks":"Good","Owner":"Lee County","InspDate":1541653200000,"InspFreq":12,"NewInstall":1503979200000,"Comments":" ","NAVNumber":"27","LLN":19210,"POINT_X":-81.8604776,"POINT_Y":26.38316723,"Depth":6,"ID":"N0175","reviewed":"yes","Fix":"no","followup":" "}},{"type":"Feature","id":167,"geometry":{"type":"Point","coordinates":[-81.86063372896908,26.382541282273134]},"properties":{"OBJECTID_1":167,"OBJECTID":100,"GlobalID":"{CAB600AC-82BC-4B40-ACD6-B67812AA85C1}","created_user":null,"created_date":null,"last_edited_user":null,"last_edited_date":null,"System":"Estero Bay South","Color":"Red","MountingTy":"Piling Wood","NAVSize":"Small","Remarks":"Good","Owner":"Lee County","InspDate":1541653200000,"InspFreq":12,"NewInstall":1487653200000,"Comments":" ","NAVNumber":"28","LLN":19215,"POINT_X":-81.86063055,"POINT_Y":26.38253648,"Depth":10,"ID":"N0176","reviewed":"yes","Fix":"yes","followup":" "}},{"type":"Feature","id":168,"geometry":{"type":"Point","coordinates":[-81.85958651105999,26.380148290817544]},"properties":{"OBJECTID_1":168,"OBJECTID":101,"GlobalID":"{F183726F-837E-41A1-9A0F-A40E4F0AC3E7}","created_user":null,"created_date":null,"last_edited_user":null,"last_edited_date":null,"System":"Estero Bay South","Color":"Red","MountingTy":"Piling Wood","NAVSize":"Small","Remarks":"Good","Owner":"Lee County","InspDate":1541653200000,"InspFreq":12,"NewInstall":1519621200000,"Comments":" ","NAVNumber":"30","LLN":19225,"POINT_X":-81.85958333,"POINT_Y":26.38014349,"Depth":6,"ID":"N0177","reviewed":"yes","Fix":"yes","followup":" "}},{"type":"Feature","id":169,"geometry":{"type":"Point","coordinates":[-81.85901835105616,26.380265186312624]},"properties":{"OBJECTID_1":169,"OBJECTID":102,"GlobalID":"{D191F255-9B97-444C-9252-8781907480C0}","created_user":null,"created_date":null,"last_edited_user":null,"last_edited_date":null,"System":"Estero Bay South","Color":"Green","MountingTy":"Piling Wood","NAVSize":"Small","Remarks":"Good","Owner":"Lee County","InspDate":1541653200000,"InspFreq":12,"NewInstall":1519621200000,"Comments":"Dredging temp","NAVNumber":"29","LLN":19220,"POINT_X":-81.85901517,"POINT_Y":26.38026038,"Depth":6,"ID":"N0178","reviewed":"yes","Fix":"yes","followup":" "}},{"type":"Feature","id":170,"geometry":{"type":"Point","coordinates":[-81.857050889153,26.3786451252071]},"properties":{"OBJECTID_1":170,"OBJECTID":104,"GlobalID":"{9A1B1050-8A99-4734-8E80-6DFE902650BA}","created_user":null,"created_date":null,"last_edited_user":null,"last_edited_date":null,"System":"Estero Bay South","Color":"Red","MountingTy":"Piling Wood","NAVSize":"Large","Remarks":"Good","Owner":"Lee County","InspDate":1541653200000,"InspFreq":12,"NewInstall":1487653200000,"Comments":" ","NAVNumber":"32","LLN":19535,"POINT_X":-81.85704771,"POINT_Y":26.37864032,"Depth":6,"ID":"N0179","reviewed":"yes","Fix":"yes","followup":" "}},{"type":"Feature","id":171,"geometry":{"type":"Point","coordinates":[-81.85564066098256,26.379030304306877]},"properties":{"OBJECTID_1":171,"OBJECTID":105,"GlobalID":"{582007AB-B3E9-400E-9901-DD0E788D7A8D}","created_user":null,"created_date":null,"last_edited_user":null,"last_edited_date":null,"System":"Estero Bay South","Color":"Red","MountingTy":"Piling Wood","NAVSize":"Small","Remarks":"Good","Owner":"Lee County","InspDate":1541566800000,"InspFreq":12,"NewInstall":1541566800000,"Comments":" ","NAVNumber":"34","LLN":19540,"POINT_X":-81.85563748,"POINT_Y":26.3790255,"Depth":6,"ID":"N0180","reviewed":"yes","Fix":"yes","followup":" "}},{"type":"Feature","id":172,"geometry":{"type":"Point","coordinates":[-81.85378566078795,26.378707186438664]},"properties":{"OBJECTID_1":172,"OBJECTID":106,"GlobalID":"{A668DE2D-5773-4CFC-912A-0DE67935ECA2}","created_user":null,"created_date":null,"last_edited_user":null,"last_edited_date":null,"System":"Estero Bay South","Color":"Green","MountingTy":"Piling Wood","NAVSize":"Small","Remarks":"Good","Owner":"Lee County","InspDate":1541653200000,"InspFreq":12,"NewInstall":null,"Comments":" ","NAVNumber":"37","LLN":19550,"POINT_X":-81.85378248,"POINT_Y":26.37870238,"Depth":12,"ID":"N0181","reviewed":"yes","Fix":"yes","followup":" "}},{"type":"Feature","id":173,"geometry":{"type":"Point","coordinates":[-81.8527127619477,26.376554696847933]},"properties":{"OBJECTID_1":173,"OBJECTID":108,"GlobalID":"{6F317385-6ACE-44FB-BF5D-0FF6FA3E9439}","created_user":null,"created_date":null,"last_edited_user":null,"last_edited_date":null,"System":"Estero Bay South","Color":"Green","MountingTy":"Piling Wood","NAVSize":"Small","Remarks":"Good","Owner":"Lee County","InspDate":1541653200000,"InspFreq":12,"NewInstall":null,"Comments":" ","NAVNumber":"39","LLN":19560,"POINT_X":-81.85270958,"POINT_Y":26.3765499,"Depth":8,"ID":"N0182","reviewed":"yes","Fix":"yes","followup":" "}},{"type":"Feature","id":174,"geometry":{"type":"Point","coordinates":[-81.85300421579946,26.375683086003832]},"properties":{"OBJECTID_1":174,"OBJECTID":109,"GlobalID":"{6F22396B-93F3-4D7B-B2FD-518E5128F060}","created_user":null,"created_date":null,"last_edited_user":null,"last_edited_date":null,"System":"Estero Bay South","Color":"Red","MountingTy":"Piling Wood","NAVSize":"Small","Remarks":"Good","Owner":"Lee County","InspDate":1541653200000,"InspFreq":12,"NewInstall":null,"Comments":" ","NAVNumber":"40","LLN":19565,"POINT_X":-81.85300104,"POINT_Y":26.37567828,"Depth":12,"ID":"N0183","reviewed":"yes","Fix":"no","followup":" "}},{"type":"Feature","id":175,"geometry":{"type":"Point","coordinates":[-81.84347138228131,26.343478646931683]},"properties":{"OBJECTID_1":175,"OBJECTID":110,"GlobalID":"{49166475-D2F8-4E1E-8BE7-D279E283B0E8}","created_user":null,"created_date":null,"last_edited_user":null,"last_edited_date":null,"System":"Estero Bay South","Color":"Red TRUB","MountingTy":"Piling Wood","NAVSize":"Small","Remarks":"needs new pile","Owner":"Lee County","InspDate":1547182800000,"InspFreq":12,"NewInstall":1446091200000,"Comments":" ","NAVNumber":"94","LLN":19755,"POINT_X":-81.84346821,"POINT_Y":26.34347385,"Depth":4,"ID":"N0184","reviewed":"Yes","Fix":"No","followup":" "}},{"type":"Feature","id":176,"geometry":{"type":"Point","coordinates":[-81.84263891122278,26.341200903606726]},"properties":{"OBJECTID_1":176,"OBJECTID":111,"GlobalID":"{2EFA609F-D24A-4D7D-A668-03C58612B417}","created_user":null,"created_date":null,"last_edited_user":null,"last_edited_date":null,"System":"Estero Bay South","Color":"Green","MountingTy":"Piling Wood","NAVSize":"Small","Remarks":"Good","Owner":"Lee County","InspDate":1541653200000,"InspFreq":12,"NewInstall":1487653200000,"Comments":" ","NAVNumber":"95","LLN":19760,"POINT_X":-81.84263574,"POINT_Y":26.34119611,"Depth":6,"ID":"N0185","reviewed":"Yes","Fix":"No","followup":" "}},{"type":"Feature","id":177,"geometry":{"type":"Point","coordinates":[-81.8424210827351,26.340054812159273]},"properties":{"OBJECTID_1":177,"OBJECTID":112,"GlobalID":"{2954014A-9067-4719-99F4-7690E38939A7}","created_user":null,"created_date":null,"last_edited_user":null,"last_edited_date":null,"System":"Estero Bay South","Color":"Red","MountingTy":"Piling Wood","NAVSize":"Small","Remarks":"Good","Owner":"Lee County","InspDate":1541653200000,"InspFreq":12,"NewInstall":1505188800000,"Comments":"recovered pile/no trub","NAVNumber":"96","LLN":19765,"POINT_X":-81.84241791,"POINT_Y":26.34005002,"Depth":6,"ID":"N0186","reviewed":"Yes","Fix":"No","followup":" "}},{"type":"Feature","id":178,"geometry":{"type":"Point","coordinates":[-81.84184890660485,26.338592848364264]},"properties":{"OBJECTID_1":178,"OBJECTID":113,"GlobalID":"{277EF111-AE9E-4A4C-82BC-6D2C726B8D26}","created_user":null,"created_date":null,"last_edited_user":null,"last_edited_date":null,"System":"Estero Bay South","Color":"Green","MountingTy":"Piling Wood","NAVSize":"Small","Remarks":"Good","Owner":"Lee County","InspDate":1541653200000,"InspFreq":12,"NewInstall":1487653200000,"Comments":" ","NAVNumber":"97","LLN":19770,"POINT_X":-81.84184573,"POINT_Y":26.33858806,"Depth":6,"ID":"N0187","reviewed":"Yes","Fix":"No","followup":" "}},{"type":"Feature","id":179,"geometry":{"type":"Point","coordinates":[-81.8418313907823,26.3379144617777]},"properties":{"OBJECTID_1":179,"OBJECTID":114,"GlobalID":"{B7BABAFB-6BB4-47CC-8501-CE12BA1A45E9}","created_user":null,"created_date":null,"last_edited_user":null,"last_edited_date":null,"System":"Estero Bay South","Color":"Red","MountingTy":"Piling Wood","NAVSize":"Small","Remarks":"Good","Owner":"Lee County","InspDate":1541653200000,"InspFreq":12,"NewInstall":null,"Comments":" ","NAVNumber":"98","LLN":19775,"POINT_X":-81.84182822,"POINT_Y":26.33790967,"Depth":6,"ID":"N0188","reviewed":"Yes","Fix":"No","followup":" "}},{"type":"Feature","id":180,"geometry":{"type":"Point","coordinates":[-81.84125547628285,26.3372680943325]},"properties":{"OBJECTID_1":180,"OBJECTID":115,"GlobalID":"{16A10419-15B8-484F-AC00-CB692B2D789E}","created_user":null,"created_date":null,"last_edited_user":null,"last_edited_date":null,"System":"Estero Bay South","Color":"Green","MountingTy":"Piling Wood","NAVSize":"Small","Remarks":"Good","Owner":"Lee County","InspDate":1541653200000,"InspFreq":12,"NewInstall":null,"Comments":" ","NAVNumber":"99","LLN":19780,"POINT_X":-81.8412523,"POINT_Y":26.3372633,"Depth":6,"ID":"N0189","reviewed":"yes","Fix":"No","followup":" "}},{"type":"Feature","id":181,"geometry":{"type":"Point","coordinates":[-81.8414347511144,26.336906342180477]},"properties":{"OBJECTID_1":181,"OBJECTID":116,"GlobalID":"{21B8632B-8FDE-4C56-823C-0398E493555F}","created_user":null,"created_date":null,"last_edited_user":null,"last_edited_date":null,"System":"Estero Bay South","Color":"Red","MountingTy":"Piling Wood","NAVSize":"Small","Remarks":"Good","Owner":"Lee County","InspDate":1541566800000,"InspFreq":12,"NewInstall":null,"Comments":" ","NAVNumber":"100","LLN":19785,"POINT_X":-81.84143158,"POINT_Y":26.33690155,"Depth":4,"ID":"N0190","reviewed":"Yes","Fix":"NO","followup":" "}},{"type":"Feature","id":182,"geometry":{"type":"Point","coordinates":[-81.84054614234083,26.336127940761926]},"properties":{"OBJECTID_1":182,"OBJECTID":117,"GlobalID":"{FA627363-CC2D-4CB6-96C2-15461CCD05A8}","created_user":null,"created_date":null,"last_edited_user":null,"last_edited_date":null,"System":"Estero Bay South","Color":"Green","MountingTy":"Piling Wood","NAVSize":"Small","Remarks":"Good","Owner":"Lee County","InspDate":1541566800000,"InspFreq":12,"NewInstall":null,"Comments":" ","NAVNumber":"101","LLN":19790,"POINT_X":-81.84054297,"POINT_Y":26.33612315,"Depth":6,"ID":"N0191","reviewed":"yes","Fix":"no","followup":" "}},{"type":"Feature","id":183,"geometry":{"type":"Point","coordinates":[-81.84048930881407,26.3358490388796]},"properties":{"OBJECTID_1":183,"OBJECTID":118,"GlobalID":"{EAB6E5D7-9AED-41E9-B757-8CA1F1ABFA9F}","created_user":null,"created_date":null,"last_edited_user":null,"last_edited_date":null,"System":"Estero Bay South","Color":"Red","MountingTy":"Piling Wood","NAVSize":"Small","Remarks":"Good","Owner":"Lee County","InspDate":1541566800000,"InspFreq":12,"NewInstall":1487653200000,"Comments":" ","NAVNumber":"102","LLN":19795,"POINT_X":-81.84048613,"POINT_Y":26.33584425,"Depth":6,"ID":"N0192","reviewed":"yes","Fix":"no","followup":" "}},{"type":"Feature","id":184,"geometry":{"type":"Point","coordinates":[-81.85115325051787,26.37193597463039]},"properties":{"OBJECTID_1":184,"OBJECTID":121,"GlobalID":"{F81642B6-A4CD-4CC6-A378-FC4707736630}","created_user":null,"created_date":null,"last_edited_user":null,"last_edited_date":null,"System":"Estero Bay South","Color":"Green","MountingTy":"Piling Wood","NAVSize":"Small","Remarks":"Good","Owner":"Lee County","InspDate":1541653200000,"InspFreq":12,"NewInstall":null,"Comments":" ","NAVNumber":"43","LLN":19580,"POINT_X":-81.85115007,"POINT_Y":26.37193117,"Depth":6,"ID":"N0193","reviewed":"yes","Fix":"yes","followup":" "}},{"type":"Feature","id":185,"geometry":{"type":"Point","coordinates":[-81.85034899448982,26.369959648047374]},"properties":{"OBJECTID_1":185,"OBJECTID":122,"GlobalID":"{F1F36D25-DC14-4F73-95AA-CF0513F73C54}","created_user":null,"created_date":null,"last_edited_user":null,"last_edited_date":null,"System":"Estero Bay South","Color":"Green","MountingTy":"Piling Wood","NAVSize":"Small","Remarks":"Good","Owner":"Lee County","InspDate":1541653200000,"InspFreq":12,"NewInstall":null,"Comments":" ","NAVNumber":"45","LLN":19585,"POINT_X":-81.85034582,"POINT_Y":26.36995485,"Depth":6,"ID":"N0194","reviewed":"yes","Fix":"yes","followup":" "}},{"type":"Feature","id":186,"geometry":{"type":"Point","coordinates":[-81.85065880709097,26.36917254400305]},"properties":{"OBJECTID_1":186,"OBJECTID":123,"GlobalID":"{E97608AF-44D5-4E98-A553-54762D191900}","created_user":null,"created_date":null,"last_edited_user":null,"last_edited_date":null,"System":"Estero Bay South","Color":"Red","MountingTy":"Piling Wood","NAVSize":"Small","Remarks":"Good","Owner":"Lee County","InspDate":1541653200000,"InspFreq":12,"NewInstall":1515560400000,"Comments":" ","NAVNumber":"46","LLN":19590,"POINT_X":-81.85065563,"POINT_Y":26.36916774,"Depth":12,"ID":"N0195","reviewed":"yes","Fix":"yes","followup":" "}},{"type":"Feature","id":187,"geometry":{"type":"Point","coordinates":[-81.84977030626601,26.367850283116557]},"properties":{"OBJECTID_1":187,"OBJECTID":124,"GlobalID":"{998917A0-D16B-42BD-B572-C580F45A97A7}","created_user":null,"created_date":null,"last_edited_user":null,"last_edited_date":null,"System":"Estero Bay South","Color":"Green","MountingTy":"Piling Wood","NAVSize":"Small","Remarks":"Good","Owner":"Lee County","InspDate":1541653200000,"InspFreq":12,"NewInstall":1487653200000,"Comments":" ","NAVNumber":"47","LLN":19595,"POINT_X":-81.84976713,"POINT_Y":26.36784548,"Depth":10,"ID":"N0196","reviewed":"yes","Fix":"yes","followup":" "}},{"type":"Feature","id":188,"geometry":{"type":"Point","coordinates":[-81.85000672860852,26.36716710068808]},"properties":{"OBJECTID_1":188,"OBJECTID":125,"GlobalID":"{0D710641-200C-46CD-95A2-2579EADE8A05}","created_user":null,"created_date":null,"last_edited_user":null,"last_edited_date":null,"System":"Estero Bay South","Color":"Red","MountingTy":"Piling Wood","NAVSize":"Small","Remarks":"Good","Owner":"Lee County","InspDate":1541653200000,"InspFreq":12,"NewInstall":1515560400000,"Comments":" ","NAVNumber":"48","LLN":19600,"POINT_X":-81.85000355,"POINT_Y":26.3671623,"Depth":6,"ID":"N0197","reviewed":"yes","Fix":"yes","followup":" "}},{"type":"Feature","id":189,"geometry":{"type":"Point","coordinates":[-81.84923021151495,26.366133252417164]},"properties":{"OBJECTID_1":189,"OBJECTID":126,"GlobalID":"{3754E8C0-60FF-4F94-9837-CCF38D36AA7D}","created_user":null,"created_date":null,"last_edited_user":null,"last_edited_date":null,"System":"Estero Bay South","Color":"Green","MountingTy":"Piling Wood","NAVSize":"Small","Remarks":"Good","Owner":"Lee County","InspDate":1541653200000,"InspFreq":12,"NewInstall":null,"Comments":" ","NAVNumber":"49","LLN":19605,"POINT_X":-81.84922703,"POINT_Y":26.36612845,"Depth":10,"ID":"N0198","reviewed":"yes","Fix":"no","followup":" "}},{"type":"Feature","id":190,"geometry":{"type":"Point","coordinates":[-81.84895190942267,26.363788786674707]},"properties":{"OBJECTID_1":190,"OBJECTID":128,"GlobalID":"{02311817-657F-409D-AB1C-F3F00274E1FB}","created_user":null,"created_date":null,"last_edited_user":null,"last_edited_date":null,"System":"Estero Bay South","Color":"Red","MountingTy":"Piling Wood","NAVSize":"Small","Remarks":"Good","Owner":"Lee County","InspDate":1541653200000,"InspFreq":12,"NewInstall":null,"Comments":" ","NAVNumber":"52","LLN":19615,"POINT_X":-81.84894873,"POINT_Y":26.36378399,"Depth":8,"ID":"N0199","reviewed":"yes","Fix":"yes","followup":" "}},{"type":"Feature","id":191,"geometry":{"type":"Point","coordinates":[-81.84848294021455,26.363358829160564]},"properties":{"OBJECTID_1":191,"OBJECTID":129,"GlobalID":"{EEC6897C-9FC9-4D80-8D2A-EFEEC5098BE1}","created_user":null,"created_date":null,"last_edited_user":null,"last_edited_date":null,"System":"Estero Bay South","Color":"Green","MountingTy":"Piling Wood","NAVSize":"Small","Remarks":"Good","Owner":"Lee County","InspDate":1541653200000,"InspFreq":12,"NewInstall":null,"Comments":" ","NAVNumber":"53","LLN":19620,"POINT_X":-81.84847976,"POINT_Y":26.36335403,"Depth":8,"ID":"N0200","reviewed":"yes","Fix":"yes","followup":" "}},{"type":"Feature","id":192,"geometry":{"type":"Point","coordinates":[-81.84836993035962,26.3616987766964]},"properties":{"OBJECTID_1":192,"OBJECTID":130,"GlobalID":"{79F71F25-D320-4046-8948-0F306302C30D}","created_user":null,"created_date":null,"last_edited_user":null,"last_edited_date":null,"System":"Estero Bay South","Color":"Red","MountingTy":"Piling Wood","NAVSize":"Small","Remarks":"Good","Owner":"Lee County","InspDate":1541653200000,"InspFreq":12,"NewInstall":1505188800000,"Comments":" ","NAVNumber":"54","LLN":19625,"POINT_X":-81.84836675,"POINT_Y":26.36169398,"Depth":8,"ID":"N0201","reviewed":"yes","Fix":"yes","followup":" "}},{"type":"Feature","id":193,"geometry":{"type":"Point","coordinates":[-81.84791232415205,26.361616311032723]},"properties":{"OBJECTID_1":193,"OBJECTID":131,"GlobalID":"{A4F93F9A-A5FF-41C0-B03A-B2C1DC547A2F}","created_user":null,"created_date":null,"last_edited_user":null,"last_edited_date":null,"System":"Estero Bay South","Color":"Green","MountingTy":"Piling Wood","NAVSize":"Small","Remarks":"Good","Owner":"Lee County","InspDate":1541653200000,"InspFreq":12,"NewInstall":null,"Comments":" ","NAVNumber":"55","LLN":19630,"POINT_X":-81.84790915,"POINT_Y":26.36161151,"Depth":6,"ID":"N0206","reviewed":"yes","Fix":"yes","followup":" "}},{"type":"Feature","id":194,"geometry":{"type":"Point","coordinates":[-81.84834687980883,26.361059180773033]},"properties":{"OBJECTID_1":194,"OBJECTID":132,"GlobalID":"{E7882FFD-380C-4C2D-ABA6-6F00E5F435D0}","created_user":null,"created_date":null,"last_edited_user":null,"last_edited_date":null,"System":"Estero Bay South","Color":"Red","MountingTy":"Piling Wood","NAVSize":"Small","Remarks":"Good","Owner":"Lee County","InspDate":1541653200000,"InspFreq":12,"NewInstall":1447131600000,"Comments":" ","NAVNumber":"56","LLN":19635,"POINT_X":-81.8483437,"POINT_Y":26.36105438,"Depth":6,"ID":"N0207","reviewed":"yes","Fix":"yes","followup":" "}},{"type":"Feature","id":195,"geometry":{"type":"Point","coordinates":[-81.85310997202305,26.358789950652618]},"properties":{"OBJECTID_1":195,"OBJECTID":134,"GlobalID":"{9720F901-0A9D-4778-AB33-8599751CF61D}","created_user":null,"created_date":null,"last_edited_user":null,"last_edited_date":null,"System":"Estero Bay South","Color":"Red","MountingTy":"Piling Wood","NAVSize":"Small","Remarks":"needs new pile","Owner":"Lee County","InspDate":1541653200000,"InspFreq":12,"NewInstall":1447131600000,"Comments":" ","NAVNumber":"60","LLN":19645,"POINT_X":-81.85310679,"POINT_Y":26.35878515,"Depth":8,"ID":"N0208","reviewed":"yes","Fix":"no","followup":" "}},{"type":"Feature","id":196,"geometry":{"type":"Point","coordinates":[-81.85435287562785,26.35854299861531]},"properties":{"OBJECTID_1":196,"OBJECTID":135,"GlobalID":"{EE18F1F2-6F72-450E-9702-ECEB233B3307}","created_user":null,"created_date":null,"last_edited_user":null,"last_edited_date":null,"System":"Estero Bay South","Color":"Red","MountingTy":"Piling Wood","NAVSize":"Small","Remarks":"Good","Owner":"Lee County","InspDate":1541653200000,"InspFreq":12,"NewInstall":null,"Comments":" ","NAVNumber":"62","LLN":19659,"POINT_X":-81.8543497,"POINT_Y":26.3585382,"Depth":6,"ID":"N0209","reviewed":"yes","Fix":"no","followup":" "}},{"type":"Feature","id":197,"geometry":{"type":"Point","coordinates":[-81.85527641825232,26.358372866487528]},"properties":{"OBJECTID_1":197,"OBJECTID":136,"GlobalID":"{6720CFF9-366D-414C-9A0F-9DC41C2C056D}","created_user":null,"created_date":null,"last_edited_user":null,"last_edited_date":null,"System":"Estero Bay South","Color":"Green","MountingTy":"Piling Wood","NAVSize":"Small","Remarks":"Excellent","Owner":"Lee County","InspDate":1541653200000,"InspFreq":12,"NewInstall":1503979200000,"Comments":" ","NAVNumber":"63","LLN":19660,"POINT_X":-81.85527324,"POINT_Y":26.35836807,"Depth":6,"ID":"N0210","reviewed":"yes","Fix":"yes","followup":" "}},{"type":"Feature","id":198,"geometry":{"type":"Point","coordinates":[-81.85839010367214,26.37935668974301]},"properties":{"OBJECTID_1":198,"OBJECTID":1214,"GlobalID":"{DC3C6C4C-185C-4CF3-8E13-44CE8FE3694C}","created_user":null,"created_date":null,"last_edited_user":null,"last_edited_date":null,"System":"Estero Bay South","Color":"Green TRUB","MountingTy":"Buoy","NAVSize":"Large","Remarks":"Good","Owner":"Lee County","InspDate":1541653200000,"InspFreq":12,"NewInstall":1541566800000,"Comments":"All new 11/7/18","NAVNumber":"31","LLN":0,"POINT_X":-81.85838692,"POINT_Y":26.37935189,"Depth":8,"ID":"N1067","reviewed":" ","Fix":" ","followup":" "}},{"type":"Feature","id":199,"geometry":{"type":"Point","coordinates":[-81.8696084370172,26.377655023057]},"properties":{"OBJECTID_1":199,"OBJECTID":1215,"GlobalID":"{1033671B-D07C-45C4-8603-7EF3136DB6DC}","created_user":null,"created_date":null,"last_edited_user":null,"last_edited_date":null,"System":"New Pass","Color":"Red","MountingTy":"Buoy","NAVSize":"Large","Remarks":"Excellent","Owner":"Lee County","InspDate":1527134400000,"InspFreq":12,"NewInstall":1527134400000,"Comments":"All New 05/24/18","NAVNumber":"4","LLN":0,"POINT_X":-81.86960525,"POINT_Y":26.37765022,"Depth":6,"ID":"N1068","reviewed":" ","Fix":" ","followup":" "}},{"type":"Feature","id":200,"geometry":{"type":"Point","coordinates":[-81.85551539974172,26.35871411109559]},"properties":{"OBJECTID_1":200,"OBJECTID":137,"GlobalID":"{67FDE039-1D2B-465B-A6D9-4198C105FA68}","created_user":null,"created_date":null,"last_edited_user":null,"last_edited_date":null,"System":"Estero Bay South","Color":"Red","MountingTy":"Piling Wood","NAVSize":"Small","Remarks":"Good","Owner":"Lee County","InspDate":1541653200000,"InspFreq":12,"NewInstall":1487653200000,"Comments":"3 dbn junct","NAVNumber":"64","LLN":19661,"POINT_X":-81.85551222,"POINT_Y":26.35870931,"Depth":6,"ID":"N0211","reviewed":"yes","Fix":"yes","followup":" "}},{"type":"Feature","id":201,"geometry":{"type":"Point","coordinates":[-81.85537947433119,26.354991257066743]},"properties":{"OBJECTID_1":201,"OBJECTID":138,"GlobalID":"{BEFF6408-69CE-4382-8A1A-2A7AE9D4C6D9}","created_user":null,"created_date":null,"last_edited_user":null,"last_edited_date":null,"System":"Estero Bay South","Color":"Green","MountingTy":"Piling Wood","NAVSize":"Small","Remarks":"Good","Owner":"Lee County","InspDate":1541653200000,"InspFreq":12,"NewInstall":1487653200000,"Comments":" ","NAVNumber":"65","LLN":19670,"POINT_X":-81.85537629,"POINT_Y":26.35498646,"Depth":6,"ID":"N0212","reviewed":"yes","Fix":"no","followup":" "}},{"type":"Feature","id":202,"geometry":{"type":"Point","coordinates":[-81.85442923501557,26.35397058980034]},"properties":{"OBJECTID_1":202,"OBJECTID":139,"GlobalID":"{B1066F4F-F3D2-42C5-BE5C-03D37FE1B6CA}","created_user":null,"created_date":null,"last_edited_user":null,"last_edited_date":null,"System":"Estero Bay South","Color":"Green","MountingTy":"Piling Wood","NAVSize":"Small","Remarks":"Good","Owner":"Lee County","InspDate":1541653200000,"InspFreq":12,"NewInstall":1487653200000,"Comments":" ","NAVNumber":"67","LLN":19675,"POINT_X":-81.85442606,"POINT_Y":26.35396579,"Depth":4,"ID":"N0213","reviewed":"yes","Fix":"no","followup":" "}},{"type":"Feature","id":203,"geometry":{"type":"Point","coordinates":[-81.85318810382219,26.353289675610387]},"properties":{"OBJECTID_1":203,"OBJECTID":140,"GlobalID":"{AB7769EF-FA2E-4FDD-AF78-885D0C059D14}","created_user":null,"created_date":null,"last_edited_user":null,"last_edited_date":null,"System":"Estero Bay South","Color":"Green","MountingTy":"Piling Wood","NAVSize":"Small","Remarks":"Good","Owner":"Lee County","InspDate":1541653200000,"InspFreq":12,"NewInstall":1513746000000,"Comments":" ","NAVNumber":"69","LLN":19680,"POINT_X":-81.85318492,"POINT_Y":26.35328488,"Depth":4,"ID":"N0214","reviewed":"yes","Fix":"yes","followup":" "}},{"type":"Feature","id":204,"geometry":{"type":"Point","coordinates":[-81.96396445781578,26.466659764514173]},"properties":{"OBJECTID_1":204,"OBJECTID":143,"GlobalID":"{D3E4303E-DB14-49B6-979F-DF3E3E06B398}","created_user":null,"created_date":null,"last_edited_user":null,"last_edited_date":null,"System":"Hurricane Bay M.W.","Color":"Green","MountingTy":"Piling Wood","NAVSize":"Small","Remarks":"Good","Owner":"Lee County","InspDate":1513227600000,"InspFreq":12,"NewInstall":null,"Comments":" ","NAVNumber":"1","LLN":18135,"POINT_X":-81.96396124,"POINT_Y":26.46665494,"Depth":6,"ID":"N0215","reviewed":"yes","Fix":"yes","followup":" "}},{"type":"Feature","id":205,"geometry":{"type":"Point","coordinates":[-81.96409553515115,26.46631943801855]},"properties":{"OBJECTID_1":205,"OBJECTID":144,"GlobalID":"{FD3655FA-2DC5-4D01-AFED-EB7AF22242DE}","created_user":null,"created_date":null,"last_edited_user":null,"last_edited_date":null,"System":"Hurricane Bay M.W.","Color":"Red","MountingTy":"Piling Wood","NAVSize":"Small","Remarks":"Good","Owner":"Lee County","InspDate":1513227600000,"InspFreq":12,"NewInstall":null,"Comments":" ","NAVNumber":"2","LLN":18140,"POINT_X":-81.96409232,"POINT_Y":26.46631462,"Depth":8,"ID":"N0216","reviewed":"yes","Fix":"yes","followup":" "}},{"type":"Feature","id":206,"geometry":{"type":"Point","coordinates":[-81.96229203682749,26.466534451240584]},"properties":{"OBJECTID_1":206,"OBJECTID":145,"GlobalID":"{13171AC3-9D27-429E-A919-D0C988BD9AA1}","created_user":null,"created_date":null,"last_edited_user":null,"last_edited_date":null,"System":"Hurricane Bay M.W.","Color":"Green","MountingTy":"Other","NAVSize":"Small","Remarks":"Good","Owner":"Lee County","InspDate":1513227600000,"InspFreq":12,"NewInstall":null,"Comments":" ","NAVNumber":"3","LLN":18145,"POINT_X":-81.96228882,"POINT_Y":26.46652963,"Depth":6,"ID":"N0217","reviewed":"yes","Fix":"yes","followup":" "}},{"type":"Feature","id":207,"geometry":{"type":"Point","coordinates":[-81.9621197680334,26.466199824181444]},"properties":{"OBJECTID_1":207,"OBJECTID":146,"GlobalID":"{2B1BA8DE-F4F1-452A-99FD-8AFB85CBCF55}","created_user":null,"created_date":null,"last_edited_user":null,"last_edited_date":null,"System":"Hurricane Bay M.W.","Color":"Red","MountingTy":"Piling Wood","NAVSize":"Small","Remarks":"Excellent","Owner":"Lee County","InspDate":1519621200000,"InspFreq":12,"NewInstall":1519621200000,"Comments":" ","NAVNumber":"4","LLN":18150,"POINT_X":-81.96211655,"POINT_Y":26.466195,"Depth":6,"ID":"N0218","reviewed":"yes","Fix":"no","followup":" "}},{"type":"Feature","id":208,"geometry":{"type":"Point","coordinates":[-81.96049740660365,26.46604194580026]},"properties":{"OBJECTID_1":208,"OBJECTID":147,"GlobalID":"{C0BBDA3A-34CC-4D25-B554-10858C9D091E}","created_user":null,"created_date":null,"last_edited_user":null,"last_edited_date":null,"System":"Hurricane Bay M.W.","Color":"Red","MountingTy":"Piling Wood","NAVSize":"Small","Remarks":"Excellent","Owner":"Lee County","InspDate":1512104400000,"InspFreq":12,"NewInstall":1512104400000,"Comments":" ","NAVNumber":"6","LLN":18155,"POINT_X":-81.96049419,"POINT_Y":26.46603712,"Depth":8,"ID":"N0219","reviewed":"yes","Fix":"yes","followup":" "}},{"type":"Feature","id":209,"geometry":{"type":"Point","coordinates":[-81.9604644355142,26.466463077015934]},"properties":{"OBJECTID_1":209,"OBJECTID":148,"GlobalID":"{C2627D06-22B5-4E11-8925-DABCD9DACF5E}","created_user":null,"created_date":null,"last_edited_user":null,"last_edited_date":null,"System":"Hurricane Bay M.W.","Color":"Green","MountingTy":"Piling Wood","NAVSize":"Small","Remarks":"Good","Owner":"Lee County","InspDate":1513227600000,"InspFreq":12,"NewInstall":null,"Comments":" ","NAVNumber":"7","LLN":18160,"POINT_X":-81.96046122,"POINT_Y":26.46645826,"Depth":4,"ID":"N0220","reviewed":"yes","Fix":"no","followup":" "}},{"type":"Feature","id":210,"geometry":{"type":"Point","coordinates":[-81.95864337121115,26.4659125347899]},"properties":{"OBJECTID_1":210,"OBJECTID":149,"GlobalID":"{60BE1513-FDD7-426A-B740-7686AD033D8F}","created_user":null,"created_date":null,"last_edited_user":null,"last_edited_date":null,"System":"Hurricane Bay M.W.","Color":"Red","MountingTy":"Piling Wood","NAVSize":"Small","Remarks":"Good","Owner":"Lee County","InspDate":1513227600000,"InspFreq":12,"NewInstall":null,"Comments":" ","NAVNumber":"8","LLN":18165,"POINT_X":-81.95864016,"POINT_Y":26.46590771,"Depth":8,"ID":"N0221","reviewed":"yes","Fix":"no","followup":" "}},{"type":"Feature","id":211,"geometry":{"type":"Point","coordinates":[-81.95834043673422,26.466381319316433]},"properties":{"OBJECTID_1":211,"OBJECTID":150,"GlobalID":"{7ACF4069-B6F1-4817-B3C7-7270615E23AC}","created_user":null,"created_date":null,"last_edited_user":null,"last_edited_date":null,"System":"Hurricane Bay M.W.","Color":"Green","MountingTy":"Piling Wood","NAVSize":"Small","Remarks":"Good","Owner":"Lee County","InspDate":1513227600000,"InspFreq":12,"NewInstall":null,"Comments":" ","NAVNumber":"9","LLN":18170,"POINT_X":-81.95833722,"POINT_Y":26.4663765,"Depth":6,"ID":"N0222","reviewed":"yes","Fix":"yes","followup":" "}},{"type":"Feature","id":212,"geometry":{"type":"Point","coordinates":[-81.95717686020875,26.466754055192947]},"properties":{"OBJECTID_1":212,"OBJECTID":151,"GlobalID":"{ADCE626D-FB17-41EE-AEE8-3FEF74C062AC}","created_user":null,"created_date":null,"last_edited_user":null,"last_edited_date":null,"System":"Hurricane Bay M.W.","Color":"Green","MountingTy":"Piling Wood","NAVSize":"Small","Remarks":"Good","Owner":"Lee County","InspDate":1513227600000,"InspFreq":12,"NewInstall":null,"Comments":"plastic pile","NAVNumber":"11","LLN":18180,"POINT_X":-81.95717365,"POINT_Y":26.46674923,"Depth":10,"ID":"N0223","reviewed":"yes","Fix":"no","followup":" "}},{"type":"Feature","id":213,"geometry":{"type":"Point","coordinates":[-81.95698517658586,26.466194086750242]},"properties":{"OBJECTID_1":213,"OBJECTID":152,"GlobalID":"{7299E4D7-B31F-44A4-9517-AFDDE6B385BB}","created_user":null,"created_date":null,"last_edited_user":null,"last_edited_date":null,"System":"Hurricane Bay M.W.","Color":"Red Over Green","MountingTy":"Piling Wood","NAVSize":"Small","Remarks":"Good","Owner":"Lee County","InspDate":1513227600000,"InspFreq":12,"NewInstall":null,"Comments":" plastic pile","NAVNumber":"A","LLN":18175,"POINT_X":-81.95698196,"POINT_Y":26.46618927,"Depth":10,"ID":"N0224","reviewed":"yes","Fix":"no","followup":" "}},{"type":"Feature","id":214,"geometry":{"type":"Point","coordinates":[-81.95334637335807,26.46728976910974]},"properties":{"OBJECTID_1":214,"OBJECTID":153,"GlobalID":"{AC3E9D02-F87D-43BE-8EAC-24953999FE40}","created_user":null,"created_date":null,"last_edited_user":null,"last_edited_date":null,"System":"Hurricane Bay M.W.","Color":"Green","MountingTy":"Piling Wood","NAVSize":"Small","Remarks":"Good","Owner":"Lee County","InspDate":1512104400000,"InspFreq":12,"NewInstall":1512104400000,"Comments":" ","NAVNumber":"13","LLN":18185,"POINT_X":-81.95334316,"POINT_Y":26.46728495,"Depth":8,"ID":"N0225","reviewed":"yes","Fix":"no","followup":" "}},{"type":"Feature","id":215,"geometry":{"type":"Point","coordinates":[-81.95276721331392,26.467014943873657]},"properties":{"OBJECTID_1":215,"OBJECTID":154,"GlobalID":"{2EE47F47-4991-447A-8E56-8DBA74E89121}","created_user":null,"created_date":null,"last_edited_user":null,"last_edited_date":null,"System":"Hurricane Bay M.W.","Color":"Green","MountingTy":"Piling Wood","NAVSize":"Small","Remarks":"Good","Owner":"Lee County","InspDate":1512104400000,"InspFreq":12,"NewInstall":1512104400000,"Comments":" ","NAVNumber":"15","LLN":18190,"POINT_X":-81.952764,"POINT_Y":26.46701012,"Depth":8,"ID":"N0226","reviewed":"yes","Fix":"no","followup":" "}},{"type":"Feature","id":216,"geometry":{"type":"Point","coordinates":[-81.95209616107053,26.46690400804816]},"properties":{"OBJECTID_1":216,"OBJECTID":155,"GlobalID":"{E439C313-6A82-469C-8ACF-6AF703CE19B3}","created_user":null,"created_date":null,"last_edited_user":null,"last_edited_date":null,"System":"Hurricane Bay M.W.","Color":"Green","MountingTy":"Piling Wood","NAVSize":"Small","Remarks":"Excellent","Owner":"Lee County","InspDate":1512104400000,"InspFreq":12,"NewInstall":1512104400000,"Comments":" ","NAVNumber":"17","LLN":18195,"POINT_X":-81.95209295,"POINT_Y":26.46689919,"Depth":8,"ID":"N0227","reviewed":"yes","Fix":"no","followup":" "}},{"type":"Feature","id":217,"geometry":{"type":"Point","coordinates":[-81.95507336002991,26.46820997667947]},"properties":{"OBJECTID_1":217,"OBJECTID":156,"GlobalID":"{5CF512CD-0B39-40A3-A32B-327EBF4FE8E4}","created_user":null,"created_date":null,"last_edited_user":null,"last_edited_date":null,"System":"Siesta Isles","Color":"Green","MountingTy":"Piling Wood","NAVSize":"Small","Remarks":"Good","Owner":"Lee County","InspDate":1513227600000,"InspFreq":12,"NewInstall":null,"Comments":" ","NAVNumber":"1","LLN":18200,"POINT_X":-81.95507015,"POINT_Y":26.46820515,"Depth":4,"ID":"N0228","reviewed":"yes","Fix":"no","followup":" "}},{"type":"Feature","id":218,"geometry":{"type":"Point","coordinates":[-81.95480257976045,26.468263396109613]},"properties":{"OBJECTID_1":218,"OBJECTID":157,"GlobalID":"{13C18986-2A91-403F-8754-35D18D1039E6}","created_user":null,"created_date":null,"last_edited_user":null,"last_edited_date":null,"System":"Siesta Isles","Color":"Red","MountingTy":"Piling Wood","NAVSize":"Small","Remarks":"Good","Owner":"Lee County","InspDate":1513227600000,"InspFreq":12,"NewInstall":null,"Comments":" ","NAVNumber":"2","LLN":18205,"POINT_X":-81.95479937,"POINT_Y":26.46825857,"Depth":6,"ID":"N0229","reviewed":"yes","Fix":"no","followup":" "}},{"type":"Feature","id":219,"geometry":{"type":"Point","coordinates":[-81.95483006351392,26.470033405780544]},"properties":{"OBJECTID_1":219,"OBJECTID":158,"GlobalID":"{7C8A70D8-55E4-4764-B9F6-26D8089547AE}","created_user":null,"created_date":null,"last_edited_user":null,"last_edited_date":null,"System":"Siesta Isles","Color":"Red","MountingTy":"Piling Wood","NAVSize":"Small","Remarks":"Good","Owner":"Lee County","InspDate":1512104400000,"InspFreq":12,"NewInstall":1512104400000,"Comments":" ","NAVNumber":"4","LLN":18215,"POINT_X":-81.95482685,"POINT_Y":26.47002858,"Depth":6,"ID":"N0230","reviewed":"yes","Fix":"no","followup":" "}},{"type":"Feature","id":220,"geometry":{"type":"Point","coordinates":[-81.95521277654902,26.469820212458934]},"properties":{"OBJECTID_1":220,"OBJECTID":159,"GlobalID":"{98631702-D8F2-468D-9B95-6FCA23B0E4CF}","created_user":null,"created_date":null,"last_edited_user":null,"last_edited_date":null,"System":"Siesta Isles","Color":"Green","MountingTy":"Piling Wood","NAVSize":"Small","Remarks":"Good","Owner":"Lee County","InspDate":1513227600000,"InspFreq":12,"NewInstall":null,"Comments":" ","NAVNumber":"3","LLN":18210,"POINT_X":-81.95520956,"POINT_Y":26.46981539,"Depth":6,"ID":"N0231","reviewed":"yes","Fix":"no","followup":" "}},{"type":"Feature","id":221,"geometry":{"type":"Point","coordinates":[-81.9565948405308,26.46547941484582]},"properties":{"OBJECTID_1":221,"OBJECTID":160,"GlobalID":"{633520BF-3158-406F-8B6A-06100953D6D0}","created_user":null,"created_date":null,"last_edited_user":null,"last_edited_date":null,"System":"Hurricane Bay M.S.","Color":"Green","MountingTy":"Piling Wood","NAVSize":"Small","Remarks":"Good","Owner":"Lee County","InspDate":1513227600000,"InspFreq":12,"NewInstall":null,"Comments":" ","NAVNumber":"7","LLN":18265,"POINT_X":-81.95659163,"POINT_Y":26.46547459,"Depth":4,"ID":"N0232","reviewed":"yes","Fix":"yes","followup":" "}},{"type":"Feature","id":222,"geometry":{"type":"Point","coordinates":[-81.95617948572607,26.464425724448798]},"properties":{"OBJECTID_1":222,"OBJECTID":161,"GlobalID":"{BE677FCE-1EA4-491E-96E1-D0B5F8F53935}","created_user":null,"created_date":null,"last_edited_user":null,"last_edited_date":null,"System":"Hurricane Bay M.S.","Color":"Green","MountingTy":"Piling Wood","NAVSize":"Small","Remarks":"Good","Owner":"Lee County","InspDate":1513227600000,"InspFreq":12,"NewInstall":null,"Comments":" ","NAVNumber":"5A","LLN":18260,"POINT_X":-81.95617627,"POINT_Y":26.4644209,"Depth":6,"ID":"N0233","reviewed":"yes","Fix":"yes","followup":" "}},{"type":"Feature","id":223,"geometry":{"type":"Point","coordinates":[-81.95548491029122,26.46297052009293]},"properties":{"OBJECTID_1":223,"OBJECTID":162,"GlobalID":"{9A270235-2E38-41DC-943F-2CEC9BF5CBCF}","created_user":null,"created_date":null,"last_edited_user":null,"last_edited_date":null,"System":"Hurricane Bay M.S.","Color":"Green","MountingTy":"Piling Wood","NAVSize":"Small","Remarks":"Good","Owner":"Lee County","InspDate":1513227600000,"InspFreq":12,"NewInstall":1444708800000,"Comments":" ","NAVNumber":"5","LLN":18255,"POINT_X":-81.9554817,"POINT_Y":26.4629657,"Depth":6,"ID":"N0234","reviewed":"yes","Fix":"no","followup":" "}},{"type":"Feature","id":224,"geometry":{"type":"Point","coordinates":[-81.95523192336844,26.461440579382398]},"properties":{"OBJECTID_1":224,"OBJECTID":163,"GlobalID":"{86849DA9-972C-4D44-A1E8-C4A9B669EB46}","created_user":null,"created_date":null,"last_edited_user":null,"last_edited_date":null,"System":"Hurricane Bay M.S.","Color":"Green","MountingTy":"Piling Wood","NAVSize":"Small","Remarks":"Good","Owner":"Lee County","InspDate":1512104400000,"InspFreq":12,"NewInstall":1512104400000,"Comments":"short pile","NAVNumber":"3","LLN":18250,"POINT_X":-81.95522871,"POINT_Y":26.46143576,"Depth":8,"ID":"N0235","reviewed":"yes","Fix":"no","followup":" "}},{"type":"Feature","id":225,"geometry":{"type":"Point","coordinates":[-81.95522652323866,26.459339206012277]},"properties":{"OBJECTID_1":225,"OBJECTID":164,"GlobalID":"{AABB7B6E-7819-4BBA-BAA1-5029B7908F97}","created_user":null,"created_date":null,"last_edited_user":null,"last_edited_date":null,"System":"Hurricane Bay M.S.","Color":"Green","MountingTy":"Piling Wood","NAVSize":"Small","Remarks":"needs new sign","Owner":"Lee County","InspDate":1542085200000,"InspFreq":12,"NewInstall":null,"Comments":" ","NAVNumber":"1","LLN":18245,"POINT_X":-81.95522331,"POINT_Y":26.45933439,"Depth":8,"ID":"N0236","reviewed":"yes","Fix":"no","followup":" "}},{"type":"Feature","id":226,"geometry":{"type":"Point","coordinates":[-81.82478390233186,26.691563158698255]},"properties":{"OBJECTID_1":226,"OBJECTID":165,"GlobalID":"{B24632D9-2DD9-4B36-916A-9BBFA4310A8C}","created_user":null,"created_date":null,"last_edited_user":null,"last_edited_date":null,"System":"Daughtrey Crk App.","Color":"Red","MountingTy":"Piling Wood","NAVSize":"Small","Remarks":"needs new sign","Owner":"Lee County","InspDate":1536120000000,"InspFreq":12,"NewInstall":null,"Comments":" ","NAVNumber":"4","LLN":52255,"POINT_X":-81.82478072,"POINT_Y":26.69155828,"Depth":6,"ID":"N0237","reviewed":"yes","Fix":"no","followup":" "}},{"type":"Feature","id":227,"geometry":{"type":"Point","coordinates":[-81.82593414895713,26.690944654450057]},"properties":{"OBJECTID_1":227,"OBJECTID":166,"GlobalID":"{62D93306-21DC-4090-A327-DA513CF6EB2C}","created_user":null,"created_date":null,"last_edited_user":null,"last_edited_date":null,"System":"Daughtrey Crk App.","Color":"Green","MountingTy":"Piling Wood","NAVSize":"Small","Remarks":"needs new sign","Owner":"Lee County","InspDate":1536120000000,"InspFreq":12,"NewInstall":1464235200000,"Comments":" ","NAVNumber":"5","LLN":52260,"POINT_X":-81.82593097,"POINT_Y":26.69093977,"Depth":6,"ID":"N0238","reviewed":"yes","Fix":"no","followup":" "}},{"type":"Feature","id":228,"geometry":{"type":"Point","coordinates":[-81.82695444910084,26.69133275004245]},"properties":{"OBJECTID_1":228,"OBJECTID":167,"GlobalID":"{55E6A941-7CC7-4266-A11F-0EFA97D1F361}","created_user":null,"created_date":null,"last_edited_user":null,"last_edited_date":null,"System":"Daughtrey Crk App.","Color":"Red","MountingTy":"Piling Wood","NAVSize":"Small","Remarks":"Good","Owner":"Lee County","InspDate":1536120000000,"InspFreq":12,"NewInstall":null,"Comments":" ","NAVNumber":"6","LLN":52265,"POINT_X":-81.82695127,"POINT_Y":26.69132787,"Depth":10,"ID":"N0239","reviewed":"yes","Fix":"no","followup":" "}},{"type":"Feature","id":229,"geometry":{"type":"Point","coordinates":[-81.8284206597096,26.690572386511043]},"properties":{"OBJECTID_1":229,"OBJECTID":168,"GlobalID":"{2D6FECCF-D1A0-444F-9595-4FE226006606}","created_user":null,"created_date":null,"last_edited_user":null,"last_edited_date":null,"System":"Daughtrey Crk App.","Color":"Green","MountingTy":"Piling Wood","NAVSize":"Small","Remarks":"Good","Owner":"Lee County","InspDate":1536120000000,"InspFreq":12,"NewInstall":null,"Comments":" ","NAVNumber":"7","LLN":52270,"POINT_X":-81.82841748,"POINT_Y":26.69056751,"Depth":4,"ID":"N0240","reviewed":"yes","Fix":"no","followup":" "}},{"type":"Feature","id":230,"geometry":{"type":"Point","coordinates":[-81.82929639324973,26.691088116085087]},"properties":{"OBJECTID_1":230,"OBJECTID":169,"GlobalID":"{22A936AF-CE1F-4C01-AA08-D892FC6C2019}","created_user":null,"created_date":null,"last_edited_user":null,"last_edited_date":null,"System":"Daughtrey Crk App.","Color":"Red","MountingTy":"Piling Wood","NAVSize":"Small","Remarks":"Good","Owner":"Lee County","InspDate":1536120000000,"InspFreq":12,"NewInstall":null,"Comments":" ","NAVNumber":"8","LLN":52275,"POINT_X":-81.82929321,"POINT_Y":26.69108324,"Depth":8,"ID":"N0241","reviewed":"yes","Fix":"no","followup":" "}},{"type":"Feature","id":231,"geometry":{"type":"Point","coordinates":[-81.82984015471654,26.691249724802145]},"properties":{"OBJECTID_1":231,"OBJECTID":170,"GlobalID":"{5434D4A9-5B80-495A-A682-9777B3BDD0BE}","created_user":null,"created_date":null,"last_edited_user":null,"last_edited_date":null,"System":"Daughtrey Crk Ent.","Color":"Green","MountingTy":"Piling Wood","NAVSize":"Small","Remarks":"Good","Owner":"Lee County","InspDate":1536120000000,"InspFreq":12,"NewInstall":null,"Comments":" ","NAVNumber":"1","LLN":52295,"POINT_X":-81.82983697,"POINT_Y":26.69124484,"Depth":4,"ID":"N0242","reviewed":"yes","Fix":"no","followup":" "}},{"type":"Feature","id":232,"geometry":{"type":"Point","coordinates":[-81.82965214122343,26.69131223247394]},"properties":{"OBJECTID_1":232,"OBJECTID":171,"GlobalID":"{871A2594-FDB7-486B-AFF0-A7603CE8F777}","created_user":null,"created_date":null,"last_edited_user":null,"last_edited_date":null,"System":"Daughtrey Crk Ent.","Color":"Red","MountingTy":"Piling Wood","NAVSize":"Small","Remarks":"Good","Owner":"Lee County","InspDate":1536120000000,"InspFreq":12,"NewInstall":1464235200000,"Comments":" ","NAVNumber":"2","LLN":52300,"POINT_X":-81.82964896,"POINT_Y":26.69130735,"Depth":6,"ID":"N0243","reviewed":"yes","Fix":"no","followup":" "}},{"type":"Feature","id":233,"geometry":{"type":"Point","coordinates":[-81.8296344918951,26.69199244346253]},"properties":{"OBJECTID_1":233,"OBJECTID":172,"GlobalID":"{6C344AD7-ACC9-429D-9A64-206E2C10F4EA}","created_user":null,"created_date":null,"last_edited_user":null,"last_edited_date":null,"System":"Daughtrey Crk Ent.","Color":"Red","MountingTy":"Piling Wood","NAVSize":"Small","Remarks":"Good","Owner":"Lee County","InspDate":1536120000000,"InspFreq":12,"NewInstall":1464235200000,"Comments":" ","NAVNumber":"4","LLN":52305,"POINT_X":-81.82963131,"POINT_Y":26.69198756,"Depth":6,"ID":"N0244","reviewed":"yes","Fix":"no","followup":" "}},{"type":"Feature","id":234,"geometry":{"type":"Point","coordinates":[-81.8297497161097,26.692286259747632]},"properties":{"OBJECTID_1":234,"OBJECTID":173,"GlobalID":"{64EEC08B-3843-4B71-A9EB-C6D58FDF03A4}","created_user":null,"created_date":null,"last_edited_user":null,"last_edited_date":null,"System":"Daughtrey Crk Ent.","Color":"Green","MountingTy":"Piling Wood","NAVSize":"Small","Remarks":"Good","Owner":"Lee County","InspDate":1536120000000,"InspFreq":12,"NewInstall":null,"Comments":" ","NAVNumber":"5","LLN":52310,"POINT_X":-81.82974653,"POINT_Y":26.69228138,"Depth":6,"ID":"N0245","reviewed":"yes","Fix":"no","followup":" "}},{"type":"Feature","id":235,"geometry":{"type":"Point","coordinates":[-81.82962323302658,26.692506754885557]},"properties":{"OBJECTID_1":235,"OBJECTID":174,"GlobalID":"{541DA47E-9CE4-4783-9B93-B997F348D006}","created_user":null,"created_date":null,"last_edited_user":null,"last_edited_date":null,"System":"Daughtrey Crk Ent.","Color":"Red","MountingTy":"Piling Wood","NAVSize":"Small","Remarks":"Good","Owner":"Lee County","InspDate":1536120000000,"InspFreq":12,"NewInstall":1464235200000,"Comments":" ","NAVNumber":"6","LLN":52315,"POINT_X":-81.82962005,"POINT_Y":26.69250187,"Depth":4,"ID":"N0246","reviewed":"yes","Fix":"no","followup":" "}},{"type":"Feature","id":236,"geometry":{"type":"Point","coordinates":[-81.82953359529473,26.693075667670442]},"properties":{"OBJECTID_1":236,"OBJECTID":175,"GlobalID":"{5E5A031F-E810-45D6-B5D0-92B5A69FDBF9}","created_user":null,"created_date":null,"last_edited_user":null,"last_edited_date":null,"System":"Daughtrey Crk Ent.","Color":"Red","MountingTy":"Piling Wood","NAVSize":"Small","Remarks":"needs new sign","Owner":"Lee County","InspDate":1536120000000,"InspFreq":12,"NewInstall":null,"Comments":" ","NAVNumber":"8","LLN":52320,"POINT_X":-81.82953041,"POINT_Y":26.69307079,"Depth":4,"ID":"N0247","reviewed":"yes","Fix":"no","followup":" "}},{"type":"Feature","id":237,"geometry":{"type":"Point","coordinates":[-81.82999707939045,26.690965869349874]},"properties":{"OBJECTID_1":237,"OBJECTID":176,"GlobalID":"{580F62A8-DE97-4B2C-8805-8B8DE438F4C9}","created_user":null,"created_date":null,"last_edited_user":null,"last_edited_date":null,"System":"Daughtrey Crk App.","Color":"Red","MountingTy":"Piling Wood","NAVSize":"Small","Remarks":"Good","Owner":"Lee County","InspDate":1536120000000,"InspFreq":12,"NewInstall":null,"Comments":" ","NAVNumber":"10","LLN":52285,"POINT_X":-81.8299939,"POINT_Y":26.69096099,"Depth":8,"ID":"N0248","reviewed":"yes","Fix":"no","followup":" "}},{"type":"Feature","id":238,"geometry":{"type":"Point","coordinates":[-81.82977319256051,26.69030200108758]},"properties":{"OBJECTID_1":238,"OBJECTID":177,"GlobalID":"{FEC64EB3-B3C1-4B70-AF41-C2BAB4770759}","created_user":null,"created_date":null,"last_edited_user":null,"last_edited_date":null,"System":"Daughtrey Crk App.","Color":"Green","MountingTy":"Piling Wood","NAVSize":"Small","Remarks":"Good","Owner":"Lee County","InspDate":1536120000000,"InspFreq":12,"NewInstall":null,"Comments":" ","NAVNumber":"9","LLN":52280,"POINT_X":-81.82977001,"POINT_Y":26.69029712,"Depth":8,"ID":"N0249","reviewed":"yes","Fix":"no","followup":" "}},{"type":"Feature","id":239,"geometry":{"type":"Point","coordinates":[-81.83167896251075,26.69028493048753]},"properties":{"OBJECTID_1":239,"OBJECTID":178,"GlobalID":"{4BC81533-5B01-43A9-93EB-1AF6D6705A05}","created_user":null,"created_date":null,"last_edited_user":null,"last_edited_date":null,"System":"Daughtrey Crk App.","Color":"Red","MountingTy":"Piling Wood","NAVSize":"Small","Remarks":"Good","Owner":"Lee County","InspDate":1536120000000,"InspFreq":12,"NewInstall":null,"Comments":" ","NAVNumber":"12","LLN":52290,"POINT_X":-81.83167578,"POINT_Y":26.69028005,"Depth":6,"ID":"N0250","reviewed":"yes","Fix":"no","followup":" "}},{"type":"Feature","id":240,"geometry":{"type":"Point","coordinates":[-82.18324806492542,26.49959103554157]},"properties":{"OBJECTID_1":240,"OBJECTID":189,"GlobalID":"{D2DF2056-4A47-4D28-92AB-5F9F5308A485}","created_user":null,"created_date":null,"last_edited_user":null,"last_edited_date":null,"System":"Roosevelt Channel","Color":"Red","MountingTy":"Piling Wood","NAVSize":"Small","Remarks":"Good","Owner":"Lee County","InspDate":1519707600000,"InspFreq":12,"NewInstall":null,"Comments":" ","NAVNumber":"24","LLN":55735,"POINT_X":-82.18324479,"POINT_Y":26.49958621,"Depth":4,"ID":"N0251","reviewed":"yes","Fix":"yes","followup":" "}},{"type":"Feature","id":241,"geometry":{"type":"Point","coordinates":[-82.18432750802408,26.504052658432872]},"properties":{"OBJECTID_1":241,"OBJECTID":190,"GlobalID":"{4F77E555-621D-404A-A0F7-80BC4D87FCE4}","created_user":null,"created_date":null,"last_edited_user":null,"last_edited_date":null,"System":"Roosevelt Channel","Color":"Red","MountingTy":"Piling Wood","NAVSize":"Small","Remarks":"Good","Owner":"Lee County","InspDate":1519707600000,"InspFreq":12,"NewInstall":null,"Comments":" ","NAVNumber":"22","LLN":55730,"POINT_X":-82.18432423,"POINT_Y":26.50404783,"Depth":6,"ID":"N0252","reviewed":"yes","Fix":"yes","followup":" "}},{"type":"Feature","id":242,"geometry":{"type":"Point","coordinates":[-82.18666053584924,26.507804973551632]},"properties":{"OBJECTID_1":242,"OBJECTID":191,"GlobalID":"{F9D8B149-7757-42C3-84B2-A73A53FF3093}","created_user":null,"created_date":null,"last_edited_user":null,"last_edited_date":null,"System":"Roosevelt Channel","Color":"Green","MountingTy":"Piling Wood","NAVSize":"Small","Remarks":"Good","Owner":"Lee County","InspDate":1519707600000,"InspFreq":12,"NewInstall":null,"Comments":" ","NAVNumber":"21","LLN":55725,"POINT_X":-82.18665726,"POINT_Y":26.50780015,"Depth":6,"ID":"N0253","reviewed":"yes","Fix":"yes","followup":" "}},{"type":"Feature","id":243,"geometry":{"type":"Point","coordinates":[-82.18768600373039,26.509513133370497]},"properties":{"OBJECTID_1":243,"OBJECTID":192,"GlobalID":"{14B324E7-9343-4CE7-BD86-B1271B38D176}","created_user":null,"created_date":null,"last_edited_user":null,"last_edited_date":null,"System":"Roosevelt Channel","Color":"Red","MountingTy":"Piling Wood","NAVSize":"Small","Remarks":"Good","Owner":"Lee County","InspDate":1519707600000,"InspFreq":12,"NewInstall":null,"Comments":" ","NAVNumber":"20","LLN":55720,"POINT_X":-82.18768272,"POINT_Y":26.50950831,"Depth":6,"ID":"N0254","reviewed":"yes","Fix":"yes","followup":" "}},{"type":"Feature","id":244,"geometry":{"type":"Point","coordinates":[-82.18851748606606,26.511544651093274]},"properties":{"OBJECTID_1":244,"OBJECTID":193,"GlobalID":"{2CE610BD-458C-407B-B443-4403AA932B60}","created_user":null,"created_date":null,"last_edited_user":null,"last_edited_date":null,"System":"Roosevelt Channel","Color":"Green","MountingTy":"Piling Wood","NAVSize":"Small","Remarks":"Good","Owner":"Lee County","InspDate":1519707600000,"InspFreq":12,"NewInstall":1519707600000,"Comments":" ","NAVNumber":"19","LLN":55715,"POINT_X":-82.18851421,"POINT_Y":26.51153982,"Depth":8,"ID":"N0255","reviewed":"yes","Fix":"no","followup":" "}},{"type":"Feature","id":245,"geometry":{"type":"Point","coordinates":[-82.18950880503219,26.51281987634244]},"properties":{"OBJECTID_1":245,"OBJECTID":194,"GlobalID":"{93BC972F-8160-44D0-B180-A9BC6FE9E065}","created_user":null,"created_date":null,"last_edited_user":null,"last_edited_date":null,"System":"Roosevelt Channel","Color":"Red","MountingTy":"Piling Wood","NAVSize":"Small","Remarks":"Good","Owner":"Lee County","InspDate":1519707600000,"InspFreq":12,"NewInstall":null,"Comments":"leaning","NAVNumber":"18","LLN":55710,"POINT_X":-82.18950552,"POINT_Y":26.51281505,"Depth":6,"ID":"N0256","reviewed":"yes","Fix":"yes","followup":" "}},{"type":"Feature","id":246,"geometry":{"type":"Point","coordinates":[-82.18936804066212,26.51387435722773]},"properties":{"OBJECTID_1":246,"OBJECTID":195,"GlobalID":"{4FB2DC92-47AC-44D4-BB02-C73C442C27CA}","created_user":null,"created_date":null,"last_edited_user":null,"last_edited_date":null,"System":"Roosevelt Channel","Color":"Green","MountingTy":"Piling Wood","NAVSize":"Small","Remarks":"Good","Owner":"Lee County","InspDate":1519707600000,"InspFreq":12,"NewInstall":null,"Comments":" ","NAVNumber":"17","LLN":55705,"POINT_X":-82.18936476,"POINT_Y":26.51386953,"Depth":6,"ID":"N0257","reviewed":"yes","Fix":"yes","followup":" "}},{"type":"Feature","id":247,"geometry":{"type":"Point","coordinates":[-82.18960988995143,26.515906783821197]},"properties":{"OBJECTID_1":247,"OBJECTID":196,"GlobalID":"{07557B2E-55D4-4C42-A127-8731DF784BB1}","created_user":null,"created_date":null,"last_edited_user":null,"last_edited_date":null,"System":"Roosevelt Channel","Color":"Red","MountingTy":"Piling Wood","NAVSize":"Small","Remarks":"Good","Owner":"Lee County","InspDate":1519707600000,"InspFreq":12,"NewInstall":null,"Comments":" ","NAVNumber":"16","LLN":55700,"POINT_X":-82.18960661,"POINT_Y":26.51590196,"Depth":8,"ID":"N0258","reviewed":"yes","Fix":"yes","followup":" "}},{"type":"Feature","id":248,"geometry":{"type":"Point","coordinates":[-82.18911385807748,26.516372430793627]},"properties":{"OBJECTID_1":248,"OBJECTID":197,"GlobalID":"{8E3604F8-1DFC-44BF-BB95-C08477032FAF}","created_user":null,"created_date":null,"last_edited_user":null,"last_edited_date":null,"System":"Roosevelt Channel","Color":"Green","MountingTy":"Piling Wood","NAVSize":"Small","Remarks":"Good","Owner":"Lee County","InspDate":1519707600000,"InspFreq":12,"NewInstall":null,"Comments":" ","NAVNumber":"15","LLN":55695,"POINT_X":-82.18911058,"POINT_Y":26.5163676,"Depth":8,"ID":"N0259","reviewed":"yes","Fix":"yes","followup":" "}},{"type":"Feature","id":249,"geometry":{"type":"Point","coordinates":[-82.1879888839566,26.519538191651144]},"properties":{"OBJECTID_1":249,"OBJECTID":198,"GlobalID":"{462E6A38-A46D-4BAD-8D38-7FBD76934C4D}","created_user":null,"created_date":null,"last_edited_user":null,"last_edited_date":null,"System":"Roosevelt Channel","Color":"Red","MountingTy":"Piling Wood","NAVSize":"Small","Remarks":"Good","Owner":"Lee County","InspDate":1519707600000,"InspFreq":12,"NewInstall":null,"Comments":"p.pile","NAVNumber":"14","LLN":55690,"POINT_X":-82.1879856,"POINT_Y":26.51953336,"Depth":10,"ID":"N0260","reviewed":"yes","Fix":"yes","followup":" "}},{"type":"Feature","id":250,"geometry":{"type":"Point","coordinates":[-82.18710028482319,26.520431797397663]},"properties":{"OBJECTID_1":250,"OBJECTID":199,"GlobalID":"{91789106-78FD-4BD0-BACC-D0E8E50C0B71}","created_user":null,"created_date":null,"last_edited_user":null,"last_edited_date":null,"System":"Roosevelt Channel","Color":"Green","MountingTy":"Piling Wood","NAVSize":"Small","Remarks":"Good","Owner":"Lee County","InspDate":1519707600000,"InspFreq":12,"NewInstall":null,"Comments":" ","NAVNumber":"13","LLN":55685,"POINT_X":-82.187097,"POINT_Y":26.52042697,"Depth":8,"ID":"N0261","reviewed":"yes","Fix":"yes","followup":" "}},{"type":"Feature","id":251,"geometry":{"type":"Point","coordinates":[-82.18730033781397,26.522074666660494]},"properties":{"OBJECTID_1":251,"OBJECTID":200,"GlobalID":"{21BAF047-8CE7-476E-BF70-ABC777C064C5}","created_user":null,"created_date":null,"last_edited_user":null,"last_edited_date":null,"System":"Roosevelt Channel","Color":"Red","MountingTy":"Piling Wood","NAVSize":"Small","Remarks":"Good","Owner":"Lee County","InspDate":1519707600000,"InspFreq":12,"NewInstall":null,"Comments":" ","NAVNumber":"12","LLN":55680,"POINT_X":-82.18729706,"POINT_Y":26.52206984,"Depth":8,"ID":"N0262","reviewed":"yes","Fix":"yes","followup":" "}},{"type":"Feature","id":252,"geometry":{"type":"Point","coordinates":[-82.1858272726882,26.525323480571032]},"properties":{"OBJECTID_1":252,"OBJECTID":201,"GlobalID":"{2CEF6D78-82FD-4652-B383-6D63A4287712}","created_user":null,"created_date":null,"last_edited_user":null,"last_edited_date":null,"System":"Roosevelt Channel","Color":"Green","MountingTy":"Piling Wood","NAVSize":"Small","Remarks":"Good","Owner":"Lee County","InspDate":1519707600000,"InspFreq":12,"NewInstall":null,"Comments":" ","NAVNumber":"11","LLN":55675,"POINT_X":-82.18582399,"POINT_Y":26.52531865,"Depth":8,"ID":"N0263","reviewed":"yes","Fix":"yes","followup":" "}},{"type":"Feature","id":253,"geometry":{"type":"Point","coordinates":[-82.18632166325817,26.52530771728561]},"properties":{"OBJECTID_1":253,"OBJECTID":202,"GlobalID":"{D4ED45EC-D01D-4AA9-8DB9-4E210B10BE60}","created_user":null,"created_date":null,"last_edited_user":null,"last_edited_date":null,"System":"Roosevelt Channel","Color":"Red","MountingTy":"Piling Wood","NAVSize":"Small","Remarks":"Excellent","Owner":"Lee County","InspDate":1519707600000,"InspFreq":12,"NewInstall":1458705600000,"Comments":" ","NAVNumber":"10","LLN":55670,"POINT_X":-82.18631838,"POINT_Y":26.52530289,"Depth":8,"ID":"N0264","reviewed":"yes","Fix":"yes","followup":" "}},{"type":"Feature","id":254,"geometry":{"type":"Point","coordinates":[-82.18496877880395,26.528623049562594]},"properties":{"OBJECTID_1":254,"OBJECTID":203,"GlobalID":"{6EFDF88B-C5DA-4F04-9F5C-05F2C39AAE36}","created_user":null,"created_date":null,"last_edited_user":null,"last_edited_date":null,"System":"Roosevelt Channel","Color":"Green","MountingTy":"Piling Wood","NAVSize":"Small","Remarks":"Good","Owner":"Lee County","InspDate":1519707600000,"InspFreq":12,"NewInstall":null,"Comments":"Split pile","NAVNumber":"9","LLN":55635,"POINT_X":-82.1849655,"POINT_Y":26.52861822,"Depth":8,"ID":"N0265","reviewed":"yes","Fix":"yes","followup":" "}},{"type":"Feature","id":255,"geometry":{"type":"Point","coordinates":[-82.18533713465925,26.528736093923207]},"properties":{"OBJECTID_1":255,"OBJECTID":204,"GlobalID":"{A5EABE65-4781-4305-971E-E4AC5E13F60F}","created_user":null,"created_date":null,"last_edited_user":null,"last_edited_date":null,"System":"Roosevelt Channel","Color":"Red","MountingTy":"Piling Wood","NAVSize":"Small","Remarks":"Good","Owner":"Lee County","InspDate":1519707600000,"InspFreq":12,"NewInstall":null,"Comments":" ","NAVNumber":"8","LLN":55630,"POINT_X":-82.18533385,"POINT_Y":26.52873126,"Depth":8,"ID":"N0266","reviewed":"yes","Fix":"yes","followup":" "}},{"type":"Feature","id":256,"geometry":{"type":"Point","coordinates":[-82.18379189395479,26.530179415066364]},"properties":{"OBJECTID_1":256,"OBJECTID":205,"GlobalID":"{D6453493-50DA-4843-8AE9-AF12E18B7E83}","created_user":null,"created_date":null,"last_edited_user":null,"last_edited_date":null,"System":"Roosevelt Channel","Color":"Red","MountingTy":"Piling Wood","NAVSize":"Large","Remarks":"Good","Owner":"Lee County","InspDate":1519707600000,"InspFreq":0,"NewInstall":null,"Comments":" ","NAVNumber":"6","LLN":55625,"POINT_X":-82.18378861,"POINT_Y":26.53017458,"Depth":6,"ID":"N0267","reviewed":"yes","Fix":"no","followup":" "}},{"type":"Feature","id":257,"geometry":{"type":"Point","coordinates":[-82.1815895027591,26.531857689482468]},"properties":{"OBJECTID_1":257,"OBJECTID":206,"GlobalID":"{58718EA8-D977-4708-A95E-68DB57684661}","created_user":null,"created_date":null,"last_edited_user":null,"last_edited_date":null,"System":"Roosevelt Channel","Color":"Green","MountingTy":"Piling Wood","NAVSize":"Small","Remarks":"Excellent","Owner":"Lee County","InspDate":1519707600000,"InspFreq":0,"NewInstall":null,"Comments":"p pile","NAVNumber":"5","LLN":55620,"POINT_X":-82.18158622,"POINT_Y":26.53185286,"Depth":8,"ID":"N0268","reviewed":"yes","Fix":"no","followup":" "}},{"type":"Feature","id":258,"geometry":{"type":"Point","coordinates":[-82.1814883045501,26.53224366832277]},"properties":{"OBJECTID_1":258,"OBJECTID":207,"GlobalID":"{732207EB-927C-496C-A6C3-73CD323A2683}","created_user":null,"created_date":null,"last_edited_user":null,"last_edited_date":null,"System":"Roosevelt Channel","Color":"Red","MountingTy":"Piling Wood","NAVSize":"Small","Remarks":"needs new pile","Owner":"Lee County","InspDate":1545109200000,"InspFreq":0,"NewInstall":1540440000000,"Comments":" ","NAVNumber":"4","LLN":55615,"POINT_X":-82.18148503,"POINT_Y":26.53223884,"Depth":8,"ID":"N0269","reviewed":"yes","Fix":"no","followup":" "}},{"type":"Feature","id":259,"geometry":{"type":"Point","coordinates":[-81.84721208315912,26.350825816045365]},"properties":{"OBJECTID_1":259,"OBJECTID":209,"GlobalID":"{E785A509-4D73-4046-B154-2EA4EE8B8266}","created_user":null,"created_date":null,"last_edited_user":null,"last_edited_date":null,"System":"Estero Bay South","Color":"Green","MountingTy":"Piling Wood","NAVSize":"Small","Remarks":"Good","Owner":"Lee County","InspDate":1541653200000,"InspFreq":12,"NewInstall":null,"Comments":" ","NAVNumber":"77","LLN":19700,"POINT_X":-81.84720891,"POINT_Y":26.35082102,"Depth":6,"ID":"N0271","reviewed":"yes","Fix":"no","followup":" "}},{"type":"Feature","id":260,"geometry":{"type":"Point","coordinates":[-81.84632942728385,26.350027457084405]},"properties":{"OBJECTID_1":260,"OBJECTID":210,"GlobalID":"{C92FA0D5-488B-4AA0-97C2-1E150FB8DE2F}","created_user":null,"created_date":null,"last_edited_user":null,"last_edited_date":null,"System":"Estero Bay South","Color":"Red","MountingTy":"Piling Wood","NAVSize":"Small","Remarks":"Good","Owner":"Lee County","InspDate":1541653200000,"InspFreq":12,"NewInstall":1487653200000,"Comments":" ","NAVNumber":"78","LLN":19701,"POINT_X":-81.84632625,"POINT_Y":26.35002266,"Depth":6,"ID":"N0272","reviewed":"yes","Fix":"no","followup":" "}},{"type":"Feature","id":261,"geometry":{"type":"Point","coordinates":[-81.84578587569695,26.34993848300715]},"properties":{"OBJECTID_1":261,"OBJECTID":211,"GlobalID":"{017B9128-331D-4626-B07C-D546F89C8B38}","created_user":null,"created_date":null,"last_edited_user":null,"last_edited_date":null,"System":"Estero Bay South","Color":"Green","MountingTy":"Piling Wood","NAVSize":"Small","Remarks":"Good","Owner":"Lee County","InspDate":1541653200000,"InspFreq":12,"NewInstall":1513746000000,"Comments":" ","NAVNumber":"79","LLN":19703,"POINT_X":-81.8457827,"POINT_Y":26.34993369,"Depth":6,"ID":"N0273","reviewed":"yes","Fix":"no","followup":" "}},{"type":"Feature","id":262,"geometry":{"type":"Point","coordinates":[-81.84493230846394,26.34950670848277]},"properties":{"OBJECTID_1":262,"OBJECTID":212,"GlobalID":"{7247A2FF-E97F-48EB-95F6-0EA753AEF6B1}","created_user":null,"created_date":null,"last_edited_user":null,"last_edited_date":null,"System":"Estero Bay South","Color":"Red","MountingTy":"Piling Wood","NAVSize":"Small","Remarks":"Good","Owner":"Lee County","InspDate":1541653200000,"InspFreq":12,"NewInstall":1505188800000,"Comments":" ","NAVNumber":"80","LLN":19705,"POINT_X":-81.84492913,"POINT_Y":26.34950191,"Depth":6,"ID":"N0274","reviewed":"Yes","Fix":"yes","followup":" "}},{"type":"Feature","id":263,"geometry":{"type":"Point","coordinates":[-81.84496192205754,26.349669919218652]},"properties":{"OBJECTID_1":263,"OBJECTID":213,"GlobalID":"{58DDAC6B-1720-4899-9E17-6E8671F75134}","created_user":null,"created_date":null,"last_edited_user":null,"last_edited_date":null,"System":"Estero Bay South","Color":"Green","MountingTy":"Piling Wood","NAVSize":"Small","Remarks":"Good","Owner":"Lee County","InspDate":1541653200000,"InspFreq":12,"NewInstall":null,"Comments":" ","NAVNumber":"81","LLN":19710,"POINT_X":-81.84495875,"POINT_Y":26.34966512,"Depth":6,"ID":"N0275","reviewed":"yes","Fix":"yes","followup":" "}},{"type":"Feature","id":264,"geometry":{"type":"Point","coordinates":[-81.84403317896631,26.35015849843323]},"properties":{"OBJECTID_1":264,"OBJECTID":214,"GlobalID":"{ACEAFA8F-76D3-4B4B-91D9-A3F829444ACD}","created_user":null,"created_date":null,"last_edited_user":null,"last_edited_date":null,"System":"Estero Bay South","Color":"Red","MountingTy":"Piling Wood","NAVSize":"Small","Remarks":"Good","Owner":"Lee County","InspDate":1541653200000,"InspFreq":12,"NewInstall":1487653200000,"Comments":" ","NAVNumber":"82","LLN":19715,"POINT_X":-81.84403,"POINT_Y":26.3501537,"Depth":6,"ID":"N0276","reviewed":"yes","Fix":"no","followup":" "}},{"type":"Feature","id":265,"geometry":{"type":"Point","coordinates":[-81.8440532003107,26.350326852717778]},"properties":{"OBJECTID_1":265,"OBJECTID":215,"GlobalID":"{E37FC4FD-C1DC-436C-973A-91CC70A5EBF7}","created_user":null,"created_date":null,"last_edited_user":null,"last_edited_date":null,"System":"Estero Bay South","Color":"Green","MountingTy":"Piling Wood","NAVSize":"Small","Remarks":"Fair","Owner":"Lee County","InspDate":1541653200000,"InspFreq":12,"NewInstall":null,"Comments":" ","NAVNumber":"83","LLN":19720,"POINT_X":-81.84405002,"POINT_Y":26.35032206,"Depth":6,"ID":"N0277","reviewed":"yes","Fix":"yes","followup":" "}},{"type":"Feature","id":266,"geometry":{"type":"Point","coordinates":[-81.84264306622046,26.349753835880698]},"properties":{"OBJECTID_1":266,"OBJECTID":216,"GlobalID":"{74A1363B-5468-4175-9601-DD2F062EC61E}","created_user":null,"created_date":null,"last_edited_user":null,"last_edited_date":null,"System":"Estero Bay South","Color":"Red","MountingTy":"Piling Wood","NAVSize":"Small","Remarks":"Excellent","Owner":"Lee County","InspDate":1541566800000,"InspFreq":12,"NewInstall":1541653200000,"Comments":" ","NAVNumber":"84","LLN":19721,"POINT_X":-81.84263989,"POINT_Y":26.34974904,"Depth":4,"ID":"N0278","reviewed":"yes","Fix":"no","followup":" "}},{"type":"Feature","id":267,"geometry":{"type":"Point","coordinates":[-81.84252553736601,26.349952099569883]},"properties":{"OBJECTID_1":267,"OBJECTID":217,"GlobalID":"{86A9409F-F30A-4616-8575-32417BAD21E0}","created_user":null,"created_date":null,"last_edited_user":null,"last_edited_date":null,"System":"Estero Bay South","Color":"Green","MountingTy":"Piling Wood","NAVSize":"Small","Remarks":"Good","Owner":"Lee County","InspDate":1541566800000,"InspFreq":12,"NewInstall":1505188800000,"Comments":" ","NAVNumber":"85","LLN":19725,"POINT_X":-81.84252236,"POINT_Y":26.3499473,"Depth":6,"ID":"N0279","reviewed":"yes","Fix":"yes","followup":" "}},{"type":"Feature","id":268,"geometry":{"type":"Point","coordinates":[-81.84205870053448,26.345357678856626]},"properties":{"OBJECTID_1":268,"OBJECTID":218,"GlobalID":"{8E9E1CE2-A16D-4DAD-800B-3151443AB100}","created_user":null,"created_date":null,"last_edited_user":null,"last_edited_date":null,"System":"Estero Bay South","Color":"Green","MountingTy":"Piling Wood","NAVSize":"Small","Remarks":"Excellent","Owner":"Lee County","InspDate":1541566800000,"InspFreq":12,"NewInstall":1541566800000,"Comments":" ","NAVNumber":"89","LLN":19734,"POINT_X":-81.84205553,"POINT_Y":26.34535289,"Depth":6,"ID":"N0280","reviewed":"yes","Fix":"no","followup":" "}},{"type":"Feature","id":269,"geometry":{"type":"Point","coordinates":[-81.84277137731385,26.3448705877336]},"properties":{"OBJECTID_1":269,"OBJECTID":220,"GlobalID":"{363DB13A-3BC7-4003-BEE5-F5D9D875A1DA}","created_user":null,"created_date":null,"last_edited_user":null,"last_edited_date":null,"System":"Estero Bay South","Color":"Green","MountingTy":"Piling Wood","NAVSize":"Small","Remarks":"Good","Owner":"Lee County","InspDate":1541566800000,"InspFreq":12,"NewInstall":1515646800000,"Comments":" ","NAVNumber":"91","LLN":19740,"POINT_X":-81.8427682,"POINT_Y":26.34486579,"Depth":6,"ID":"N0281","reviewed":"Yes","Fix":"No","followup":" "}},{"type":"Feature","id":270,"geometry":{"type":"Point","coordinates":[-81.84341116140645,26.344011980043483]},"properties":{"OBJECTID_1":270,"OBJECTID":221,"GlobalID":"{B9BEDF8F-A045-4AC0-BF31-804E4AF96129}","created_user":null,"created_date":null,"last_edited_user":null,"last_edited_date":null,"System":"Estero Bay South","Color":"Red","MountingTy":"Piling Wood","NAVSize":"Small","Remarks":"Good","Owner":"Lee County","InspDate":1541566800000,"InspFreq":12,"NewInstall":null,"Comments":" ","NAVNumber":"92","LLN":19745,"POINT_X":-81.84340799,"POINT_Y":26.34400719,"Depth":6,"ID":"N0282","reviewed":"Yes","Fix":"No","followup":" "}},{"type":"Feature","id":271,"geometry":{"type":"Point","coordinates":[-81.84330897378386,26.34350686197226]},"properties":{"OBJECTID_1":271,"OBJECTID":222,"GlobalID":"{4A726083-251F-4A49-9641-AAA7B4DAB53E}","created_user":null,"created_date":null,"last_edited_user":null,"last_edited_date":null,"System":"Estero Bay South","Color":"Green","MountingTy":"Piling Wood","NAVSize":"Small","Remarks":"Good","Owner":"Lee County","InspDate":1541653200000,"InspFreq":12,"NewInstall":null,"Comments":" ","NAVNumber":"93","LLN":19750,"POINT_X":-81.8433058,"POINT_Y":26.34350207,"Depth":6,"ID":"N0283","reviewed":"Yes","Fix":"No","followup":" "}},{"type":"Feature","id":272,"geometry":{"type":"Point","coordinates":[-82.21612563092988,26.597744872217426]},"properties":{"OBJECTID_1":272,"OBJECTID":223,"GlobalID":"{673ECD8F-CE55-4A69-B0B5-D8C09C52DE7C}","created_user":null,"created_date":null,"last_edited_user":null,"last_edited_date":null,"System":"Temp","Color":"Green TRUB","MountingTy":"Buoy","NAVSize":"Small","Remarks":"Fair","Owner":"Lee County","InspDate":1501214400000,"InspFreq":12,"NewInstall":null,"Comments":"clump","NAVNumber":"temp","LLN":0,"POINT_X":-82.21612234,"POINT_Y":26.59774002,"Depth":4,"ID":"N0284","reviewed":" ","Fix":" ","followup":" "}},{"type":"Feature","id":273,"geometry":{"type":"Point","coordinates":[-82.21646949273133,26.59788926847323]},"properties":{"OBJECTID_1":273,"OBJECTID":224,"GlobalID":"{85EBDFE1-C785-432F-87A7-A1DED992D446}","created_user":null,"created_date":null,"last_edited_user":null,"last_edited_date":null,"System":"Temp","Color":"Red TRUB","MountingTy":"Buoy","NAVSize":"Small","Remarks":"needs new buoy","Owner":"Lee County","InspDate":1501214400000,"InspFreq":12,"NewInstall":null,"Comments":"clump","NAVNumber":"temp","LLN":0,"POINT_X":-82.2164662,"POINT_Y":26.59788442,"Depth":4,"ID":"N0285","reviewed":" ","Fix":" ","followup":" "}},{"type":"Feature","id":274,"geometry":{"type":"Point","coordinates":[-82.21638768652235,26.599189740508756]},"properties":{"OBJECTID_1":274,"OBJECTID":225,"GlobalID":"{2591C4A6-8246-45FD-B7C9-2D53DB8FECC3}","created_user":null,"created_date":null,"last_edited_user":null,"last_edited_date":null,"System":"Temp","Color":"Red TRUB","MountingTy":"Buoy","NAVSize":"Small","Remarks":"needs new buoy","Owner":"Lee County","InspDate":1501214400000,"InspFreq":12,"NewInstall":null,"Comments":"jer","NAVNumber":"temp","LLN":0,"POINT_X":-82.2163844,"POINT_Y":26.59918489,"Depth":2,"ID":"N0286","reviewed":" ","Fix":" ","followup":" "}},{"type":"Feature","id":275,"geometry":{"type":"Point","coordinates":[-82.2159589037046,26.599159967919302]},"properties":{"OBJECTID_1":275,"OBJECTID":226,"GlobalID":"{0A6C6D7B-5866-4359-996C-67889D263331}","created_user":null,"created_date":null,"last_edited_user":null,"last_edited_date":null,"System":"Temp","Color":"Green TRUB","MountingTy":"Buoy","NAVSize":"Small","Remarks":"missing","Owner":"Lee County","InspDate":1501214400000,"InspFreq":12,"NewInstall":null,"Comments":"clump","NAVNumber":"temp","LLN":0,"POINT_X":-82.21595561,"POINT_Y":26.59915512,"Depth":4,"ID":"N0287","reviewed":" ","Fix":" ","followup":" "}},{"type":"Feature","id":276,"geometry":{"type":"Point","coordinates":[-82.21623043571653,26.600232454688005]},"properties":{"OBJECTID_1":276,"OBJECTID":227,"GlobalID":"{65DB5F1F-9D16-40C9-9F79-72327A1BFD06}","created_user":null,"created_date":null,"last_edited_user":null,"last_edited_date":null,"System":"Temp","Color":"Red TRUB","MountingTy":"Buoy","NAVSize":"Small","Remarks":"needs new buoy","Owner":"Lee County","InspDate":1501214400000,"InspFreq":12,"NewInstall":null,"Comments":"clump","NAVNumber":"temp","LLN":0,"POINT_X":-82.21622714,"POINT_Y":26.60022761,"Depth":6,"ID":"N0288","reviewed":" ","Fix":" ","followup":" "}},{"type":"Feature","id":277,"geometry":{"type":"Point","coordinates":[-82.18254772684081,26.49330530312972]},"properties":{"OBJECTID_1":277,"OBJECTID":228,"GlobalID":"{AC6F1BF3-24D7-4E66-8423-94C42130BA4D}","created_user":null,"created_date":null,"last_edited_user":null,"last_edited_date":null,"System":"Roosevelt Channel","Color":"Green","MountingTy":"Piling Wood","NAVSize":"Small","Remarks":"Good","Owner":"Lee County","InspDate":1519707600000,"InspFreq":12,"NewInstall":null,"Comments":" ","NAVNumber":"33","LLN":55760,"POINT_X":-82.18254445,"POINT_Y":26.49330048,"Depth":4,"ID":"N0289","reviewed":"yes","Fix":"yes","followup":" "}},{"type":"Feature","id":278,"geometry":{"type":"Point","coordinates":[-82.18273230594832,26.49463478503344]},"properties":{"OBJECTID_1":278,"OBJECTID":229,"GlobalID":"{BA54627B-D40C-49F5-93E7-EE47CB6F3C5C}","created_user":null,"created_date":null,"last_edited_user":null,"last_edited_date":null,"System":"Roosevelt Channel","Color":"Green","MountingTy":"Piling Wood","NAVSize":"Small","Remarks":"Good","Owner":"Lee County","InspDate":1519707600000,"InspFreq":12,"NewInstall":null,"Comments":" ","NAVNumber":"31","LLN":55755,"POINT_X":-82.18272903,"POINT_Y":26.49462996,"Depth":4,"ID":"N0290","reviewed":"yes","Fix":"yes","followup":" "}},{"type":"Feature","id":279,"geometry":{"type":"Point","coordinates":[-82.18309766762191,26.495695385189034]},"properties":{"OBJECTID_1":279,"OBJECTID":230,"GlobalID":"{0D9436C9-0A58-4856-9D22-17BA344B7CF2}","created_user":null,"created_date":null,"last_edited_user":null,"last_edited_date":null,"System":"Roosevelt Channel","Color":"Green","MountingTy":"Piling Wood","NAVSize":"Small","Remarks":"Good","Owner":"Lee County","InspDate":1519707600000,"InspFreq":12,"NewInstall":1519707600000,"Comments":" ","NAVNumber":"29","LLN":55750,"POINT_X":-82.18309439,"POINT_Y":26.49569056,"Depth":4,"ID":"N0291","reviewed":"yes","Fix":"no","followup":" "}},{"type":"Feature","id":280,"geometry":{"type":"Point","coordinates":[-82.18345639454283,26.498344035627767]},"properties":{"OBJECTID_1":280,"OBJECTID":231,"GlobalID":"{FBC09608-FF0F-4D2A-9AA4-9F3DE3016F76}","created_user":null,"created_date":null,"last_edited_user":null,"last_edited_date":null,"System":"Roosevelt Channel","Color":"Green","MountingTy":"Piling Wood","NAVSize":"Small","Remarks":"Good","Owner":"Lee County","InspDate":1519707600000,"InspFreq":12,"NewInstall":1519707600000,"Comments":" ","NAVNumber":"27","LLN":55745,"POINT_X":-82.18345312,"POINT_Y":26.49833921,"Depth":6,"ID":"N0292","reviewed":"yes","Fix":"yes","followup":" "}},{"type":"Feature","id":281,"geometry":{"type":"Point","coordinates":[-82.18337102847288,26.49895582496935]},"properties":{"OBJECTID_1":281,"OBJECTID":232,"GlobalID":"{6740DED6-57E6-4D24-84E4-6D8223104987}","created_user":null,"created_date":null,"last_edited_user":null,"last_edited_date":null,"System":"Roosevelt Channel","Color":"Red","MountingTy":"Piling Wood","NAVSize":"Small","Remarks":"Good","Owner":"Lee County","InspDate":1519707600000,"InspFreq":12,"NewInstall":null,"Comments":" ","NAVNumber":"26","LLN":55740,"POINT_X":-82.18336775,"POINT_Y":26.498951,"Depth":4,"ID":"N0293","reviewed":"yes","Fix":"yes","followup":" "}},{"type":"Feature","id":282,"geometry":{"type":"Point","coordinates":[-81.93858636501562,26.454421494904526]},"properties":{"OBJECTID_1":282,"OBJECTID":234,"GlobalID":"{CC38E53E-4989-4698-B3FF-6F79DC697714}","created_user":null,"created_date":null,"last_edited_user":null,"last_edited_date":null,"System":"Hurricane Bay","Color":"Green","MountingTy":"Piling Wood","NAVSize":"Small","Remarks":"needs new sign","Owner":"Lee County","InspDate":1542085200000,"InspFreq":12,"NewInstall":null,"Comments":" ","NAVNumber":"1","LLN":18324,"POINT_X":-81.93858316,"POINT_Y":26.45441668,"Depth":6,"ID":"N0294","reviewed":"yes","Fix":"no","followup":" "}},{"type":"Feature","id":283,"geometry":{"type":"Point","coordinates":[-81.841496770356,26.336591689819198]},"properties":{"OBJECTID_1":283,"OBJECTID":1054,"GlobalID":"{3CE9FA54-932B-4CC4-A49F-B7ECCEFE9976}","created_user":null,"created_date":null,"last_edited_user":null,"last_edited_date":null,"System":" ","Color":"Red","MountingTy":"Piling Wood","NAVSize":"Small","Remarks":"Good","Owner":"Lee County","InspDate":1541566800000,"InspFreq":12,"NewInstall":null,"Comments":"coconutjacks","NAVNumber":"2","LLN":19786,"POINT_X":-81.8414936,"POINT_Y":26.3365869,"Depth":2,"ID":"N0295","reviewed":"Yes","Fix":"No","followup":" "}},{"type":"Feature","id":284,"geometry":{"type":"Point","coordinates":[-81.84269510361449,26.33656168987034]},"properties":{"OBJECTID_1":284,"OBJECTID":1055,"GlobalID":"{4D926D6D-0CAC-45C3-9F22-D9BE77FF002E}","created_user":null,"created_date":null,"last_edited_user":null,"last_edited_date":null,"System":" ","Color":"Green","MountingTy":"Piling Wood","NAVSize":"Small","Remarks":"Good","Owner":"Lee County","InspDate":1541653200000,"InspFreq":12,"NewInstall":null,"Comments":"cocnut jacks","NAVNumber":"3","LLN":19786.09960938,"POINT_X":-81.84269193,"POINT_Y":26.3365569,"Depth":4,"ID":"N0296","reviewed":"Yes","Fix":"No","followup":" "}},{"type":"Feature","id":285,"geometry":{"type":"Point","coordinates":[-81.84327010359452,26.33610835650654]},"properties":{"OBJECTID_1":285,"OBJECTID":1056,"GlobalID":"{4DF80564-DAC6-4AD0-8DB0-480D7D704147}","created_user":null,"created_date":null,"last_edited_user":null,"last_edited_date":null,"System":" ","Color":"Green","MountingTy":"Piling Wood","NAVSize":"Small","Remarks":"Good","Owner":"Lee County","InspDate":1541653200000,"InspFreq":12,"NewInstall":null,"Comments":"coconut jacks","NAVNumber":"5","LLN":19786.19921875,"POINT_X":-81.84326693,"POINT_Y":26.33610356,"Depth":6,"ID":"N0297","reviewed":"Yes","Fix":"No","followup":" "}},{"type":"Feature","id":286,"geometry":{"type":"Point","coordinates":[-81.86449802824255,26.39402003684812]},"properties":{"OBJECTID_1":286,"OBJECTID":235,"GlobalID":"{80682A77-8E47-46E8-83D8-612BB2A165F8}","created_user":null,"created_date":null,"last_edited_user":null,"last_edited_date":null,"System":"Estero Bay South","Color":"Green","MountingTy":"Piling Wood","NAVSize":"Small","Remarks":"Fair","Owner":"Lee County","InspDate":1541653200000,"InspFreq":12,"NewInstall":1487653200000,"Comments":" ","NAVNumber":"15","LLN":19165,"POINT_X":-81.86449484,"POINT_Y":26.39401523,"Depth":6,"ID":"N0298","reviewed":"Yes","Fix":" ","followup":"yes"}},{"type":"Feature","id":287,"geometry":{"type":"Point","coordinates":[-82.20158689356568,26.717486289834813]},"properties":{"OBJECTID_1":287,"OBJECTID":262,"GlobalID":"{1EFE889C-8B49-4A1B-9363-EE8ABDE49DBA}","created_user":null,"created_date":null,"last_edited_user":null,"last_edited_date":null,"System":"Matlacha Pass","Color":"Green","MountingTy":"Piling Wood","NAVSize":"Large","Remarks":"Excellent","Owner":"Lee County","InspDate":1531281600000,"InspFreq":12,"NewInstall":1531281600000,"Comments":"BS","NAVNumber":"99","LLN":55275.19921875,"POINT_X":-82.2015836,"POINT_Y":26.71748141,"Depth":12,"ID":"N0299","reviewed":"yes","Fix":"no","followup":" "}},{"type":"Feature","id":288,"geometry":{"type":"Point","coordinates":[-82.18159552654478,26.717597604578142]},"properties":{"OBJECTID_1":288,"OBJECTID":263,"GlobalID":"{0576D0D0-CBCE-4E8B-A6C3-F15ACC7E5289}","created_user":null,"created_date":null,"last_edited_user":null,"last_edited_date":null,"System":"Matlacha Pass","Color":"Green","MountingTy":"Piling Wood","NAVSize":"Large","Remarks":"Excellent","Owner":"Lee County","InspDate":1531281600000,"InspFreq":12,"NewInstall":1520226000000,"Comments":"BS","NAVNumber":"97","LLN":55275.1015625,"POINT_X":-82.18159224,"POINT_Y":26.71759273,"Depth":10,"ID":"N0300","reviewed":"yes","Fix":"no","followup":" "}},{"type":"Feature","id":289,"geometry":{"type":"Point","coordinates":[-82.16704565044829,26.713925989649947]},"properties":{"OBJECTID_1":289,"OBJECTID":264,"GlobalID":"{56BB4E39-0006-47F7-84FE-047A578E478B}","created_user":null,"created_date":null,"last_edited_user":null,"last_edited_date":null,"System":"Matlacha Pass","Color":"Green","MountingTy":"Piling Wood","NAVSize":"Large","Remarks":"Excellent","Owner":"Lee County","InspDate":1540440000000,"InspFreq":12,"NewInstall":1540440000000,"Comments":" ","NAVNumber":"95","LLN":55275,"POINT_X":-82.16704237,"POINT_Y":26.71392111,"Depth":10,"ID":"N0301","reviewed":"yes","Fix":"no","followup":" "}},{"type":"Feature","id":290,"geometry":{"type":"Point","coordinates":[-81.83959958373254,26.335643943686073]},"properties":{"OBJECTID_1":290,"OBJECTID":265,"GlobalID":"{2B340CA3-DF6A-4A65-AD78-F18AE7CCB80F}","created_user":null,"created_date":null,"last_edited_user":null,"last_edited_date":null,"System":"Estero Bay South","Color":"Red TRUB","MountingTy":"Piling Wood","NAVSize":"Small","Remarks":"needs new pile","Owner":"Lee County","InspDate":1543294800000,"InspFreq":12,"NewInstall":null,"Comments":" ","NAVNumber":"104","LLN":19800,"POINT_X":-81.83959641,"POINT_Y":26.33563915,"Depth":6,"ID":"N0302","reviewed":"yes","Fix":"yes","followup":" "}},{"type":"Feature","id":291,"geometry":{"type":"Point","coordinates":[-81.83831894906538,26.335896855824707]},"properties":{"OBJECTID_1":291,"OBJECTID":266,"GlobalID":"{F95CB2E4-AFBA-4A84-AB9D-DBE46F5DCAF6}","created_user":null,"created_date":null,"last_edited_user":null,"last_edited_date":null,"System":"Estero Bay South","Color":"Green Over Red","MountingTy":"Piling Wood","NAVSize":"Small","Remarks":"Good","Owner":"Lee County","InspDate":1541653200000,"InspFreq":12,"NewInstall":1487653200000,"Comments":"red lower part of A","NAVNumber":"A","LLN":19805,"POINT_X":-81.83831577,"POINT_Y":26.33589206,"Depth":6,"ID":"N0303","reviewed":"yes","Fix":"yes","followup":" "}},{"type":"Feature","id":292,"geometry":{"type":"Point","coordinates":[-81.83821384915434,26.334774793224177]},"properties":{"OBJECTID_1":292,"OBJECTID":267,"GlobalID":"{1A710512-8E20-4616-A933-FA3DD733838A}","created_user":null,"created_date":null,"last_edited_user":null,"last_edited_date":null,"System":"Estero Bay South","Color":"Red","MountingTy":"Piling Wood","NAVSize":"Small","Remarks":"Good","Owner":"Lee County","InspDate":1541653200000,"InspFreq":12,"NewInstall":null,"Comments":" ","NAVNumber":"106","LLN":19810,"POINT_X":-81.83821067,"POINT_Y":26.33477,"Depth":4,"ID":"N0304","reviewed":"yes","Fix":"yes","followup":" "}},{"type":"Feature","id":293,"geometry":{"type":"Point","coordinates":[-81.83860945945217,26.33397933548943]},"properties":{"OBJECTID_1":293,"OBJECTID":268,"GlobalID":"{F8651FB4-067E-49A7-9B20-98994C4D439D}","created_user":null,"created_date":null,"last_edited_user":null,"last_edited_date":null,"System":"Estero Bay South","Color":"Red","MountingTy":"Piling Wood","NAVSize":"Small","Remarks":"Good","Owner":"Lee County","InspDate":1541653200000,"InspFreq":12,"NewInstall":1520226000000,"Comments":" ","NAVNumber":"108","LLN":19815,"POINT_X":-81.83860629,"POINT_Y":26.33397454,"Depth":4,"ID":"N0305","reviewed":"yes","Fix":"yes","followup":" "}},{"type":"Feature","id":294,"geometry":{"type":"Point","coordinates":[-81.8395115946445,26.33328372187858]},"properties":{"OBJECTID_1":294,"OBJECTID":269,"GlobalID":"{860818B0-058B-4119-91B4-0D923D62B181}","created_user":null,"created_date":null,"last_edited_user":null,"last_edited_date":null,"System":"Estero Bay South","Color":"Red","MountingTy":"Piling Wood","NAVSize":"Small","Remarks":"Good","Owner":"Lee County","InspDate":1541653200000,"InspFreq":12,"NewInstall":null,"Comments":" ","NAVNumber":"110","LLN":19820,"POINT_X":-81.83950842,"POINT_Y":26.33327893,"Depth":4,"ID":"N0306","reviewed":"yes","Fix":"no","followup":" "}},{"type":"Feature","id":295,"geometry":{"type":"Point","coordinates":[-81.83925341578488,26.33254355545028]},"properties":{"OBJECTID_1":295,"OBJECTID":270,"GlobalID":"{2B027A70-381C-49E1-A5A2-6F2295AF439C}","created_user":null,"created_date":null,"last_edited_user":null,"last_edited_date":null,"System":"Estero Bay South","Color":"Green","MountingTy":"Piling Wood","NAVSize":"Small","Remarks":"Good","Owner":"Lee County","InspDate":1541653200000,"InspFreq":12,"NewInstall":null,"Comments":" ","NAVNumber":"111","LLN":19825,"POINT_X":-81.83925024,"POINT_Y":26.33253876,"Depth":4,"ID":"N0307","reviewed":"yes","Fix":"no","followup":" "}},{"type":"Feature","id":296,"geometry":{"type":"Point","coordinates":[-81.83891242490458,26.332100911666707]},"properties":{"OBJECTID_1":296,"OBJECTID":271,"GlobalID":"{042C39C8-E1DE-4D18-84D8-63974AEF035D}","created_user":null,"created_date":null,"last_edited_user":null,"last_edited_date":null,"System":"Estero Bay South","Color":"Green","MountingTy":"Piling Wood","NAVSize":"Small","Remarks":"Good","Owner":"Lee County","InspDate":1541653200000,"InspFreq":12,"NewInstall":null,"Comments":" ","NAVNumber":"113","LLN":19830,"POINT_X":-81.83890925,"POINT_Y":26.33209612,"Depth":4,"ID":"N0308","reviewed":"yes","Fix":"no","followup":" "}},{"type":"Feature","id":297,"geometry":{"type":"Point","coordinates":[-81.83903342449891,26.332006521048275]},"properties":{"OBJECTID_1":297,"OBJECTID":272,"GlobalID":"{B1348F3C-B965-428A-A510-0D165F89ED96}","created_user":null,"created_date":null,"last_edited_user":null,"last_edited_date":null,"System":"Estero Bay South","Color":"Red","MountingTy":"Piling Wood","NAVSize":"Small","Remarks":"Good","Owner":"Lee County","InspDate":1541653200000,"InspFreq":12,"NewInstall":null,"Comments":" ","NAVNumber":"114","LLN":19835,"POINT_X":-81.83903025,"POINT_Y":26.33200173,"Depth":4,"ID":"N0309","reviewed":"yes","Fix":"no","followup":" "}},{"type":"Feature","id":298,"geometry":{"type":"Point","coordinates":[-81.83730695966207,26.331760998313655]},"properties":{"OBJECTID_1":298,"OBJECTID":273,"GlobalID":"{E7599DB3-33C8-4790-9F52-6C63AF7A507C}","created_user":null,"created_date":null,"last_edited_user":null,"last_edited_date":null,"System":"Estero Bay South","Color":"Green","MountingTy":"Piling Wood","NAVSize":"Small","Remarks":"Good","Owner":"Lee County","InspDate":1541653200000,"InspFreq":12,"NewInstall":null,"Comments":"leaning","NAVNumber":"115","LLN":19840,"POINT_X":-81.83730379,"POINT_Y":26.33175621,"Depth":4,"ID":"N0310","reviewed":"yes","Fix":"yes","followup":" "}},{"type":"Feature","id":299,"geometry":{"type":"Point","coordinates":[-81.83706427142803,26.331480558360067]},"properties":{"OBJECTID_1":299,"OBJECTID":274,"GlobalID":"{7B8B3F97-C0B1-4459-BDF3-6F10C4A02025}","created_user":null,"created_date":null,"last_edited_user":null,"last_edited_date":null,"System":"Estero Bay South","Color":"Green","MountingTy":"Piling Wood","NAVSize":"Small","Remarks":"Good","Owner":"Lee County","InspDate":1541653200000,"InspFreq":12,"NewInstall":null,"Comments":" ","NAVNumber":"117","LLN":19845,"POINT_X":-81.8370611,"POINT_Y":26.33147577,"Depth":4,"ID":"N0311","reviewed":"yes","Fix":"yes","followup":" "}},{"type":"Feature","id":300,"geometry":{"type":"Point","coordinates":[-81.83701588357246,26.331177403678737]},"properties":{"OBJECTID_1":300,"OBJECTID":275,"GlobalID":"{68C8F4CC-08F8-44B5-AAE9-2B53B05CF80C}","created_user":null,"created_date":null,"last_edited_user":null,"last_edited_date":null,"System":"Estero Bay South","Color":"Green","MountingTy":"Piling Wood","NAVSize":"Small","Remarks":"Good","Owner":"Lee County","InspDate":1541653200000,"InspFreq":12,"NewInstall":null,"Comments":" ","NAVNumber":"119","LLN":19850,"POINT_X":-81.83701271,"POINT_Y":26.33117261,"Depth":4,"ID":"N0312","reviewed":"yes","Fix":"yes","followup":" "}},{"type":"Feature","id":301,"geometry":{"type":"Point","coordinates":[-82.18004177024302,26.489636689114338]},"properties":{"OBJECTID_1":301,"OBJECTID":1207,"GlobalID":"{C82CE553-1E70-4CF0-A847-4570A9E8AC3A}","created_user":null,"created_date":null,"last_edited_user":null,"last_edited_date":null,"System":"Blind Pass","Color":"Green TRUB","MountingTy":"Buoy","NAVSize":"Large","Remarks":"Good","Owner":"Lee County","InspDate":1525838400000,"InspFreq":12,"NewInstall":1499227200000,"Comments":"B600","NAVNumber":" ","LLN":0,"POINT_X":-82.18003849,"POINT_Y":26.48963187,"Depth":4,"ID":"N1069","reviewed":" ","Fix":" ","followup":" "}},{"type":"Feature","id":302,"geometry":{"type":"Point","coordinates":[-82.18009343687069,26.489900022379388]},"properties":{"OBJECTID_1":302,"OBJECTID":1208,"GlobalID":"{0C53ADFC-500D-4717-A7EA-BA66ACC8CE5D}","created_user":null,"created_date":null,"last_edited_user":null,"last_edited_date":null,"System":"Blind Pass","Color":"Red TRUB","MountingTy":"Buoy","NAVSize":"Large","Remarks":"Good","Owner":"Lee County","InspDate":1525838400000,"InspFreq":12,"NewInstall":1499227200000,"Comments":"B-600","NAVNumber":" ","LLN":0,"POINT_X":-82.18009016,"POINT_Y":26.4898952,"Depth":4,"ID":"N1070","reviewed":" ","Fix":" ","followup":" "}},{"type":"Feature","id":303,"geometry":{"type":"Point","coordinates":[-81.83716036713331,26.3306515450409]},"properties":{"OBJECTID_1":303,"OBJECTID":277,"GlobalID":"{3EFF1DA1-DBD7-489F-B2AC-8B33760D36DA}","created_user":null,"created_date":null,"last_edited_user":null,"last_edited_date":null,"System":"Estero Bay South","Color":"Red","MountingTy":"Piling Wood","NAVSize":"Small","Remarks":"Fair","Owner":"Lee County","InspDate":1541653200000,"InspFreq":12,"NewInstall":null,"Comments":" ","NAVNumber":"122","LLN":19860,"POINT_X":-81.83715719,"POINT_Y":26.33064675,"Depth":6,"ID":"N0314","reviewed":"yes","Fix":"yes","followup":" "}},{"type":"Feature","id":304,"geometry":{"type":"Point","coordinates":[-81.82312529002387,26.691186863627088]},"properties":{"OBJECTID_1":304,"OBJECTID":278,"GlobalID":"{EE11E549-056A-4829-8A4A-BC42FB5F6DA0}","created_user":null,"created_date":null,"last_edited_user":null,"last_edited_date":null,"System":"Daughtrey Crk App.","Color":"Green","MountingTy":"Piling Wood","NAVSize":"Small","Remarks":"needs new sign","Owner":"Lee County","InspDate":1536120000000,"InspFreq":12,"NewInstall":null,"Comments":" ","NAVNumber":"1","LLN":52240,"POINT_X":-81.82312211,"POINT_Y":26.69118198,"Depth":6,"ID":"N0315","reviewed":"yes","Fix":"no","followup":" "}},{"type":"Feature","id":305,"geometry":{"type":"Point","coordinates":[-81.82303631799203,26.691830564801023]},"properties":{"OBJECTID_1":305,"OBJECTID":279,"GlobalID":"{210C1EE6-8247-4EB6-83CB-0D69B4AA5F02}","created_user":null,"created_date":null,"last_edited_user":null,"last_edited_date":null,"System":"Daughtrey Crk App.","Color":"Red","MountingTy":"Piling Wood","NAVSize":"Small","Remarks":"needs new sign","Owner":"Lee County","InspDate":1536120000000,"InspFreq":12,"NewInstall":null,"Comments":" ","NAVNumber":"2","LLN":52245,"POINT_X":-81.82303314,"POINT_Y":26.69182568,"Depth":6,"ID":"N0316","reviewed":"yes","Fix":"no","followup":" "}},{"type":"Feature","id":306,"geometry":{"type":"Point","coordinates":[-81.82439669025216,26.691141936219438]},"properties":{"OBJECTID_1":306,"OBJECTID":280,"GlobalID":"{1777684F-53AB-4A22-AE86-A25DBF70B6E1}","created_user":null,"created_date":null,"last_edited_user":null,"last_edited_date":null,"System":"Daughtrey Crk App.","Color":"Green","MountingTy":"Piling Wood","NAVSize":"Small","Remarks":"needs new sign","Owner":"Lee County","InspDate":1536120000000,"InspFreq":12,"NewInstall":null,"Comments":" ","NAVNumber":"3","LLN":52250,"POINT_X":-81.82439351,"POINT_Y":26.69113706,"Depth":6,"ID":"N0317","reviewed":"yes","Fix":"no","followup":" "}},{"type":"Feature","id":307,"geometry":{"type":"Point","coordinates":[-81.85869526481814,26.67144648297199]},"properties":{"OBJECTID_1":307,"OBJECTID":281,"GlobalID":"{A46EA6B4-7058-4C0D-93FB-6066BCBF7F2C}","created_user":null,"created_date":null,"last_edited_user":null,"last_edited_date":null,"System":"Old Bridge Pk East","Color":"Red","MountingTy":"Piling Wood","NAVSize":"Small","Remarks":"Good","Owner":"Lee County","InspDate":1536120000000,"InspFreq":12,"NewInstall":1464235200000,"Comments":" ","NAVNumber":"4","LLN":52505,"POINT_X":-81.85869208,"POINT_Y":26.67144161,"Depth":6,"ID":"N0318","reviewed":"yes","Fix":"yes","followup":" "}},{"type":"Feature","id":308,"geometry":{"type":"Point","coordinates":[-82.16086956865846,26.71433734902296]},"properties":{"OBJECTID_1":308,"OBJECTID":282,"GlobalID":"{E97DF1A9-BB5B-4ADE-A8F6-7C2AA6A097AE}","created_user":null,"created_date":null,"last_edited_user":null,"last_edited_date":null,"System":"Matlacha Pass","Color":"Red","MountingTy":"Piling Wood","NAVSize":"Large","Remarks":"Excellent","Owner":"Lee County","InspDate":1531281600000,"InspFreq":12,"NewInstall":1531281600000,"Comments":"BS","NAVNumber":"94","LLN":55270,"POINT_X":-82.16086629,"POINT_Y":26.71433247,"Depth":10,"ID":"N0319","reviewed":"yes","Fix":"yes","followup":" "}},{"type":"Feature","id":309,"geometry":{"type":"Point","coordinates":[-82.15589020207345,26.713985783996208]},"properties":{"OBJECTID_1":309,"OBJECTID":283,"GlobalID":"{90CD71F4-EDA9-4F9A-ABB6-D132F3F77816}","created_user":null,"created_date":null,"last_edited_user":null,"last_edited_date":null,"System":"Matlacha Pass","Color":"Green","MountingTy":"Piling Wood","NAVSize":"Large","Remarks":"Excellent","Owner":"Lee County","InspDate":1531281600000,"InspFreq":12,"NewInstall":1531281600000,"Comments":"BS","NAVNumber":"93","LLN":55265,"POINT_X":-82.15588693,"POINT_Y":26.71398091,"Depth":14,"ID":"N0320","reviewed":"yes","Fix":"no","followup":" "}},{"type":"Feature","id":310,"geometry":{"type":"Point","coordinates":[-82.15424157697689,26.715099441017436]},"properties":{"OBJECTID_1":310,"OBJECTID":284,"GlobalID":"{E63DD817-CE5D-4D4A-B7C0-405DF90B8B76}","created_user":null,"created_date":null,"last_edited_user":null,"last_edited_date":null,"System":"Matlacha Pass","Color":"Red","MountingTy":"Piling Wood","NAVSize":"Large","Remarks":"Excellent","Owner":"Lee County","InspDate":1531281600000,"InspFreq":12,"NewInstall":1531281600000,"Comments":"BS","NAVNumber":"92","LLN":55260,"POINT_X":-82.1542383,"POINT_Y":26.71509456,"Depth":12,"ID":"N0321","reviewed":"yes","Fix":"yes","followup":" "}},{"type":"Feature","id":311,"geometry":{"type":"Point","coordinates":[-82.14665869753837,26.715440331771088]},"properties":{"OBJECTID_1":311,"OBJECTID":285,"GlobalID":"{4B85D6D0-3E0E-45FE-91C1-EBDCD1BF682B}","created_user":null,"created_date":null,"last_edited_user":null,"last_edited_date":null,"System":"Matlacha Pass","Color":"Green","MountingTy":"Piling Wood","NAVSize":"Large","Remarks":"Excellent","Owner":"Lee County","InspDate":1531281600000,"InspFreq":12,"NewInstall":1531281600000,"Comments":"BS","NAVNumber":"91","LLN":55255,"POINT_X":-82.14665542,"POINT_Y":26.71543545,"Depth":10,"ID":"N0322","reviewed":"yes","Fix":"yes","followup":" "}},{"type":"Feature","id":312,"geometry":{"type":"Point","coordinates":[-82.13799848712448,26.71631421938305]},"properties":{"OBJECTID_1":312,"OBJECTID":286,"GlobalID":"{B1FEFA25-F908-4821-91BF-235F9E8313A3}","created_user":null,"created_date":null,"last_edited_user":null,"last_edited_date":null,"System":"Matlacha Pass","Color":"Green","MountingTy":"Piling Wood","NAVSize":"Large","Remarks":"Excellent","Owner":"Lee County","InspDate":1531281600000,"InspFreq":12,"NewInstall":1531281600000,"Comments":"BS","NAVNumber":"89","LLN":55250,"POINT_X":-82.13799522,"POINT_Y":26.71630934,"Depth":10,"ID":"N0323","reviewed":"yes","Fix":"yes","followup":" "}},{"type":"Feature","id":313,"geometry":{"type":"Point","coordinates":[-82.13142753035146,26.716237609646026]},"properties":{"OBJECTID_1":313,"OBJECTID":287,"GlobalID":"{2A04F6AD-A3EF-42C5-8652-9C86DBCDF829}","created_user":null,"created_date":null,"last_edited_user":null,"last_edited_date":null,"System":"Matlacha Pass","Color":"Green","MountingTy":"Piling Wood","NAVSize":"Large","Remarks":"Excellent","Owner":"Lee County","InspDate":1531195200000,"InspFreq":12,"NewInstall":1531195200000,"Comments":" ","NAVNumber":"87","LLN":55245,"POINT_X":-82.13142426,"POINT_Y":26.71623273,"Depth":10,"ID":"N0324","reviewed":"yes","Fix":"yes","followup":" "}},{"type":"Feature","id":314,"geometry":{"type":"Point","coordinates":[-81.87922848583837,26.421603941108422]},"properties":{"OBJECTID_1":314,"OBJECTID":288,"GlobalID":"{45926B84-18BA-44BF-93EF-068EADA50073}","created_user":null,"created_date":null,"last_edited_user":null,"last_edited_date":null,"System":"Mullock Crk","Color":"Red","MountingTy":"Piling Wood","NAVSize":"Large","Remarks":"Excellent","Owner":"Lee County","InspDate":1513573200000,"InspFreq":12,"NewInstall":1487653200000,"Comments":" ","NAVNumber":"2A","LLN":18760,"POINT_X":-81.8792253,"POINT_Y":26.42159913,"Depth":6,"ID":"N0325","reviewed":"yes","Fix":"no","followup":" "}},{"type":"Feature","id":315,"geometry":{"type":"Point","coordinates":[-81.87591047145547,26.42601742217417]},"properties":{"OBJECTID_1":315,"OBJECTID":289,"GlobalID":"{0EDC44DD-661C-4C71-8F5D-51712B541687}","created_user":null,"created_date":null,"last_edited_user":null,"last_edited_date":null,"System":"Mullock Crk","Color":"Green","MountingTy":"Piling Wood","NAVSize":"Large","Remarks":"Good","Owner":"Lee County","InspDate":1513573200000,"InspFreq":12,"NewInstall":null,"Comments":" ","NAVNumber":"3","LLN":18765,"POINT_X":-81.87590728,"POINT_Y":26.42601261,"Depth":6,"ID":"N0326","reviewed":"yes","Fix":"no","followup":" "}},{"type":"Feature","id":316,"geometry":{"type":"Point","coordinates":[-81.87564272610514,26.42787504162476]},"properties":{"OBJECTID_1":316,"OBJECTID":290,"GlobalID":"{F0421629-1D6C-4604-A5D0-17B40D9F5BE4}","created_user":null,"created_date":null,"last_edited_user":null,"last_edited_date":null,"System":"Mullock Crk","Color":"Green","MountingTy":"Piling Wood","NAVSize":"Small","Remarks":"Good","Owner":"Lee County","InspDate":1513573200000,"InspFreq":12,"NewInstall":null,"Comments":" ","NAVNumber":"3A","LLN":18770,"POINT_X":-81.87563954,"POINT_Y":26.42787023,"Depth":6,"ID":"N0327","reviewed":"yes","Fix":"no","followup":" "}},{"type":"Feature","id":317,"geometry":{"type":"Point","coordinates":[-81.87546474795809,26.43048869660302]},"properties":{"OBJECTID_1":317,"OBJECTID":291,"GlobalID":"{0EB4FE83-5B24-4901-BEF2-139E94AD2D70}","created_user":null,"created_date":null,"last_edited_user":null,"last_edited_date":null,"System":"Mullock Crk","Color":"Red","MountingTy":"Piling Wood","NAVSize":"Small","Remarks":"Good","Owner":"Lee County","InspDate":1513573200000,"InspFreq":12,"NewInstall":null,"Comments":" ","NAVNumber":"4","LLN":18775,"POINT_X":-81.87546156,"POINT_Y":26.43048388,"Depth":6,"ID":"N0328","reviewed":"yes","Fix":"no","followup":" "}},{"type":"Feature","id":318,"geometry":{"type":"Point","coordinates":[-81.87646748259904,26.432658536513564]},"properties":{"OBJECTID_1":318,"OBJECTID":292,"GlobalID":"{BB74CA22-375E-488F-9499-0AADB64B4914}","created_user":null,"created_date":null,"last_edited_user":null,"last_edited_date":null,"System":"Mullock Crk","Color":"Red","MountingTy":"Piling Wood","NAVSize":"Small","Remarks":"Excellent","Owner":"Lee County","InspDate":1516165200000,"InspFreq":12,"NewInstall":1516165200000,"Comments":" ","NAVNumber":"4A","LLN":18780,"POINT_X":-81.87646429,"POINT_Y":26.43265372,"Depth":6,"ID":"N0329","reviewed":"yes","Fix":"no","followup":" "}},{"type":"Feature","id":319,"geometry":{"type":"Point","coordinates":[-81.87743394506704,26.436334530265455]},"properties":{"OBJECTID_1":319,"OBJECTID":293,"GlobalID":"{A45F6745-53DE-4DDA-8DAB-FAD578FC6E77}","created_user":null,"created_date":null,"last_edited_user":null,"last_edited_date":null,"System":"Mullock Crk","Color":"Green","MountingTy":"Piling Wood","NAVSize":"Small","Remarks":"Good","Owner":"Lee County","InspDate":1513573200000,"InspFreq":12,"NewInstall":null,"Comments":" ","NAVNumber":"5","LLN":18785,"POINT_X":-81.87743076,"POINT_Y":26.43632971,"Depth":6,"ID":"N0330","reviewed":"yes","Fix":"no","followup":" "}},{"type":"Feature","id":320,"geometry":{"type":"Point","coordinates":[-81.87679831543052,26.439492578580598]},"properties":{"OBJECTID_1":320,"OBJECTID":294,"GlobalID":"{41CB9B6A-EBD7-44CA-8D75-9DF59C70F752}","created_user":null,"created_date":null,"last_edited_user":null,"last_edited_date":null,"System":"Mullock Crk","Color":"Red","MountingTy":"Piling Wood","NAVSize":"Small","Remarks":"Good","Owner":"Lee County","InspDate":1513573200000,"InspFreq":12,"NewInstall":null,"Comments":"Leaning","NAVNumber":"6","LLN":18790,"POINT_X":-81.87679513,"POINT_Y":26.43948776,"Depth":6,"ID":"N0331","reviewed":"yes","Fix":"no","followup":" "}},{"type":"Feature","id":321,"geometry":{"type":"Point","coordinates":[-81.87654746139903,26.441400901148846]},"properties":{"OBJECTID_1":321,"OBJECTID":295,"GlobalID":"{E347A48F-F06E-4379-B84E-234F6AD42FE2}","created_user":null,"created_date":null,"last_edited_user":null,"last_edited_date":null,"System":"Mullock Crk","Color":"Red","MountingTy":"Piling Wood","NAVSize":"Small","Remarks":"Good","Owner":"Lee County","InspDate":1516683600000,"InspFreq":12,"NewInstall":1516683600000,"Comments":" ","NAVNumber":"6A","LLN":18795,"POINT_X":-81.87654427,"POINT_Y":26.44139608,"Depth":4,"ID":"N0332","reviewed":"yes","Fix":"no","followup":" "}},{"type":"Feature","id":322,"geometry":{"type":"Point","coordinates":[-81.87625260017799,26.442885193861677]},"properties":{"OBJECTID_1":322,"OBJECTID":296,"GlobalID":"{D8FA4C8A-70DE-427F-9D90-5A65FDFD534B}","created_user":null,"created_date":null,"last_edited_user":null,"last_edited_date":null,"System":"Mullock Crk","Color":"Green","MountingTy":"Piling Wood","NAVSize":"Small","Remarks":"Good","Owner":"Lee County","InspDate":1513573200000,"InspFreq":12,"NewInstall":null,"Comments":" ","NAVNumber":"7","LLN":18800,"POINT_X":-81.87624941,"POINT_Y":26.44288038,"Depth":6,"ID":"N0333","reviewed":"yes","Fix":"no","followup":" "}},{"type":"Feature","id":323,"geometry":{"type":"Point","coordinates":[-81.87389953048861,26.445759429184864]},"properties":{"OBJECTID_1":323,"OBJECTID":297,"GlobalID":"{241F7BB2-CFBB-4311-AE04-D6E71B431504}","created_user":null,"created_date":null,"last_edited_user":null,"last_edited_date":null,"System":"Mullock Crk","Color":"Red","MountingTy":"Piling Wood","NAVSize":"Small","Remarks":"Good","Owner":"Lee County","InspDate":1513573200000,"InspFreq":12,"NewInstall":null,"Comments":" ","NAVNumber":"8","LLN":18805,"POINT_X":-81.87389634,"POINT_Y":26.44575461,"Depth":6,"ID":"N0334","reviewed":"yes","Fix":"no","followup":" "}},{"type":"Feature","id":324,"geometry":{"type":"Point","coordinates":[-81.87250185036463,26.447813317513244]},"properties":{"OBJECTID_1":324,"OBJECTID":298,"GlobalID":"{A8A091CE-D7F0-4924-84DA-69EE842E264B}","created_user":null,"created_date":null,"last_edited_user":null,"last_edited_date":null,"System":"Mullock Crk","Color":"Red","MountingTy":"Piling Wood","NAVSize":"Small","Remarks":"Excellent","Owner":"Lee County","InspDate":1513573200000,"InspFreq":12,"NewInstall":null,"Comments":" ","NAVNumber":"8A","LLN":18810,"POINT_X":-81.87249866,"POINT_Y":26.4478085,"Depth":4,"ID":"N0335","reviewed":"yes","Fix":"no","followup":" "}},{"type":"Feature","id":325,"geometry":{"type":"Point","coordinates":[-81.87150651615612,26.449712645904356]},"properties":{"OBJECTID_1":325,"OBJECTID":299,"GlobalID":"{3777D236-FB51-4F4E-BC54-E28EECEF9F2F}","created_user":null,"created_date":null,"last_edited_user":null,"last_edited_date":null,"System":"Mullock Crk","Color":"Green","MountingTy":"Piling Wood","NAVSize":"Small","Remarks":"Good","Owner":"Lee County","InspDate":1513573200000,"InspFreq":12,"NewInstall":null,"Comments":" ","NAVNumber":"9","LLN":18820,"POINT_X":-81.87150333,"POINT_Y":26.44970783,"Depth":4,"ID":"N0336","reviewed":"yes","Fix":"no","followup":" "}},{"type":"Feature","id":326,"geometry":{"type":"Point","coordinates":[-81.86980465315186,26.45220718670582]},"properties":{"OBJECTID_1":326,"OBJECTID":300,"GlobalID":"{AB19FF27-E6B1-4A8E-9F7B-66F9BC931B4C}","created_user":null,"created_date":null,"last_edited_user":null,"last_edited_date":null,"System":"Mullock Crk","Color":"Red","MountingTy":"Piling Wood","NAVSize":"Small","Remarks":"Good","Owner":"Lee County","InspDate":1513573200000,"InspFreq":12,"NewInstall":null,"Comments":" ","NAVNumber":"10","LLN":18825,"POINT_X":-81.86980147,"POINT_Y":26.45220237,"Depth":4,"ID":"N0337","reviewed":"yes","Fix":"no","followup":" "}},{"type":"Feature","id":327,"geometry":{"type":"Point","coordinates":[-81.87015445711799,26.453179900957227]},"properties":{"OBJECTID_1":327,"OBJECTID":301,"GlobalID":"{7CAA142D-7B1A-4DAB-A81B-9CA223F0B7B0}","created_user":null,"created_date":null,"last_edited_user":null,"last_edited_date":null,"System":"Mullock Crk","Color":"Green","MountingTy":"Piling Wood","NAVSize":"Small","Remarks":"Good","Owner":"Lee County","InspDate":1513573200000,"InspFreq":12,"NewInstall":null,"Comments":" ","NAVNumber":"11","LLN":18830,"POINT_X":-81.87015127,"POINT_Y":26.45317508,"Depth":4,"ID":"N0338","reviewed":"yes","Fix":"no","followup":" "}},{"type":"Feature","id":328,"geometry":{"type":"Point","coordinates":[-81.86902898518949,26.455953925706087]},"properties":{"OBJECTID_1":328,"OBJECTID":302,"GlobalID":"{8F185842-4D2B-4558-B755-E6532C80277E}","created_user":null,"created_date":null,"last_edited_user":null,"last_edited_date":null,"System":"Mullock Crk","Color":"Green","MountingTy":"Piling Wood","NAVSize":"Small","Remarks":"Good","Owner":"Lee County","InspDate":1513573200000,"InspFreq":12,"NewInstall":null,"Comments":" ","NAVNumber":"13","LLN":18835,"POINT_X":-81.8690258,"POINT_Y":26.4559491,"Depth":6,"ID":"N0339","reviewed":"yes","Fix":"no","followup":" "}},{"type":"Feature","id":329,"geometry":{"type":"Point","coordinates":[-81.86830669672138,26.45981572638033]},"properties":{"OBJECTID_1":329,"OBJECTID":303,"GlobalID":"{23D1AF25-2EAB-4171-B0E3-C8856C4FEF91}","created_user":null,"created_date":null,"last_edited_user":null,"last_edited_date":null,"System":"Mullock Crk","Color":"Green","MountingTy":"Piling Wood","NAVSize":"Small","Remarks":"Good","Owner":"Lee County","InspDate":1513573200000,"InspFreq":12,"NewInstall":null,"Comments":" ","NAVNumber":"15","LLN":18840,"POINT_X":-81.86830351,"POINT_Y":26.4598109,"Depth":6,"ID":"N0340","reviewed":"yes","Fix":"no","followup":" "}},{"type":"Feature","id":330,"geometry":{"type":"Point","coordinates":[-81.86747705103792,26.46127524344263]},"properties":{"OBJECTID_1":330,"OBJECTID":304,"GlobalID":"{F01B97C2-B1DE-43A3-BC7E-B30C5F6D78F2}","created_user":null,"created_date":null,"last_edited_user":null,"last_edited_date":null,"System":"Mullock Crk","Color":"Red","MountingTy":"Piling Wood","NAVSize":"Small","Remarks":"Good","Owner":"Lee County","InspDate":1516683600000,"InspFreq":12,"NewInstall":1516683600000,"Comments":" ","NAVNumber":"16","LLN":18845,"POINT_X":-81.86747386,"POINT_Y":26.46127042,"Depth":4,"ID":"N0341","reviewed":"yes","Fix":"no","followup":" "}},{"type":"Feature","id":331,"geometry":{"type":"Point","coordinates":[-81.86657533187498,26.462705517525077]},"properties":{"OBJECTID_1":331,"OBJECTID":305,"GlobalID":"{A50D60BA-C0A8-470B-8685-64B48607D3D0}","created_user":null,"created_date":null,"last_edited_user":null,"last_edited_date":null,"System":"Mullock Crk","Color":"Red","MountingTy":"Piling Wood","NAVSize":"Small","Remarks":"Excellent","Owner":"Lee County","InspDate":1516683600000,"InspFreq":12,"NewInstall":1516683600000,"Comments":" ","NAVNumber":"18","LLN":18850,"POINT_X":-81.86657215,"POINT_Y":26.46270069,"Depth":4,"ID":"N0342","reviewed":"yes","Fix":"yes","followup":" "}},{"type":"Feature","id":332,"geometry":{"type":"Point","coordinates":[-81.86604609804044,26.463745622773462]},"properties":{"OBJECTID_1":332,"OBJECTID":306,"GlobalID":"{93B038C0-A853-4626-B313-B68E13342F6E}","created_user":null,"created_date":null,"last_edited_user":null,"last_edited_date":null,"System":"Mullock Crk","Color":"Red","MountingTy":"Piling Wood","NAVSize":"Small","Remarks":"Good","Owner":"Lee County","InspDate":1513573200000,"InspFreq":12,"NewInstall":null,"Comments":" plastic pile","NAVNumber":"20","LLN":18855,"POINT_X":-81.86604291,"POINT_Y":26.4637408,"Depth":4,"ID":"N0343","reviewed":"yes","Fix":"yes","followup":" "}},{"type":"Feature","id":333,"geometry":{"type":"Point","coordinates":[-81.8659229734737,26.464741858705565]},"properties":{"OBJECTID_1":333,"OBJECTID":307,"GlobalID":"{9E3C6665-DB22-43D5-A854-68075552AA86}","created_user":null,"created_date":null,"last_edited_user":null,"last_edited_date":null,"System":"Mullock Crk","Color":"Red","MountingTy":"Piling Wood","NAVSize":"Small","Remarks":"Excellent","Owner":"Lee County","InspDate":1516683600000,"InspFreq":12,"NewInstall":1516683600000,"Comments":" ","NAVNumber":"22","LLN":18860,"POINT_X":-81.86591979,"POINT_Y":26.46473704,"Depth":4,"ID":"N0344","reviewed":"yes","Fix":"yes","followup":" "}},{"type":"Feature","id":334,"geometry":{"type":"Point","coordinates":[-81.86487025537872,26.46552938691878]},"properties":{"OBJECTID_1":334,"OBJECTID":308,"GlobalID":"{FFB147BA-D2D6-4373-B004-5C01A6FC4EC4}","created_user":null,"created_date":null,"last_edited_user":null,"last_edited_date":null,"System":"Mullock Crk","Color":"Green","MountingTy":"Piling Wood","NAVSize":"Small","Remarks":"Good","Owner":"Lee County","InspDate":1513573200000,"InspFreq":12,"NewInstall":null,"Comments":" plastic pile","NAVNumber":"25","LLN":18865,"POINT_X":-81.86486707,"POINT_Y":26.46552456,"Depth":4,"ID":"N0345","reviewed":"yes","Fix":"no","followup":" "}},{"type":"Feature","id":335,"geometry":{"type":"Point","coordinates":[-81.86418934609918,26.46487999989508]},"properties":{"OBJECTID_1":335,"OBJECTID":309,"GlobalID":"{83D96E93-E9AC-43E0-9295-2A0C6C0D99BB}","created_user":null,"created_date":null,"last_edited_user":null,"last_edited_date":null,"System":"Mullock Crk","Color":"Green","MountingTy":"Piling Wood","NAVSize":"Small","Remarks":"Good","Owner":"Lee County","InspDate":1513573200000,"InspFreq":12,"NewInstall":null,"Comments":" p. pile","NAVNumber":"27","LLN":18870,"POINT_X":-81.86418616,"POINT_Y":26.46487518,"Depth":4,"ID":"N0346","reviewed":"yes","Fix":"yes","followup":" "}},{"type":"Feature","id":336,"geometry":{"type":"Point","coordinates":[-81.86327353665119,26.464942149097592]},"properties":{"OBJECTID_1":336,"OBJECTID":310,"GlobalID":"{B50B77B7-93CA-456E-9B35-625119B5DA48}","created_user":null,"created_date":null,"last_edited_user":null,"last_edited_date":null,"System":"Mullock Crk","Color":"Red","MountingTy":"Piling Wood","NAVSize":"Small","Remarks":"Excellent","Owner":"Lee County","InspDate":1516683600000,"InspFreq":12,"NewInstall":1516683600000,"Comments":" p. pile","NAVNumber":"28","LLN":18875,"POINT_X":-81.86327035,"POINT_Y":26.46493733,"Depth":4,"ID":"N0347","reviewed":"yes","Fix":"no","followup":" "}},{"type":"Feature","id":337,"geometry":{"type":"Point","coordinates":[-81.86272121587695,26.465400422168912]},"properties":{"OBJECTID_1":337,"OBJECTID":311,"GlobalID":"{E3BF0318-483A-4230-AC25-E7A133A30066}","created_user":null,"created_date":null,"last_edited_user":null,"last_edited_date":null,"System":"Mullock Crk","Color":"Red","MountingTy":"Piling Wood","NAVSize":"Small","Remarks":"Good","Owner":"Lee County","InspDate":1513573200000,"InspFreq":12,"NewInstall":null,"Comments":" ","NAVNumber":"30","LLN":18880,"POINT_X":-81.86271803,"POINT_Y":26.4653956,"Depth":4,"ID":"N0348","reviewed":"yes","Fix":"yes","followup":" "}},{"type":"Feature","id":338,"geometry":{"type":"Point","coordinates":[-81.86261100209153,26.465796927745412]},"properties":{"OBJECTID_1":338,"OBJECTID":312,"GlobalID":"{66781104-2C7A-4F32-B180-680E01B94DD2}","created_user":null,"created_date":null,"last_edited_user":null,"last_edited_date":null,"System":"Mullock Crk","Color":"Red","MountingTy":"Piling Wood","NAVSize":"Small","Remarks":"Good","Owner":"Lee County","InspDate":1516683600000,"InspFreq":12,"NewInstall":1516683600000,"Comments":" ","NAVNumber":"32","LLN":18885,"POINT_X":-81.86260782,"POINT_Y":26.4657921,"Depth":4,"ID":"N0349","reviewed":"yes","Fix":"yes","followup":" "}},{"type":"Feature","id":339,"geometry":{"type":"Point","coordinates":[-81.86289746726436,26.46632243458317]},"properties":{"OBJECTID_1":339,"OBJECTID":313,"GlobalID":"{248B952A-5B21-4C0E-9D39-0F03A14A032F}","created_user":null,"created_date":null,"last_edited_user":null,"last_edited_date":null,"System":"Mullock Crk","Color":"Red","MountingTy":"Piling Wood","NAVSize":"Small","Remarks":"Excellent","Owner":"Lee County","InspDate":1516856400000,"InspFreq":12,"NewInstall":1516856400000,"Comments":" ","NAVNumber":"34","LLN":18890,"POINT_X":-81.86289428,"POINT_Y":26.46631761,"Depth":4,"ID":"N0350","reviewed":"yes","Fix":"no","followup":" "}},{"type":"Feature","id":340,"geometry":{"type":"Point","coordinates":[-81.86334076799406,26.466872878119254]},"properties":{"OBJECTID_1":340,"OBJECTID":314,"GlobalID":"{92D3ACDF-7BBD-4F81-9F90-142BCFFB7E21}","created_user":null,"created_date":null,"last_edited_user":null,"last_edited_date":null,"System":"Mullock Crk","Color":"Red","MountingTy":"Piling Wood","NAVSize":"Small","Remarks":"Good","Owner":"Lee County","InspDate":1516683600000,"InspFreq":12,"NewInstall":null,"Comments":" p. pile","NAVNumber":"36","LLN":18895,"POINT_X":-81.86333758,"POINT_Y":26.46686805,"Depth":4,"ID":"N0351","reviewed":"yes","Fix":"yes","followup":" "}},{"type":"Feature","id":341,"geometry":{"type":"Point","coordinates":[-81.86344961133275,26.46746796081031]},"properties":{"OBJECTID_1":341,"OBJECTID":315,"GlobalID":"{864B9005-7358-4AEE-A982-62FEB8B2DA2D}","created_user":null,"created_date":null,"last_edited_user":null,"last_edited_date":null,"System":"Mullock Crk","Color":"Red","MountingTy":"Piling Wood","NAVSize":"Small","Remarks":"Excellent","Owner":"Lee County","InspDate":1516683600000,"InspFreq":12,"NewInstall":1516683600000,"Comments":" p pile","NAVNumber":"38","LLN":18900,"POINT_X":-81.86344643,"POINT_Y":26.46746314,"Depth":4,"ID":"N0352","reviewed":"yes","Fix":"yes","followup":" "}},{"type":"Feature","id":342,"geometry":{"type":"Point","coordinates":[-81.86254008876767,26.46777613380745]},"properties":{"OBJECTID_1":342,"OBJECTID":316,"GlobalID":"{374CBFAA-C152-4669-B4B9-8BD1CF5F3D88}","created_user":null,"created_date":null,"last_edited_user":null,"last_edited_date":null,"System":"Mullock Crk","Color":"Green","MountingTy":"Piling Wood","NAVSize":"Small","Remarks":"Good","Owner":"Lee County","InspDate":1513573200000,"InspFreq":12,"NewInstall":null,"Comments":" ","NAVNumber":"39","LLN":18905,"POINT_X":-81.8625369,"POINT_Y":26.46777131,"Depth":4,"ID":"N0353","reviewed":"yes","Fix":"yes","followup":" "}},{"type":"Feature","id":343,"geometry":{"type":"Point","coordinates":[-81.86209117726497,26.46719299440049]},"properties":{"OBJECTID_1":343,"OBJECTID":317,"GlobalID":"{C6C8DFE8-1493-47AB-9018-C15ADB535C22}","created_user":null,"created_date":null,"last_edited_user":null,"last_edited_date":null,"System":"Mullock Crk","Color":"Green","MountingTy":"Piling Wood","NAVSize":"Small","Remarks":"Good","Owner":"Lee County","InspDate":1513573200000,"InspFreq":12,"NewInstall":null,"Comments":" p pile","NAVNumber":"41","LLN":18910,"POINT_X":-81.86208799,"POINT_Y":26.46718817,"Depth":4,"ID":"N0354","reviewed":"yes","Fix":"no","followup":" "}},{"type":"Feature","id":344,"geometry":{"type":"Point","coordinates":[-81.86096601958197,26.466881262182095]},"properties":{"OBJECTID_1":344,"OBJECTID":318,"GlobalID":"{A1EFD23C-F2F0-4700-A8E7-A6FAE51E481E}","created_user":null,"created_date":null,"last_edited_user":null,"last_edited_date":null,"System":"Mullock Crk","Color":"Green","MountingTy":"Piling Wood","NAVSize":"Small","Remarks":"Good","Owner":"Lee County","InspDate":1513573200000,"InspFreq":12,"NewInstall":null,"Comments":" ","NAVNumber":"43","LLN":18915,"POINT_X":-81.86096284,"POINT_Y":26.46687644,"Depth":4,"ID":"N0355","reviewed":"yes","Fix":"no","followup":" "}},{"type":"Feature","id":345,"geometry":{"type":"Point","coordinates":[-81.8601109257094,26.46731853769145]},"properties":{"OBJECTID_1":345,"OBJECTID":319,"GlobalID":"{FE79B111-38C3-47F2-9525-BE6B1ED2E8C3}","created_user":null,"created_date":null,"last_edited_user":null,"last_edited_date":null,"System":"Mullock Crk","Color":"Green","MountingTy":"Piling Wood","NAVSize":"Small","Remarks":"Good","Owner":"Lee County","InspDate":1516683600000,"InspFreq":12,"NewInstall":1516683600000,"Comments":" ","NAVNumber":"45","LLN":18920,"POINT_X":-81.86010774,"POINT_Y":26.46731371,"Depth":4,"ID":"N0356","reviewed":"yes","Fix":"no","followup":" "}},{"type":"Feature","id":346,"geometry":{"type":"Point","coordinates":[-81.85961064254214,26.468065301349938]},"properties":{"OBJECTID_1":346,"OBJECTID":320,"GlobalID":"{BDD088A5-60B8-44F6-A89C-6B1FF7E2643A}","created_user":null,"created_date":null,"last_edited_user":null,"last_edited_date":null,"System":"Mullock Crk","Color":"Red","MountingTy":"Piling Wood","NAVSize":"Small","Remarks":"Excellent","Owner":"Lee County","InspDate":1516683600000,"InspFreq":12,"NewInstall":1516683600000,"Comments":" ","NAVNumber":"46","LLN":18925,"POINT_X":-81.85960746,"POINT_Y":26.46806048,"Depth":4,"ID":"N0357","reviewed":"yes","Fix":"yes","followup":" "}},{"type":"Feature","id":347,"geometry":{"type":"Point","coordinates":[-81.85911258130434,26.469934224597687]},"properties":{"OBJECTID_1":347,"OBJECTID":321,"GlobalID":"{AE996FDF-098B-4C0F-9D60-FE8353F42361}","created_user":null,"created_date":null,"last_edited_user":null,"last_edited_date":null,"System":"Mullock Crk","Color":"Green","MountingTy":"Piling Wood","NAVSize":"Small","Remarks":"Good","Owner":"Lee County","InspDate":1513573200000,"InspFreq":12,"NewInstall":null,"Comments":" p pile","NAVNumber":"47","LLN":18930,"POINT_X":-81.8591094,"POINT_Y":26.4699294,"Depth":4,"ID":"N0358","reviewed":"yes","Fix":"no","followup":" "}},{"type":"Feature","id":348,"geometry":{"type":"Point","coordinates":[-81.85851566271168,26.470282351680932]},"properties":{"OBJECTID_1":348,"OBJECTID":322,"GlobalID":"{2FD6873E-E881-46F9-985F-2904D97B8DB6}","created_user":null,"created_date":null,"last_edited_user":null,"last_edited_date":null,"System":"Mullock Crk","Color":"Green","MountingTy":"Piling Wood","NAVSize":"Small","Remarks":"Good","Owner":"Lee County","InspDate":1513573200000,"InspFreq":12,"NewInstall":null,"Comments":"p pilr","NAVNumber":"49","LLN":18935,"POINT_X":-81.85851248,"POINT_Y":26.47027753,"Depth":4,"ID":"N0359","reviewed":"yes","Fix":"no","followup":" "}},{"type":"Feature","id":349,"geometry":{"type":"Point","coordinates":[-81.85778645610378,26.469900051677325]},"properties":{"OBJECTID_1":349,"OBJECTID":323,"GlobalID":"{9983CC4E-FDA9-4D08-94DF-980C5FD92F15}","created_user":null,"created_date":null,"last_edited_user":null,"last_edited_date":null,"System":"Mullock Crk","Color":"Green","MountingTy":"Piling Wood","NAVSize":"Small","Remarks":"Good","Owner":"Lee County","InspDate":1513573200000,"InspFreq":12,"NewInstall":null,"Comments":" p pile","NAVNumber":"51","LLN":18940,"POINT_X":-81.85778327,"POINT_Y":26.46989523,"Depth":4,"ID":"N0360","reviewed":"yes","Fix":"no","followup":" "}},{"type":"Feature","id":350,"geometry":{"type":"Point","coordinates":[-81.85691225192751,26.4699098770875]},"properties":{"OBJECTID_1":350,"OBJECTID":324,"GlobalID":"{C679A4F8-5114-47A4-A8D1-57D525F143C1}","created_user":null,"created_date":null,"last_edited_user":null,"last_edited_date":null,"System":"Mullock Crk","Color":"Red","MountingTy":"Piling Wood","NAVSize":"Small","Remarks":"Good","Owner":"Lee County","InspDate":1516683600000,"InspFreq":12,"NewInstall":1516683600000,"Comments":" p pile","NAVNumber":"52","LLN":18945,"POINT_X":-81.85690907,"POINT_Y":26.46990505,"Depth":4,"ID":"N0361","reviewed":"yes","Fix":"no","followup":" "}},{"type":"Feature","id":351,"geometry":{"type":"Point","coordinates":[-81.85674874496071,26.470482256299128]},"properties":{"OBJECTID_1":351,"OBJECTID":325,"GlobalID":"{77BD60E2-E6E0-48E7-BCF5-16196505AF9F}","created_user":null,"created_date":null,"last_edited_user":null,"last_edited_date":null,"System":"Mullock Crk","Color":"Red","MountingTy":"Piling Wood","NAVSize":"Small","Remarks":"Excellent","Owner":"Lee County","InspDate":1516683600000,"InspFreq":12,"NewInstall":1516683600000,"Comments":" p pile","NAVNumber":"54","LLN":18950,"POINT_X":-81.85674556,"POINT_Y":26.47047743,"Depth":4,"ID":"N0362","reviewed":"yes","Fix":"yes","followup":" "}},{"type":"Feature","id":352,"geometry":{"type":"Point","coordinates":[-81.85604195937523,26.470623543243956]},"properties":{"OBJECTID_1":352,"OBJECTID":326,"GlobalID":"{3B281D43-D035-4695-9B8E-9C0676A56482}","created_user":null,"created_date":null,"last_edited_user":null,"last_edited_date":null,"System":"Mullock Crk","Color":"Green","MountingTy":"Piling Wood","NAVSize":"Small","Remarks":"Good","Owner":"Lee County","InspDate":1513573200000,"InspFreq":12,"NewInstall":null,"Comments":" p pile","NAVNumber":"55","LLN":18955,"POINT_X":-81.85603878,"POINT_Y":26.47061872,"Depth":4,"ID":"N0363","reviewed":"yes","Fix":"no","followup":" "}},{"type":"Feature","id":353,"geometry":{"type":"Point","coordinates":[-81.85419983525806,26.48582523605037]},"properties":{"OBJECTID_1":353,"OBJECTID":327,"GlobalID":"{935DAE7D-35F9-4DA3-8F5C-C4D16CD2887C}","created_user":null,"created_date":null,"last_edited_user":null,"last_edited_date":null,"System":"Mullock Crk","Color":"Green TRUB","MountingTy":"Buoy","NAVSize":"Large","Remarks":"Excellent","Owner":"Lee County","InspDate":1522296000000,"InspFreq":12,"NewInstall":1522296000000,"Comments":" ","NAVNumber":"temp","LLN":0,"POINT_X":-81.85419665,"POINT_Y":26.48582041,"Depth":14,"ID":"N0364","reviewed":" ","Fix":" ","followup":" "}},{"type":"Feature","id":354,"geometry":{"type":"Point","coordinates":[-81.85422087242293,26.48705592556957]},"properties":{"OBJECTID_1":354,"OBJECTID":328,"GlobalID":"{4F0F3B6C-5A78-477D-B510-241E2CEF6391}","created_user":null,"created_date":null,"last_edited_user":null,"last_edited_date":null,"System":"Mullock Crk","Color":"Green TRUB","MountingTy":"Buoy","NAVSize":"Small","Remarks":"Excellent","Owner":"Lee County","InspDate":1522296000000,"InspFreq":12,"NewInstall":1522296000000,"Comments":"Sealite","NAVNumber":" ","LLN":0,"POINT_X":-81.85421769,"POINT_Y":26.4870511,"Depth":20,"ID":"N0365","reviewed":" ","Fix":" ","followup":" "}},{"type":"Feature","id":355,"geometry":{"type":"Point","coordinates":[-81.90321618131706,26.57847741709117]},"properties":{"OBJECTID_1":355,"OBJECTID":329,"GlobalID":"{27417BAC-868D-451A-98EE-379378AAAE0D}","created_user":null,"created_date":null,"last_edited_user":null,"last_edited_date":null,"System":"Whiskey Crk.","Color":"Green","MountingTy":"Piling Wood","NAVSize":"Small","Remarks":"Excellent","Owner":"Lee County","InspDate":1534305600000,"InspFreq":12,"NewInstall":null,"Comments":"larger","NAVNumber":"1","LLN":53360,"POINT_X":-81.90321298,"POINT_Y":26.57847257,"Depth":4,"ID":"N0366","reviewed":"yes","Fix":"no","followup":" "}},{"type":"Feature","id":356,"geometry":{"type":"Point","coordinates":[-81.9030410665092,26.57812618810662]},"properties":{"OBJECTID_1":356,"OBJECTID":330,"GlobalID":"{9D395233-2577-4E62-8ECA-87B214DE4A7A}","created_user":null,"created_date":null,"last_edited_user":null,"last_edited_date":null,"System":"Whiskey Crk.","Color":"Red","MountingTy":"Piling Wood","NAVSize":"Small","Remarks":"Good","Owner":"Lee County","InspDate":1534305600000,"InspFreq":12,"NewInstall":null,"Comments":" ","NAVNumber":"2","LLN":53365,"POINT_X":-81.90303787,"POINT_Y":26.57812134,"Depth":4,"ID":"N0367","reviewed":"yes","Fix":"no","followup":" "}},{"type":"Feature","id":357,"geometry":{"type":"Point","coordinates":[-81.90197572487938,26.578725633307048]},"properties":{"OBJECTID_1":357,"OBJECTID":331,"GlobalID":"{EC0311EC-E0FD-443E-ABE6-2BEC47C902D4}","created_user":null,"created_date":null,"last_edited_user":null,"last_edited_date":null,"System":"Whiskey Crk.","Color":"Green","MountingTy":"Piling Wood","NAVSize":"Small","Remarks":"Good","Owner":"Lee County","InspDate":1534305600000,"InspFreq":12,"NewInstall":null,"Comments":" ","NAVNumber":"3","LLN":53370,"POINT_X":-81.90197253,"POINT_Y":26.57872078,"Depth":4,"ID":"N0368","reviewed":"yes","Fix":"no","followup":" "}},{"type":"Feature","id":358,"geometry":{"type":"Point","coordinates":[-81.90155402972162,26.578566490660176]},"properties":{"OBJECTID_1":358,"OBJECTID":332,"GlobalID":"{0C17719A-4BBF-4FD6-A14B-3F11D761CA7A}","created_user":null,"created_date":null,"last_edited_user":null,"last_edited_date":null,"System":"Whiskey Crk.","Color":"Red","MountingTy":"Piling Wood","NAVSize":"Small","Remarks":"Good","Owner":"Lee County","InspDate":1534305600000,"InspFreq":12,"NewInstall":null,"Comments":" ","NAVNumber":"4","LLN":53375,"POINT_X":-81.90155083,"POINT_Y":26.57856164,"Depth":4,"ID":"N0369","reviewed":"yes","Fix":"no","followup":" "}},{"type":"Feature","id":359,"geometry":{"type":"Point","coordinates":[-81.90059018962125,26.57908368625794]},"properties":{"OBJECTID_1":359,"OBJECTID":333,"GlobalID":"{494A9DE6-2BD6-4614-97CC-DA262ACB507F}","created_user":null,"created_date":null,"last_edited_user":null,"last_edited_date":null,"System":"Whiskey Crk.","Color":"Green","MountingTy":"Piling Wood","NAVSize":"Small","Remarks":"Excellent","Owner":"Lee County","InspDate":1534305600000,"InspFreq":12,"NewInstall":null,"Comments":"1 Dbd hanging down","NAVNumber":"5","LLN":53380,"POINT_X":-81.90058699,"POINT_Y":26.57907884,"Depth":4,"ID":"N0370","reviewed":"yes","Fix":"no","followup":" "}},{"type":"Feature","id":360,"geometry":{"type":"Point","coordinates":[-81.90049803617086,26.578844110282883]},"properties":{"OBJECTID_1":360,"OBJECTID":334,"GlobalID":"{015C0872-A39B-49FA-AE83-E6C6E805073C}","created_user":null,"created_date":null,"last_edited_user":null,"last_edited_date":null,"System":"Whiskey Crk.","Color":"Red","MountingTy":"Piling Wood","NAVSize":"Small","Remarks":"Good","Owner":"Lee County","InspDate":1534305600000,"InspFreq":12,"NewInstall":null,"Comments":" ","NAVNumber":"6","LLN":53385,"POINT_X":-81.90049484,"POINT_Y":26.57883926,"Depth":4,"ID":"N0371","reviewed":"yes","Fix":"yes","followup":" "}},{"type":"Feature","id":361,"geometry":{"type":"Point","coordinates":[-81.89982784014025,26.579202901690582]},"properties":{"OBJECTID_1":361,"OBJECTID":335,"GlobalID":"{3147B25A-ADAF-499D-9257-E31D91535455}","created_user":null,"created_date":null,"last_edited_user":null,"last_edited_date":null,"System":"Whiskey Crk.","Color":"Green","MountingTy":"Piling Wood","NAVSize":"Small","Remarks":"Good","Owner":"Lee County","InspDate":1534305600000,"InspFreq":12,"NewInstall":null,"Comments":" ","NAVNumber":"7","LLN":53390,"POINT_X":-81.89982464,"POINT_Y":26.57919805,"Depth":4,"ID":"N0372","reviewed":"yes","Fix":"no","followup":" "}},{"type":"Feature","id":362,"geometry":{"type":"Point","coordinates":[-81.89986181229597,26.578876183151852]},"properties":{"OBJECTID_1":362,"OBJECTID":336,"GlobalID":"{5C7CD9C5-F964-4E1A-9584-5E6DBAA0568F}","created_user":null,"created_date":null,"last_edited_user":null,"last_edited_date":null,"System":"Whiskey Crk.","Color":"Red","MountingTy":"Piling Wood","NAVSize":"Small","Remarks":"Good","Owner":"Lee County","InspDate":1534305600000,"InspFreq":12,"NewInstall":null,"Comments":" ","NAVNumber":"8","LLN":53395,"POINT_X":-81.89985861,"POINT_Y":26.57887133,"Depth":4,"ID":"N0373","reviewed":"yes","Fix":"yes","followup":" "}},{"type":"Feature","id":363,"geometry":{"type":"Point","coordinates":[-81.89914578134992,26.578426674074745]},"properties":{"OBJECTID_1":363,"OBJECTID":337,"GlobalID":"{EB5B43B6-BF4E-44A0-94A1-94997281C0A2}","created_user":null,"created_date":null,"last_edited_user":null,"last_edited_date":null,"System":"Whiskey Crk.","Color":"Red","MountingTy":"Piling Wood","NAVSize":"Small","Remarks":"Good","Owner":"Lee County","InspDate":1534305600000,"InspFreq":12,"NewInstall":null,"Comments":" ","NAVNumber":"10","LLN":53400,"POINT_X":-81.89914258,"POINT_Y":26.57842182,"Depth":4,"ID":"N0374","reviewed":"yes","Fix":"no","followup":" "}},{"type":"Feature","id":364,"geometry":{"type":"Point","coordinates":[-81.8998154656622,26.579802130877606]},"properties":{"OBJECTID_1":364,"OBJECTID":338,"GlobalID":"{A742946A-A4B7-40C8-ADFC-3C7546EA35BC}","created_user":null,"created_date":null,"last_edited_user":null,"last_edited_date":null,"System":"Whiskey Crk. A Chan.","Color":"Green","MountingTy":"Piling Wood","NAVSize":"Small","Remarks":"Good","Owner":"Lee County","InspDate":1534305600000,"InspFreq":12,"NewInstall":null,"Comments":" ","NAVNumber":"1","LLN":53403,"POINT_X":-81.89981227,"POINT_Y":26.57979728,"Depth":4,"ID":"N0375","reviewed":"yes","Fix":"no","followup":" "}},{"type":"Feature","id":365,"geometry":{"type":"Point","coordinates":[-81.89989979817159,26.580282669995718]},"properties":{"OBJECTID_1":365,"OBJECTID":339,"GlobalID":"{BB74FFD5-716D-463B-B2D5-D0A17BD879BC}","created_user":null,"created_date":null,"last_edited_user":null,"last_edited_date":null,"System":"Whiskey Crk. A Chan.","Color":"Green","MountingTy":"Piling Wood","NAVSize":"Small","Remarks":"Good","Owner":"Lee County","InspDate":1534305600000,"InspFreq":12,"NewInstall":null,"Comments":" ","NAVNumber":"3","LLN":53403.5,"POINT_X":-81.8998966,"POINT_Y":26.58027782,"Depth":4,"ID":"N0376","reviewed":"yes","Fix":"no","followup":" "}},{"type":"Feature","id":366,"geometry":{"type":"Point","coordinates":[-81.89998622256232,26.58067118620453]},"properties":{"OBJECTID_1":366,"OBJECTID":340,"GlobalID":"{BB9B5BA0-B776-47F6-9E46-25FE5985B105}","created_user":null,"created_date":null,"last_edited_user":null,"last_edited_date":null,"System":"Whiskey Crk. A Chan.","Color":"Green","MountingTy":"Piling Wood","NAVSize":"Small","Remarks":"Good","Owner":"Lee County","InspDate":1534305600000,"InspFreq":12,"NewInstall":null,"Comments":" ","NAVNumber":"5","LLN":53404,"POINT_X":-81.89998302,"POINT_Y":26.58066634,"Depth":4,"ID":"N0377","reviewed":"yes","Fix":"yes","followup":" "}},{"type":"Feature","id":367,"geometry":{"type":"Point","coordinates":[-81.93504934950352,26.54371273305175]},"properties":{"OBJECTID_1":367,"OBJECTID":341,"GlobalID":"{AFA89935-A413-43DA-BF70-AAEA5445642F}","created_user":null,"created_date":null,"last_edited_user":null,"last_edited_date":null,"System":"Deep Lagoon Ent.","Color":"Green TRUB","MountingTy":"Piling Wood","NAVSize":"Small","Remarks":"needs new pile","Owner":"Lee County","InspDate":1548133200000,"InspFreq":12,"NewInstall":null,"Comments":" ","NAVNumber":"1","LLN":53795,"POINT_X":-81.93504614,"POINT_Y":26.54370789,"Depth":6,"ID":"N0378","reviewed":"yes","Fix":"yes","followup":" "}},{"type":"Feature","id":368,"geometry":{"type":"Point","coordinates":[-81.93506208997759,26.54333149455289]},"properties":{"OBJECTID_1":368,"OBJECTID":342,"GlobalID":"{D4D3A35B-ECB6-40DC-9615-D33D67CED354}","created_user":null,"created_date":null,"last_edited_user":null,"last_edited_date":null,"System":"Deep Lagoon Ent.","Color":"Red","MountingTy":"Piling Wood","NAVSize":"Small","Remarks":"Good","Owner":"Lee County","InspDate":1535601600000,"InspFreq":12,"NewInstall":null,"Comments":" ","NAVNumber":"2","LLN":53800,"POINT_X":-81.93505888,"POINT_Y":26.54332665,"Depth":4,"ID":"N0379","reviewed":"yes","Fix":"no","followup":" "}},{"type":"Feature","id":369,"geometry":{"type":"Point","coordinates":[-81.93409214223543,26.543667553692256]},"properties":{"OBJECTID_1":369,"OBJECTID":343,"GlobalID":"{56CD464B-5FA5-4147-A8F5-F331D03692D6}","created_user":null,"created_date":null,"last_edited_user":null,"last_edited_date":null,"System":"Deep Lagoon Ent.","Color":"Green","MountingTy":"Piling Wood","NAVSize":"Small","Remarks":"Good","Owner":"Lee County","InspDate":1535601600000,"InspFreq":12,"NewInstall":null,"Comments":" ","NAVNumber":"3","LLN":53805,"POINT_X":-81.93408893,"POINT_Y":26.54366271,"Depth":4,"ID":"N0380","reviewed":"yes","Fix":"yes","followup":" "}},{"type":"Feature","id":370,"geometry":{"type":"Point","coordinates":[-81.93402278949983,26.543331355210025]},"properties":{"OBJECTID_1":370,"OBJECTID":344,"GlobalID":"{AE6E1E80-CA29-4488-9B11-8A2DA8234792}","created_user":null,"created_date":null,"last_edited_user":null,"last_edited_date":null,"System":"Deep Lagoon Ent.","Color":"Red","MountingTy":"Piling Wood","NAVSize":"Small","Remarks":"Good","Owner":"Lee County","InspDate":1535601600000,"InspFreq":12,"NewInstall":null,"Comments":" ","NAVNumber":"4","LLN":53810,"POINT_X":-81.93401958,"POINT_Y":26.54332651,"Depth":6,"ID":"N0381","reviewed":"yes","Fix":"no","followup":" "}},{"type":"Feature","id":371,"geometry":{"type":"Point","coordinates":[-81.93247730609684,26.543765512428884]},"properties":{"OBJECTID_1":371,"OBJECTID":345,"GlobalID":"{B5E7AC99-BB78-4967-9EE7-DD893C521C28}","created_user":null,"created_date":null,"last_edited_user":null,"last_edited_date":null,"System":"Deep Lagoon Ent.","Color":"Green","MountingTy":"Piling Wood","NAVSize":"Small","Remarks":"Good","Owner":"Lee County","InspDate":1535601600000,"InspFreq":12,"NewInstall":null,"Comments":" ","NAVNumber":"5","LLN":53815,"POINT_X":-81.9324741,"POINT_Y":26.54376067,"Depth":6,"ID":"N0382","reviewed":"yes","Fix":"yes","followup":" "}},{"type":"Feature","id":372,"geometry":{"type":"Point","coordinates":[-81.9322053410946,26.5433705008803]},"properties":{"OBJECTID_1":372,"OBJECTID":346,"GlobalID":"{21198C17-3F9E-4720-A149-603BC83470FC}","created_user":null,"created_date":null,"last_edited_user":null,"last_edited_date":null,"System":"Deep Lagoon Ent.","Color":"Red","MountingTy":"Piling Wood","NAVSize":"Small","Remarks":"Good","Owner":"Lee County","InspDate":1535601600000,"InspFreq":12,"NewInstall":1467259200000,"Comments":" ","NAVNumber":"6","LLN":53820,"POINT_X":-81.93220213,"POINT_Y":26.54336566,"Depth":4,"ID":"N0383","reviewed":"yes","Fix":"yes","followup":" "}},{"type":"Feature","id":373,"geometry":{"type":"Point","coordinates":[-81.93129330463773,26.543768869524214]},"properties":{"OBJECTID_1":373,"OBJECTID":347,"GlobalID":"{3E5ABC51-5979-46BF-B89B-88AAFD0D06D6}","created_user":null,"created_date":null,"last_edited_user":null,"last_edited_date":null,"System":"Deep Lagoon Ent.","Color":"Green","MountingTy":"Piling Wood","NAVSize":"Small","Remarks":"Good","Owner":"Lee County","InspDate":1535601600000,"InspFreq":12,"NewInstall":null,"Comments":" ","NAVNumber":"7","LLN":53825,"POINT_X":-81.9312901,"POINT_Y":26.54376403,"Depth":6,"ID":"N0384","reviewed":"yes","Fix":"yes","followup":" "}},{"type":"Feature","id":374,"geometry":{"type":"Point","coordinates":[-81.93113268037617,26.54341266709449]},"properties":{"OBJECTID_1":374,"OBJECTID":348,"GlobalID":"{DA30DB7E-C0A1-4F13-B1AD-230F37EC7FF7}","created_user":null,"created_date":null,"last_edited_user":null,"last_edited_date":null,"System":"Deep Lagoon Ent.","Color":"Red","MountingTy":"Piling Wood","NAVSize":"Small","Remarks":"Excellent","Owner":"Lee County","InspDate":1545109200000,"InspFreq":12,"NewInstall":1545109200000,"Comments":" ","NAVNumber":"8","LLN":53830,"POINT_X":-81.93112947,"POINT_Y":26.54340783,"Depth":4,"ID":"N0385","reviewed":"yes","Fix":"yes","followup":" "}},{"type":"Feature","id":375,"geometry":{"type":"Point","coordinates":[-81.93050908433823,26.54377184307251]},"properties":{"OBJECTID_1":375,"OBJECTID":349,"GlobalID":"{3BBF8EF9-3D97-48E4-8869-74A52AC5D36B}","created_user":null,"created_date":null,"last_edited_user":null,"last_edited_date":null,"System":"Deep Lagoon Ent.","Color":"Green","MountingTy":"Piling Wood","NAVSize":"Small","Remarks":"Good","Owner":"Lee County","InspDate":1535601600000,"InspFreq":12,"NewInstall":null,"Comments":" ","NAVNumber":"9","LLN":53835,"POINT_X":-81.93050588,"POINT_Y":26.543767,"Depth":8,"ID":"N0386","reviewed":"yes","Fix":"yes","followup":" "}},{"type":"Feature","id":376,"geometry":{"type":"Point","coordinates":[-81.9299168708847,26.54341490009838]},"properties":{"OBJECTID_1":376,"OBJECTID":350,"GlobalID":"{7B7A768E-DC34-4366-B6E6-1C0A40D1CC75}","created_user":null,"created_date":null,"last_edited_user":null,"last_edited_date":null,"System":"Deep Lagoon Ent.","Color":"Red","MountingTy":"Piling Wood","NAVSize":"Small","Remarks":"Good","Owner":"Lee County","InspDate":1535601600000,"InspFreq":12,"NewInstall":1467259200000,"Comments":" ","NAVNumber":"10","LLN":53840,"POINT_X":-81.92991366,"POINT_Y":26.54341006,"Depth":6,"ID":"N0387","reviewed":"yes","Fix":"yes","followup":" "}},{"type":"Feature","id":377,"geometry":{"type":"Point","coordinates":[-81.92982273826244,26.543798094303554]},"properties":{"OBJECTID_1":377,"OBJECTID":351,"GlobalID":"{BE6D252A-AA15-40C2-BBB2-2F1AEF1AF1BF}","created_user":null,"created_date":null,"last_edited_user":null,"last_edited_date":null,"System":"Deep Lagoon Ent.","Color":"Green","MountingTy":"Piling Wood","NAVSize":"Small","Remarks":"Good","Owner":"Lee County","InspDate":1535601600000,"InspFreq":12,"NewInstall":null,"Comments":" ","NAVNumber":"11","LLN":53845,"POINT_X":-81.92981953,"POINT_Y":26.54379325,"Depth":6,"ID":"N0388","reviewed":"yes","Fix":"yes","followup":" "}},{"type":"Feature","id":378,"geometry":{"type":"Point","coordinates":[-81.92849466103151,26.543739936668967]},"properties":{"OBJECTID_1":378,"OBJECTID":352,"GlobalID":"{4BBFFD63-5F7C-46C8-AE43-64E15F74818B}","created_user":null,"created_date":null,"last_edited_user":null,"last_edited_date":null,"System":"Deep Lagoon Ent.","Color":"Green","MountingTy":"Piling Wood","NAVSize":"Small","Remarks":"Good","Owner":"Lee County","InspDate":1535601600000,"InspFreq":18,"NewInstall":1467259200000,"Comments":" ","NAVNumber":"13","LLN":53855,"POINT_X":-81.92849145,"POINT_Y":26.5437351,"Depth":6,"ID":"N0389","reviewed":"yes","Fix":"yes","followup":" "}},{"type":"Feature","id":379,"geometry":{"type":"Point","coordinates":[-81.92844560945936,26.543397545141882]},"properties":{"OBJECTID_1":379,"OBJECTID":353,"GlobalID":"{03419EBB-2869-41CD-9311-5E20222E7A17}","created_user":null,"created_date":null,"last_edited_user":null,"last_edited_date":null,"System":"Deep Lagoon Ent.","Color":"Red","MountingTy":"Piling Wood","NAVSize":"Small","Remarks":"Good","Owner":"Lee County","InspDate":1535601600000,"InspFreq":12,"NewInstall":1467259200000,"Comments":" ","NAVNumber":"12","LLN":53850,"POINT_X":-81.9284424,"POINT_Y":26.5433927,"Depth":6,"ID":"N0390","reviewed":"yes","Fix":"no","followup":" "}},{"type":"Feature","id":380,"geometry":{"type":"Point","coordinates":[-81.92683611210693,26.54339842410999]},"properties":{"OBJECTID_1":380,"OBJECTID":354,"GlobalID":"{B194F9C9-2223-4EC1-969A-CA6F313FFBB3}","created_user":null,"created_date":null,"last_edited_user":null,"last_edited_date":null,"System":"Deep Lagoon Ent.","Color":"Red","MountingTy":"Piling Wood","NAVSize":"Small","Remarks":"Good","Owner":"Lee County","InspDate":1535601600000,"InspFreq":12,"NewInstall":1467259200000,"Comments":" ","NAVNumber":"14","LLN":53860,"POINT_X":-81.92683291,"POINT_Y":26.54339358,"Depth":4,"ID":"N0391","reviewed":"yes","Fix":"no","followup":" "}},{"type":"Feature","id":381,"geometry":{"type":"Point","coordinates":[-81.92667658848397,26.54368576563416]},"properties":{"OBJECTID_1":381,"OBJECTID":355,"GlobalID":"{A2271A1B-5D27-405A-A13D-06673C7CD893}","created_user":null,"created_date":null,"last_edited_user":null,"last_edited_date":null,"System":"Deep Lagoon Ent.","Color":"Green","MountingTy":"Piling Wood","NAVSize":"Small","Remarks":"Good","Owner":"Lee County","InspDate":1535601600000,"InspFreq":12,"NewInstall":null,"Comments":" ","NAVNumber":"15","LLN":53865,"POINT_X":-81.92667338,"POINT_Y":26.54368092,"Depth":6,"ID":"N0392","reviewed":"yes","Fix":"yes","followup":" "}},{"type":"Feature","id":382,"geometry":{"type":"Point","coordinates":[-81.92619353979661,26.543268947471212]},"properties":{"OBJECTID_1":382,"OBJECTID":356,"GlobalID":"{14DB5097-4635-4ACA-96C4-50A30E84078D}","created_user":null,"created_date":null,"last_edited_user":null,"last_edited_date":null,"System":"Deep Lagoon Ent.","Color":"Red","MountingTy":"Piling Wood","NAVSize":"Small","Remarks":"Good","Owner":"Lee County","InspDate":1535601600000,"InspFreq":12,"NewInstall":null,"Comments":" P pile","NAVNumber":"16","LLN":53870,"POINT_X":-81.92619033,"POINT_Y":26.54326411,"Depth":6,"ID":"N0393","reviewed":"yes","Fix":"no","followup":" "}},{"type":"Feature","id":383,"geometry":{"type":"Point","coordinates":[-81.9274780819316,26.54744128739204]},"properties":{"OBJECTID_1":383,"OBJECTID":357,"GlobalID":"{D0D95F21-AFC7-430A-A245-BAC8C87FE2BF}","created_user":null,"created_date":null,"last_edited_user":null,"last_edited_date":null,"System":"Town And River Rim.","Color":"Green","MountingTy":"Piling Wood","NAVSize":"Small","Remarks":"Good","Owner":"Lee County","InspDate":1535601600000,"InspFreq":12,"NewInstall":null,"Comments":" ","NAVNumber":"9","LLN":53905,"POINT_X":-81.92747488,"POINT_Y":26.54743645,"Depth":6,"ID":"N0394","reviewed":"yes","Fix":"no","followup":" "}},{"type":"Feature","id":384,"geometry":{"type":"Point","coordinates":[-81.92574881271528,26.543333477836676]},"properties":{"OBJECTID_1":384,"OBJECTID":358,"GlobalID":"{40559CD8-ABB3-4A6B-8B77-2FC94497CE96}","created_user":null,"created_date":null,"last_edited_user":null,"last_edited_date":null,"System":"Town And River Est.","Color":"Green","MountingTy":"Piling Wood","NAVSize":"Small","Remarks":"Good","Owner":"Lee County","InspDate":1535601600000,"InspFreq":12,"NewInstall":1426046400000,"Comments":" ","NAVNumber":"1","LLN":53910,"POINT_X":-81.92574561,"POINT_Y":26.54332864,"Depth":6,"ID":"N0395","reviewed":"yes","Fix":"no","followup":" "}},{"type":"Feature","id":385,"geometry":{"type":"Point","coordinates":[-81.92578708719046,26.543181806337667]},"properties":{"OBJECTID_1":385,"OBJECTID":359,"GlobalID":"{F6EBB7DD-A900-46F5-AF05-B2B26EFCEC83}","created_user":null,"created_date":null,"last_edited_user":null,"last_edited_date":null,"System":"Town And River Est.","Color":"Red","MountingTy":"Piling Wood","NAVSize":"Small","Remarks":"Good","Owner":"Lee County","InspDate":1535601600000,"InspFreq":12,"NewInstall":1467259200000,"Comments":" ","NAVNumber":"2","LLN":53915,"POINT_X":-81.92578388,"POINT_Y":26.54317697,"Depth":6,"ID":"N0396","reviewed":"yes","Fix":"no","followup":" "}},{"type":"Feature","id":386,"geometry":{"type":"Point","coordinates":[-81.92520010377945,26.543263726364902]},"properties":{"OBJECTID_1":386,"OBJECTID":360,"GlobalID":"{8B84BAD4-513C-4C46-AEFA-7A055DE904B1}","created_user":null,"created_date":null,"last_edited_user":null,"last_edited_date":null,"System":"Town And River Est.","Color":"Green","MountingTy":"Piling Wood","NAVSize":"Small","Remarks":"Good","Owner":"Lee County","InspDate":1535601600000,"InspFreq":12,"NewInstall":1467259200000,"Comments":" ","NAVNumber":"3","LLN":53920,"POINT_X":-81.9251969,"POINT_Y":26.54325889,"Depth":6,"ID":"N0397","reviewed":"yes","Fix":"yes","followup":" "}},{"type":"Feature","id":387,"geometry":{"type":"Point","coordinates":[-81.92524209963814,26.543045306536282]},"properties":{"OBJECTID_1":387,"OBJECTID":361,"GlobalID":"{F6EEE97E-DFC9-4CD8-8370-8961CA47B3B1}","created_user":null,"created_date":null,"last_edited_user":null,"last_edited_date":null,"System":"Town And River Est.","Color":"Red","MountingTy":"Piling Wood","NAVSize":"Small","Remarks":"Good","Owner":"Lee County","InspDate":1535601600000,"InspFreq":12,"NewInstall":1467259200000,"Comments":" ","NAVNumber":"4","LLN":53925,"POINT_X":-81.92523889,"POINT_Y":26.54304047,"Depth":6,"ID":"N0398","reviewed":"yes","Fix":"no","followup":" "}},{"type":"Feature","id":388,"geometry":{"type":"Point","coordinates":[-81.92580500034782,26.542312924634626]},"properties":{"OBJECTID_1":388,"OBJECTID":362,"GlobalID":"{F8F61FE1-6FD3-488E-A7FB-A43CE43515D9}","created_user":null,"created_date":null,"last_edited_user":null,"last_edited_date":null,"System":"Deep Lagoon Marina","Color":"Green","MountingTy":"Piling Wood","NAVSize":"Small","Remarks":"Good","Owner":"Lee County","InspDate":1535601600000,"InspFreq":12,"NewInstall":null,"Comments":" ","NAVNumber":"1","LLN":53930,"POINT_X":-81.9258018,"POINT_Y":26.54230808,"Depth":6,"ID":"N0399","reviewed":"yes","Fix":"yes","followup":" "}},{"type":"Feature","id":389,"geometry":{"type":"Point","coordinates":[-81.92619077359961,26.54225187932866]},"properties":{"OBJECTID_1":389,"OBJECTID":363,"GlobalID":"{C1F03D88-958C-4D43-BF54-8ACDF11FA8BB}","created_user":null,"created_date":null,"last_edited_user":null,"last_edited_date":null,"System":"Deep Lagoon Marina","Color":"Red","MountingTy":"Piling Wood","NAVSize":"Small","Remarks":"Good","Owner":"Lee County","InspDate":1535601600000,"InspFreq":12,"NewInstall":null,"Comments":" ","NAVNumber":"2","LLN":53935,"POINT_X":-81.92618757,"POINT_Y":26.54224704,"Depth":6,"ID":"N0400","reviewed":"yes","Fix":"yes","followup":" "}},{"type":"Feature","id":390,"geometry":{"type":"Point","coordinates":[-81.92576293282553,26.541416289330023]},"properties":{"OBJECTID_1":390,"OBJECTID":364,"GlobalID":"{4F0830A4-72FE-4F3E-8DEE-DF52B8BAC8C9}","created_user":null,"created_date":null,"last_edited_user":null,"last_edited_date":null,"System":"Deep Lagoon Marina","Color":"Green","MountingTy":"Piling Wood","NAVSize":"Small","Remarks":"Good","Owner":"Lee County","InspDate":1535601600000,"InspFreq":12,"NewInstall":null,"Comments":" ","NAVNumber":"3","LLN":53940,"POINT_X":-81.92575973,"POINT_Y":26.54141145,"Depth":4,"ID":"N0401","reviewed":"yes","Fix":"yes","followup":" "}},{"type":"Feature","id":391,"geometry":{"type":"Point","coordinates":[-81.92613196511785,26.541239678373817]},"properties":{"OBJECTID_1":391,"OBJECTID":365,"GlobalID":"{CCB7BC28-1CE4-4C39-9D72-80E5377F60FE}","created_user":null,"created_date":null,"last_edited_user":null,"last_edited_date":null,"System":"Deep Lagoon Marina","Color":"Red","MountingTy":"Piling Wood","NAVSize":"Small","Remarks":"Good","Owner":"Lee County","InspDate":1535601600000,"InspFreq":12,"NewInstall":1467259200000,"Comments":" ","NAVNumber":"4","LLN":53945,"POINT_X":-81.92612876,"POINT_Y":26.54123484,"Depth":6,"ID":"N0402","reviewed":"yes","Fix":"yes","followup":" "}},{"type":"Feature","id":392,"geometry":{"type":"Point","coordinates":[-81.92555351641501,26.540020422681046]},"properties":{"OBJECTID_1":392,"OBJECTID":366,"GlobalID":"{81BE2391-5B43-46BE-83FD-8E6260345953}","created_user":null,"created_date":null,"last_edited_user":null,"last_edited_date":null,"System":"Deep Lagoon Marina","Color":"Green","MountingTy":"Piling Wood","NAVSize":"Small","Remarks":"Good","Owner":"Lee County","InspDate":1535601600000,"InspFreq":12,"NewInstall":null,"Comments":" ","NAVNumber":"5","LLN":53950,"POINT_X":-81.92555031,"POINT_Y":26.54001558,"Depth":4,"ID":"N0403","reviewed":"yes","Fix":"yes","followup":" "}},{"type":"Feature","id":393,"geometry":{"type":"Point","coordinates":[-81.9259918219027,26.539959247277668]},"properties":{"OBJECTID_1":393,"OBJECTID":367,"GlobalID":"{2540FDFE-B773-44A9-BFF8-01EB1F1D450B}","created_user":null,"created_date":null,"last_edited_user":null,"last_edited_date":null,"System":"Deep Lagoon Marina","Color":"Red","MountingTy":"Piling Wood","NAVSize":"Small","Remarks":"Good","Owner":"Lee County","InspDate":1535601600000,"InspFreq":12,"NewInstall":null,"Comments":" ","NAVNumber":"6","LLN":53955,"POINT_X":-81.92598862,"POINT_Y":26.53995441,"Depth":6,"ID":"N0404","reviewed":"yes","Fix":"yes","followup":" "}},{"type":"Feature","id":394,"geometry":{"type":"Point","coordinates":[-81.92545131948852,26.53935915809949]},"properties":{"OBJECTID_1":394,"OBJECTID":368,"GlobalID":"{4B2EAC14-99DE-43F1-8E47-5D51A26EBF83}","created_user":null,"created_date":null,"last_edited_user":null,"last_edited_date":null,"System":"Deep Lagoon Marina","Color":"Green TRUB","MountingTy":"Buoy","NAVSize":"Small","Remarks":"Good","Owner":"Lee County","InspDate":1535601600000,"InspFreq":12,"NewInstall":null,"Comments":" ","NAVNumber":"7","LLN":53825,"POINT_X":-81.92544811,"POINT_Y":26.53935432,"Depth":6,"ID":"N0405","reviewed":"yes","Fix":"yes","followup":" "}},{"type":"Feature","id":395,"geometry":{"type":"Point","coordinates":[-81.92581793890457,26.538990234513246]},"properties":{"OBJECTID_1":395,"OBJECTID":369,"GlobalID":"{6338475B-32D0-464E-A7BA-901D6579C4C9}","created_user":null,"created_date":null,"last_edited_user":null,"last_edited_date":null,"System":"Deep Lagoon Marina","Color":"Red","MountingTy":"Piling Wood","NAVSize":"Small","Remarks":"Good","Owner":"Lee County","InspDate":1535601600000,"InspFreq":12,"NewInstall":1467259200000,"Comments":" ","NAVNumber":"8","LLN":53960,"POINT_X":-81.92581473,"POINT_Y":26.53898539,"Depth":4,"ID":"N0406","reviewed":"yes","Fix":"yes","followup":" "}},{"type":"Feature","id":396,"geometry":{"type":"Point","coordinates":[-81.92753130586765,26.543684770170437]},"properties":{"OBJECTID_1":396,"OBJECTID":370,"GlobalID":"{B43C4258-E4E2-4B32-A0D4-0FD21C438DDF}","created_user":null,"created_date":null,"last_edited_user":null,"last_edited_date":null,"System":"Town And River Rim.","Color":"Green","MountingTy":"Piling Wood","NAVSize":"Small","Remarks":"Good","Owner":"Lee County","InspDate":1535601600000,"InspFreq":12,"NewInstall":1520226000000,"Comments":"leaning","NAVNumber":"1","LLN":53875,"POINT_X":-81.9275281,"POINT_Y":26.54367993,"Depth":6,"ID":"N0407","reviewed":"yes","Fix":"no","followup":" "}},{"type":"Feature","id":397,"geometry":{"type":"Point","coordinates":[-81.92737033266833,26.543796650115524]},"properties":{"OBJECTID_1":397,"OBJECTID":371,"GlobalID":"{45C88207-4A54-4FFE-A9D2-457144355EA6}","created_user":null,"created_date":null,"last_edited_user":null,"last_edited_date":null,"System":"Town And River Rim.","Color":"Red","MountingTy":"Piling Wood","NAVSize":"Small","Remarks":"Good","Owner":"Lee County","InspDate":1535601600000,"InspFreq":12,"NewInstall":null,"Comments":" ","NAVNumber":"2","LLN":53880,"POINT_X":-81.92736713,"POINT_Y":26.54379181,"Depth":6,"ID":"N0408","reviewed":"yes","Fix":"yes","followup":" "}},{"type":"Feature","id":398,"geometry":{"type":"Point","coordinates":[-81.92736321893007,26.54415521951074]},"properties":{"OBJECTID_1":398,"OBJECTID":372,"GlobalID":"{D197A947-0726-4496-A0D8-DF35133BB05E}","created_user":null,"created_date":null,"last_edited_user":null,"last_edited_date":null,"System":"Town And River Rim.","Color":"Red","MountingTy":"Piling Wood","NAVSize":"Small","Remarks":"Good","Owner":"Lee County","InspDate":1535601600000,"InspFreq":12,"NewInstall":null,"Comments":" ","NAVNumber":"4","LLN":53890,"POINT_X":-81.92736001,"POINT_Y":26.54415038,"Depth":6,"ID":"N0409","reviewed":"yes","Fix":"no","followup":" "}},{"type":"Feature","id":399,"geometry":{"type":"Point","coordinates":[-81.92753640450285,26.544238906169635]},"properties":{"OBJECTID_1":399,"OBJECTID":373,"GlobalID":"{C2F4BCE5-9FB8-406E-8D68-01D5DC2FD722}","created_user":null,"created_date":null,"last_edited_user":null,"last_edited_date":null,"System":"Town And River Rim.","Color":"Green","MountingTy":"Piling Wood","NAVSize":"Small","Remarks":"Good","Owner":"Lee County","InspDate":1535601600000,"InspFreq":12,"NewInstall":null,"Comments":" ","NAVNumber":"3","LLN":53885,"POINT_X":-81.9275332,"POINT_Y":26.54423406,"Depth":6,"ID":"N0410","reviewed":"yes","Fix":"yes","followup":" "}},{"type":"Feature","id":400,"geometry":{"type":"Point","coordinates":[-81.92781300861357,26.54567163382792]},"properties":{"OBJECTID_1":400,"OBJECTID":374,"GlobalID":"{4B6FCB64-C840-4792-82DE-8EB76B82978C}","created_user":null,"created_date":null,"last_edited_user":null,"last_edited_date":null,"System":"Town And River Rim.","Color":"Green","MountingTy":"Piling Wood","NAVSize":"Small","Remarks":"Good","Owner":"Lee County","InspDate":1535601600000,"InspFreq":12,"NewInstall":null,"Comments":" ","NAVNumber":"5","LLN":53895,"POINT_X":-81.9278098,"POINT_Y":26.54566679,"Depth":6,"ID":"N0411","reviewed":"yes","Fix":"no","followup":" "}},{"type":"Feature","id":401,"geometry":{"type":"Point","coordinates":[-81.9278304132889,26.54688060113123]},"properties":{"OBJECTID_1":401,"OBJECTID":375,"GlobalID":"{200B4F06-9A59-413C-9C04-CBCDDFC8AC32}","created_user":null,"created_date":null,"last_edited_user":null,"last_edited_date":null,"System":"Town And River Rim.","Color":"Green","MountingTy":"Piling Wood","NAVSize":"Small","Remarks":"Good","Owner":"Lee County","InspDate":1535601600000,"InspFreq":12,"NewInstall":null,"Comments":" ","NAVNumber":"7","LLN":53900,"POINT_X":-81.92782721,"POINT_Y":26.54687576,"Depth":6,"ID":"N0412","reviewed":"yes","Fix":"no","followup":" "}},{"type":"Feature","id":402,"geometry":{"type":"Point","coordinates":[-81.8419491348578,26.346784725309952]},"properties":{"OBJECTID_1":402,"OBJECTID":376,"GlobalID":"{33A1A4EF-40D5-4A50-8A5D-F50D27647A9E}","created_user":null,"created_date":null,"last_edited_user":null,"last_edited_date":null,"System":"Estero Bay South","Color":"Green","MountingTy":"Piling Wood","NAVSize":"Small","Remarks":"Good","Owner":"Lee County","InspDate":1541566800000,"InspFreq":12,"NewInstall":null,"Comments":" ","NAVNumber":"87","LLN":19730,"POINT_X":-81.84194596,"POINT_Y":26.34677993,"Depth":6,"ID":"N0413","reviewed":"yes","Fix":"yes","followup":" "}},{"type":"Feature","id":403,"geometry":{"type":"Point","coordinates":[-81.90072210244884,26.42989031012987]},"properties":{"OBJECTID_1":403,"OBJECTID":377,"GlobalID":"{B20A5779-5039-4E32-811F-32818CC1EE8D}","created_user":null,"created_date":null,"last_edited_user":null,"last_edited_date":null,"System":"Estero Bay North","Color":"Red","MountingTy":"Piling Wood","NAVSize":"Small","Remarks":"Good","Owner":"Lee County","InspDate":1542085200000,"InspFreq":12,"NewInstall":null,"Comments":" ","NAVNumber":"46","LLN":18655,"POINT_X":-81.90071891,"POINT_Y":26.4298855,"Depth":6,"ID":"N0414","reviewed":"yes","Fix":"no","followup":" "}},{"type":"Feature","id":404,"geometry":{"type":"Point","coordinates":[-81.90125898540806,26.43050030231975]},"properties":{"OBJECTID_1":404,"OBJECTID":378,"GlobalID":"{52EE7008-BE93-400B-AB51-BC733DCFDE1C}","created_user":null,"created_date":null,"last_edited_user":null,"last_edited_date":null,"System":"Estero Bay North","Color":"Green","MountingTy":"Piling Wood","NAVSize":"Small","Remarks":"Good","Owner":"Lee County","InspDate":1542085200000,"InspFreq":12,"NewInstall":null,"Comments":" ","NAVNumber":"43","LLN":18640,"POINT_X":-81.90125579,"POINT_Y":26.43049549,"Depth":6,"ID":"N0415","reviewed":"yes","Fix":"no","followup":" "}},{"type":"Feature","id":405,"geometry":{"type":"Point","coordinates":[-81.90154050455953,26.4303357350611]},"properties":{"OBJECTID_1":405,"OBJECTID":379,"GlobalID":"{F545D863-9586-4904-B9CC-88FF6034A678}","created_user":null,"created_date":null,"last_edited_user":null,"last_edited_date":null,"System":"Estero Bay North","Color":"Red","MountingTy":"Piling Wood","NAVSize":"Small","Remarks":"Good","Owner":"Lee County","InspDate":1542085200000,"InspFreq":12,"NewInstall":1516165200000,"Comments":" ","NAVNumber":"44","LLN":18645,"POINT_X":-81.90153731,"POINT_Y":26.43033092,"Depth":6,"ID":"N0416","reviewed":"yes","Fix":"no","followup":" "}},{"type":"Feature","id":406,"geometry":{"type":"Point","coordinates":[-81.90269096226017,26.43280375550392]},"properties":{"OBJECTID_1":406,"OBJECTID":380,"GlobalID":"{A1D24693-C3B2-49E2-B009-A0A4C7C48513}","created_user":null,"created_date":null,"last_edited_user":null,"last_edited_date":null,"System":"Estero Bay North","Color":"Red","MountingTy":"Piling Wood","NAVSize":"Small","Remarks":"Good","Owner":"Lee County","InspDate":1542085200000,"InspFreq":12,"NewInstall":1516165200000,"Comments":" ","NAVNumber":"42","LLN":18635,"POINT_X":-81.90268777,"POINT_Y":26.43279894,"Depth":6,"ID":"N0417","reviewed":"yes","Fix":"no","followup":" "}},{"type":"Feature","id":407,"geometry":{"type":"Point","coordinates":[-81.90289444029881,26.433748303863656]},"properties":{"OBJECTID_1":407,"OBJECTID":381,"GlobalID":"{ECC3C2E7-957E-4BCF-8F34-15EC71E9E71A}","created_user":null,"created_date":null,"last_edited_user":null,"last_edited_date":null,"System":"Estero Bay North","Color":"Green","MountingTy":"Piling Wood","NAVSize":"Small","Remarks":"Good","Owner":"Lee County","InspDate":1542085200000,"InspFreq":12,"NewInstall":1446091200000,"Comments":" ","NAVNumber":"41","LLN":18630,"POINT_X":-81.90289124,"POINT_Y":26.43374349,"Depth":6,"ID":"N0418","reviewed":"yes","Fix":"no","followup":" "}},{"type":"Feature","id":408,"geometry":{"type":"Point","coordinates":[-81.90433308497778,26.434693592507433]},"properties":{"OBJECTID_1":408,"OBJECTID":382,"GlobalID":"{01AB409B-3852-40DD-BB91-113AFA208F4E}","created_user":null,"created_date":null,"last_edited_user":null,"last_edited_date":null,"System":"Estero Bay North","Color":"Green","MountingTy":"Piling Wood","NAVSize":"Small","Remarks":"Good","Owner":"Lee County","InspDate":1542085200000,"InspFreq":12,"NewInstall":null,"Comments":" ","NAVNumber":"39","LLN":18620,"POINT_X":-81.90432989,"POINT_Y":26.43468878,"Depth":6,"ID":"N0419","reviewed":"yes","Fix":"no","followup":" "}},{"type":"Feature","id":409,"geometry":{"type":"Point","coordinates":[-81.90447120396259,26.434071048658318]},"properties":{"OBJECTID_1":409,"OBJECTID":383,"GlobalID":"{A732386F-3E4E-4DCC-B0B1-1F112E703F86}","created_user":null,"created_date":null,"last_edited_user":null,"last_edited_date":null,"System":"Estero Bay North","Color":"Red","MountingTy":"Piling Wood","NAVSize":"Small","Remarks":"Good","Owner":"Lee County","InspDate":1542085200000,"InspFreq":12,"NewInstall":null,"Comments":" ","NAVNumber":"40","LLN":18625,"POINT_X":-81.90446801,"POINT_Y":26.43406623,"Depth":6,"ID":"N0420","reviewed":"yes","Fix":"no","followup":" "}},{"type":"Feature","id":410,"geometry":{"type":"Point","coordinates":[-81.90931630008016,26.433950738956693]},"properties":{"OBJECTID_1":410,"OBJECTID":384,"GlobalID":"{79343AC3-B3DE-4639-A000-6DB8076DE24E}","created_user":null,"created_date":null,"last_edited_user":null,"last_edited_date":null,"System":"Estero Bay North","Color":"Red","MountingTy":"Piling Wood","NAVSize":"Small","Remarks":"Excellent","Owner":"Lee County","InspDate":1542085200000,"InspFreq":12,"NewInstall":1516165200000,"Comments":" ","NAVNumber":"38","LLN":18615,"POINT_X":-81.9093131,"POINT_Y":26.43394592,"Depth":6,"ID":"N0421","reviewed":"yes","Fix":"no","followup":" "}},{"type":"Feature","id":411,"geometry":{"type":"Point","coordinates":[-81.91035759640914,26.43488452670731]},"properties":{"OBJECTID_1":411,"OBJECTID":385,"GlobalID":"{CFCABFEA-02EC-4B93-9538-F23D4D9F35CA}","created_user":null,"created_date":null,"last_edited_user":null,"last_edited_date":null,"System":"Estero Bay North","Color":"Green","MountingTy":"Piling Wood","NAVSize":"Small","Remarks":"Good","Owner":"Lee County","InspDate":1542085200000,"InspFreq":12,"NewInstall":null,"Comments":" ","NAVNumber":"37","LLN":18610,"POINT_X":-81.9103544,"POINT_Y":26.43487971,"Depth":6,"ID":"N0422","reviewed":"yes","Fix":"no","followup":" "}},{"type":"Feature","id":412,"geometry":{"type":"Point","coordinates":[-81.91243581063091,26.43697553782312]},"properties":{"OBJECTID_1":412,"OBJECTID":386,"GlobalID":"{382E6EA7-9F65-493E-B204-C7ED035F9B15}","created_user":null,"created_date":null,"last_edited_user":null,"last_edited_date":null,"System":"Estero Bay North","Color":"Green","MountingTy":"Piling Wood","NAVSize":"Small","Remarks":"Good","Owner":"Lee County","InspDate":1542085200000,"InspFreq":12,"NewInstall":null,"Comments":" ","NAVNumber":"35","LLN":18605,"POINT_X":-81.91243261,"POINT_Y":26.43697072,"Depth":6,"ID":"N0423","reviewed":"yes","Fix":"no","followup":" "}},{"type":"Feature","id":413,"geometry":{"type":"Point","coordinates":[-81.91470572151715,26.43808745744991]},"properties":{"OBJECTID_1":413,"OBJECTID":387,"GlobalID":"{F8C55632-A81D-4A10-95DD-46582BCE9F3A}","created_user":null,"created_date":null,"last_edited_user":null,"last_edited_date":null,"System":"Estero Bay South","Color":"Green","MountingTy":"Piling Wood","NAVSize":"Small","Remarks":"Good","Owner":"Lee County","InspDate":1542085200000,"InspFreq":12,"NewInstall":null,"Comments":" ","NAVNumber":"33","LLN":18600,"POINT_X":-81.91470252,"POINT_Y":26.43808264,"Depth":8,"ID":"N0424","reviewed":"yes","Fix":"no","followup":" "}},{"type":"Feature","id":414,"geometry":{"type":"Point","coordinates":[-81.91778953449771,26.439227630159035]},"properties":{"OBJECTID_1":414,"OBJECTID":388,"GlobalID":"{FC88CE2E-B4D0-4F1E-A80B-7878AE56BC1C}","created_user":null,"created_date":null,"last_edited_user":null,"last_edited_date":null,"System":"Estero Bay North","Color":"Green","MountingTy":"Piling Wood","NAVSize":"Small","Remarks":"Good","Owner":"Lee County","InspDate":1542085200000,"InspFreq":12,"NewInstall":1444795200000,"Comments":" ","NAVNumber":"31","LLN":18595,"POINT_X":-81.91778633,"POINT_Y":26.43922281,"Depth":6,"ID":"N0425","reviewed":"yes","Fix":"no","followup":" "}},{"type":"Feature","id":415,"geometry":{"type":"Point","coordinates":[-81.91837171626918,26.439486492156966]},"properties":{"OBJECTID_1":415,"OBJECTID":389,"GlobalID":"{9AFE4D3F-D2DF-46E7-B5B5-ADDF6969D7A6}","created_user":null,"created_date":null,"last_edited_user":null,"last_edited_date":null,"System":"Estero Bay North","Color":"Green","MountingTy":"Piling Wood","NAVSize":"Small","Remarks":"needs new sign","Owner":"Lee County","InspDate":1542085200000,"InspFreq":12,"NewInstall":null,"Comments":" ","NAVNumber":"29","LLN":18590,"POINT_X":-81.91836852,"POINT_Y":26.43948168,"Depth":6,"ID":"N0426","reviewed":"yes","Fix":"no","followup":" "}},{"type":"Feature","id":416,"geometry":{"type":"Point","coordinates":[-81.91928514503256,26.439976871266072]},"properties":{"OBJECTID_1":416,"OBJECTID":390,"GlobalID":"{C5924511-A852-4D3A-86CD-AE16154750BC}","created_user":null,"created_date":null,"last_edited_user":null,"last_edited_date":null,"System":"Estero Bay North","Color":"Green","MountingTy":"Piling Wood","NAVSize":"Small","Remarks":"Excellent","Owner":"Lee County","InspDate":1542085200000,"InspFreq":12,"NewInstall":1519621200000,"Comments":" ","NAVNumber":"27","LLN":18585,"POINT_X":-81.91928194,"POINT_Y":26.43997206,"Depth":6,"ID":"N0427","reviewed":"yes","Fix":"no","followup":" "}},{"type":"Feature","id":417,"geometry":{"type":"Point","coordinates":[-81.92014841055773,26.440757090695065]},"properties":{"OBJECTID_1":417,"OBJECTID":391,"GlobalID":"{3ED058CE-5A3A-4F3C-A7B9-C57D57E2D7D9}","created_user":null,"created_date":null,"last_edited_user":null,"last_edited_date":null,"System":"Estero Bay North","Color":"Green","MountingTy":"Piling Wood","NAVSize":"Small","Remarks":"needs new sign","Owner":"Lee County","InspDate":1542085200000,"InspFreq":12,"NewInstall":null,"Comments":" ","NAVNumber":"25","LLN":18580,"POINT_X":-81.92014521,"POINT_Y":26.44075227,"Depth":6,"ID":"N0428","reviewed":"yes","Fix":"no","followup":" "}},{"type":"Feature","id":418,"geometry":{"type":"Point","coordinates":[-81.85425125443338,26.4877919849959]},"properties":{"OBJECTID_1":418,"OBJECTID":392,"GlobalID":"{E4ABB524-29C8-4C14-AD6B-E1977FFE905C}","created_user":null,"created_date":null,"last_edited_user":null,"last_edited_date":null,"System":"Mullock Crk","Color":"Green TRUB","MountingTy":"Buoy","NAVSize":"Small","Remarks":"Excellent","Owner":"Lee County","InspDate":1522296000000,"InspFreq":12,"NewInstall":1522296000000,"Comments":"sealite","NAVNumber":"temp","LLN":0,"POINT_X":-81.85424807,"POINT_Y":26.48778716,"Depth":6,"ID":"N0429","reviewed":" ","Fix":" ","followup":" "}},{"type":"Feature","id":419,"geometry":{"type":"Point","coordinates":[-81.85429363316075,26.487850602079813]},"properties":{"OBJECTID_1":419,"OBJECTID":393,"GlobalID":"{CA70AAF3-E010-490E-9A54-895C9E6D4D81}","created_user":null,"created_date":null,"last_edited_user":null,"last_edited_date":null,"System":"Mullock Crk","Color":"Red TRUB","MountingTy":"Buoy","NAVSize":"Small","Remarks":"Excellent","Owner":"Lee County","InspDate":1522296000000,"InspFreq":12,"NewInstall":1522296000000,"Comments":"Sealite","NAVNumber":"temp","LLN":0,"POINT_X":-81.85429045,"POINT_Y":26.48784577,"Depth":6,"ID":"N0430","reviewed":" ","Fix":" ","followup":" "}},{"type":"Feature","id":420,"geometry":{"type":"Point","coordinates":[-82.0108225313957,26.484855968422963]},"properties":{"OBJECTID_1":420,"OBJECTID":396,"GlobalID":"{33D8C0D8-87B2-4C9C-BC85-05E50A15C39B}","created_user":null,"created_date":null,"last_edited_user":null,"last_edited_date":null,"System":"Punta Rassa","Color":"Green","MountingTy":"Piling Wood","NAVSize":"Small","Remarks":"Excellent","Owner":"Lee County","InspDate":1539921600000,"InspFreq":12,"NewInstall":1518411600000,"Comments":" ","NAVNumber":"5","LLN":18060,"POINT_X":-82.0108193,"POINT_Y":26.48485114,"Depth":4,"ID":"N0432","reviewed":"yes","Fix":"yes","followup":" "}},{"type":"Feature","id":421,"geometry":{"type":"Point","coordinates":[-82.01158638533515,26.484534443608965]},"properties":{"OBJECTID_1":421,"OBJECTID":397,"GlobalID":"{8AC8E4AB-66FE-4F08-A32D-030E90EE006A}","created_user":null,"created_date":null,"last_edited_user":null,"last_edited_date":null,"System":"Punta Rassa","Color":"Green","MountingTy":"Piling Wood","NAVSize":"Small","Remarks":"Good","Owner":"Lee County","InspDate":1539921600000,"InspFreq":12,"NewInstall":null,"Comments":" ","NAVNumber":"3","LLN":18050,"POINT_X":-82.01158316,"POINT_Y":26.48452962,"Depth":4,"ID":"N0433","reviewed":"yes","Fix":"yes","followup":" "}},{"type":"Feature","id":422,"geometry":{"type":"Point","coordinates":[-82.14667383758075,26.703780376109016]},"properties":{"OBJECTID_1":422,"OBJECTID":934,"GlobalID":"{8B3F7462-3EFC-407E-AE87-12EE11FFA11F}","created_user":null,"created_date":null,"last_edited_user":null,"last_edited_date":null,"System":"Pine Island East Chan.","Color":"Green","MountingTy":"Piling Wood","NAVSize":"Large","Remarks":"needs new sign","Owner":"Lee County","InspDate":1550466000000,"InspFreq":12,"NewInstall":null,"Comments":" ","NAVNumber":"1","LLN":56509,"POINT_X":-82.14667056,"POINT_Y":26.7037755,"Depth":4,"ID":"N0434","reviewed":"yes","Fix":"no","followup":" "}},{"type":"Feature","id":423,"geometry":{"type":"Point","coordinates":[-82.14691530976846,26.704045718858808]},"properties":{"OBJECTID_1":423,"OBJECTID":935,"GlobalID":"{EC945647-D37C-44AF-A596-D44EDEF0D632}","created_user":null,"created_date":null,"last_edited_user":null,"last_edited_date":null,"System":"Pine Island East Chan.","Color":"Red","MountingTy":"Piling Wood","NAVSize":"Small","Remarks":"Good","Owner":"Lee County","InspDate":1530849600000,"InspFreq":12,"NewInstall":null,"Comments":" ","NAVNumber":"2","LLN":56509.1015625,"POINT_X":-82.14691204,"POINT_Y":26.70404084,"Depth":4,"ID":"N0435","reviewed":"yes","Fix":"no","followup":" "}},{"type":"Feature","id":424,"geometry":{"type":"Point","coordinates":[-82.14788333778587,26.70299164638421]},"properties":{"OBJECTID_1":424,"OBJECTID":936,"GlobalID":"{995041DD-3942-4DE5-BFB6-4FA3F01A5ECB}","created_user":null,"created_date":null,"last_edited_user":null,"last_edited_date":null,"System":"Pine Island East Chan.","Color":"Red","MountingTy":"Piling Wood","NAVSize":"Small","Remarks":"Good","Owner":"Lee County","InspDate":1530849600000,"InspFreq":12,"NewInstall":null,"Comments":" ","NAVNumber":"4","LLN":56509.19921875,"POINT_X":-82.14788006,"POINT_Y":26.70298677,"Depth":4,"ID":"N0436","reviewed":"yes","Fix":"yes","followup":" "}},{"type":"Feature","id":425,"geometry":{"type":"Point","coordinates":[-82.14879290205774,26.70238181916463]},"properties":{"OBJECTID_1":425,"OBJECTID":937,"GlobalID":"{351FEF5F-4918-4E85-A53F-EF959F9D6237}","created_user":null,"created_date":null,"last_edited_user":null,"last_edited_date":null,"System":"Pine Island East Chan.","Color":"Green","MountingTy":"Piling Wood","NAVSize":"Small","Remarks":"Good","Owner":"Lee County","InspDate":1530849600000,"InspFreq":12,"NewInstall":null,"Comments":" ","NAVNumber":"5","LLN":56509.30078125,"POINT_X":-82.14878963,"POINT_Y":26.70237694,"Depth":4,"ID":"N0437","reviewed":"yes","Fix":"yes","followup":" "}},{"type":"Feature","id":426,"geometry":{"type":"Point","coordinates":[-82.14827437922399,26.70131066325874]},"properties":{"OBJECTID_1":426,"OBJECTID":938,"GlobalID":"{DF558636-7F03-47FE-B21C-89BFB3D5DB68}","created_user":null,"created_date":null,"last_edited_user":null,"last_edited_date":null,"System":"Pine Island East Chan.","Color":"Green","MountingTy":"Piling Wood","NAVSize":"Small","Remarks":"Fair","Owner":"Lee County","InspDate":1530849600000,"InspFreq":12,"NewInstall":null,"Comments":" ","NAVNumber":"7","LLN":56509.3984375,"POINT_X":-82.14827111,"POINT_Y":26.70130579,"Depth":4,"ID":"N0438","reviewed":"yes","Fix":"no","followup":" "}},{"type":"Feature","id":427,"geometry":{"type":"Point","coordinates":[-82.08621850711106,26.6544336724021]},"properties":{"OBJECTID_1":427,"OBJECTID":413,"GlobalID":"{0419DFFD-1749-4815-9CDD-5D128B158B25}","created_user":null,"created_date":null,"last_edited_user":null,"last_edited_date":null,"System":"Matlacha Pass","Color":"Green","MountingTy":"Piling Wood","NAVSize":"Large","Remarks":"Excellent","Owner":"Lee County","InspDate":1530158400000,"InspFreq":12,"NewInstall":1530158400000,"Comments":"BS","NAVNumber":"69","LLN":55190,"POINT_X":-82.08621525,"POINT_Y":26.65442881,"Depth":10,"ID":"N0449","reviewed":"yes","Fix":"yes","followup":" "}},{"type":"Feature","id":428,"geometry":{"type":"Point","coordinates":[-81.84778014584639,26.351569965782044]},"properties":{"OBJECTID_1":428,"OBJECTID":414,"GlobalID":"{DEA290C0-F560-4805-8942-0DB7CAF73A32}","created_user":null,"created_date":null,"last_edited_user":null,"last_edited_date":null,"System":"Estero Bay South","Color":"Green","MountingTy":"Piling Wood","NAVSize":"Small","Remarks":"Good","Owner":"Lee County","InspDate":1541653200000,"InspFreq":12,"NewInstall":null,"Comments":" ","NAVNumber":"75","LLN":19695,"POINT_X":-81.84777697,"POINT_Y":26.35156517,"Depth":6,"ID":"N0450","reviewed":"yes","Fix":"no","followup":" "}},{"type":"Feature","id":429,"geometry":{"type":"Point","coordinates":[-81.88457292918102,26.410958342944337]},"properties":{"OBJECTID_1":429,"OBJECTID":415,"GlobalID":"{3D0AC13C-2CDD-44F9-83BC-9C97411B6D50}","created_user":null,"created_date":null,"last_edited_user":null,"last_edited_date":null,"System":"Estero Bay North","Color":"Green","MountingTy":"Piling Wood","NAVSize":"Small","Remarks":"Good","Owner":"Lee County","InspDate":1542085200000,"InspFreq":12,"NewInstall":null,"Comments":" ","NAVNumber":"65","LLN":18730,"POINT_X":-81.88456974,"POINT_Y":26.41095353,"Depth":6,"ID":"N0451","reviewed":"yes","Fix":"no","followup":" "}},{"type":"Feature","id":430,"geometry":{"type":"Point","coordinates":[-81.88760032946763,26.411045837042277]},"properties":{"OBJECTID_1":430,"OBJECTID":416,"GlobalID":"{A7146B3C-A3DE-4D12-974A-71C8793AC04B}","created_user":null,"created_date":null,"last_edited_user":null,"last_edited_date":null,"System":"Estero Bay North","Color":"Green","MountingTy":"Piling Wood","NAVSize":"Small","Remarks":"Good","Owner":"Lee County","InspDate":1542085200000,"InspFreq":12,"NewInstall":null,"Comments":" ","NAVNumber":"63","LLN":18725,"POINT_X":-81.88759714,"POINT_Y":26.41104103,"Depth":6,"ID":"N0452","reviewed":"yes","Fix":"no","followup":" "}},{"type":"Feature","id":431,"geometry":{"type":"Point","coordinates":[-81.89054119881484,26.412387584082584]},"properties":{"OBJECTID_1":431,"OBJECTID":417,"GlobalID":"{D0AF4A64-D543-4EE8-9BBB-D2F39C2A5883}","created_user":null,"created_date":null,"last_edited_user":null,"last_edited_date":null,"System":"Estero Bay North","Color":"Green","MountingTy":"Piling Wood","NAVSize":"Small","Remarks":"Good","Owner":"Lee County","InspDate":1542085200000,"InspFreq":12,"NewInstall":1516165200000,"Comments":" ","NAVNumber":"61","LLN":18720,"POINT_X":-81.89053801,"POINT_Y":26.41238277,"Depth":8,"ID":"N0453","reviewed":"yes","Fix":"no","followup":" "}},{"type":"Feature","id":432,"geometry":{"type":"Point","coordinates":[-81.89108235704013,26.41311600362635]},"properties":{"OBJECTID_1":432,"OBJECTID":418,"GlobalID":"{9D9C46D2-A63A-4F09-A346-A96F3D099BD9}","created_user":null,"created_date":null,"last_edited_user":null,"last_edited_date":null,"System":"Estero Bay North","Color":"Green","MountingTy":"Piling Wood","NAVSize":"Small","Remarks":"needs new pile","Owner":"Lee County","InspDate":1516165200000,"InspFreq":12,"NewInstall":1516165200000,"Comments":" ","NAVNumber":"59A","LLN":18715,"POINT_X":-81.89107917,"POINT_Y":26.41311119,"Depth":6,"ID":"N0454","reviewed":"yes","Fix":"no","followup":" "}},{"type":"Feature","id":433,"geometry":{"type":"Point","coordinates":[-81.8918552070504,26.415967917581117]},"properties":{"OBJECTID_1":433,"OBJECTID":419,"GlobalID":"{69505A94-2F5F-4C2F-9D22-173D7EDF527A}","created_user":null,"created_date":null,"last_edited_user":null,"last_edited_date":null,"System":"Estero Bay North","Color":"Green","MountingTy":"Piling Wood","NAVSize":"Small","Remarks":"Good","Owner":"Lee County","InspDate":1542085200000,"InspFreq":12,"NewInstall":1519621200000,"Comments":" ","NAVNumber":"59","LLN":18710,"POINT_X":-81.89185202,"POINT_Y":26.41596311,"Depth":8,"ID":"N0455","reviewed":"yes","Fix":"yes","followup":" "}},{"type":"Feature","id":434,"geometry":{"type":"Point","coordinates":[-82.21650177022426,26.553348355673126]},"properties":{"OBJECTID_1":434,"OBJECTID":1217,"GlobalID":"{143FA923-535C-4C57-9952-3E929BCCDA32}","created_user":null,"created_date":null,"last_edited_user":null,"last_edited_date":null,"System":"Redfish Pass","Color":"Green","MountingTy":"Buoy","NAVSize":"Large","Remarks":"Excellent","Owner":"Lee County","InspDate":1529294400000,"InspFreq":12,"NewInstall":1529294400000,"Comments":"All new postion new","NAVNumber":"1","LLN":1255,"POINT_X":-82.21649848,"POINT_Y":26.55334352,"Depth":14,"ID":"N1071","reviewed":" ","Fix":" ","followup":" "}},{"type":"Feature","id":435,"geometry":{"type":"Point","coordinates":[-82.20672010361538,26.553450022372054]},"properties":{"OBJECTID_1":435,"OBJECTID":1218,"GlobalID":"{E753CF27-A28D-41B1-AB8B-1CDF6DD5A75B}","created_user":null,"created_date":null,"last_edited_user":null,"last_edited_date":null,"System":"Redfish Pass","Color":"Red","MountingTy":"Buoy","NAVSize":"Large","Remarks":"Excellent","Owner":"Lee County","InspDate":1529380800000,"InspFreq":12,"NewInstall":1529380800000,"Comments":"All new new location","NAVNumber":"4","LLN":1260,"POINT_X":-82.20671682,"POINT_Y":26.55344519,"Depth":16,"ID":"N1072","reviewed":" ","Fix":" ","followup":" "}},{"type":"Feature","id":436,"geometry":{"type":"Point","coordinates":[-82.20670010368403,26.55329002229366]},"properties":{"OBJECTID_1":436,"OBJECTID":1219,"GlobalID":"{2288FA7F-8825-46EE-B301-530D75688912}","created_user":null,"created_date":null,"last_edited_user":null,"last_edited_date":null,"System":" ","Color":"Red TRUB","MountingTy":" ","NAVSize":" ","Remarks":" ","Owner":"Lee County","InspDate":1529380800000,"InspFreq":0,"NewInstall":null,"Comments":"#4 old anchor","NAVNumber":" ","LLN":0,"POINT_X":-82.20669682,"POINT_Y":26.55328519,"Depth":12,"ID":"N1073","reviewed":" ","Fix":" ","followup":" "}},{"type":"Feature","id":437,"geometry":{"type":"Point","coordinates":[-82.17663177022936,26.49171502244024]},"properties":{"OBJECTID_1":437,"OBJECTID":1220,"GlobalID":"{78BB17C8-1834-4CE2-9810-BC93F3A1FCA0}","created_user":null,"created_date":null,"last_edited_user":null,"last_edited_date":null,"System":"Blind Pass","Color":"Red","MountingTy":"Piling Wood","NAVSize":"Small","Remarks":"Good","Owner":"Lee County","InspDate":1545800400000,"InspFreq":12,"NewInstall":null,"Comments":" ","NAVNumber":"14","LLN":0,"POINT_X":0,"POINT_Y":0,"Depth":2,"ID":" ","reviewed":" ","Fix":" ","followup":" "}},{"type":"Feature","id":438,"geometry":{"type":"Point","coordinates":[-81.89170741670073,26.418614572515803]},"properties":{"OBJECTID_1":438,"OBJECTID":420,"GlobalID":"{836F5752-7757-4630-AF05-7C0E79D4A8CD}","created_user":null,"created_date":null,"last_edited_user":null,"last_edited_date":null,"System":"Estero Bay North","Color":"Red","MountingTy":"Piling Wood","NAVSize":"Small","Remarks":"Good","Owner":"Lee County","InspDate":1542085200000,"InspFreq":12,"NewInstall":null,"Comments":" ","NAVNumber":"58","LLN":18705,"POINT_X":-81.89170422,"POINT_Y":26.41860976,"Depth":6,"ID":"N0456","reviewed":"yes","Fix":"no","followup":" "}},{"type":"Feature","id":439,"geometry":{"type":"Point","coordinates":[-82.14816561848606,26.70023420433753]},"properties":{"OBJECTID_1":439,"OBJECTID":939,"GlobalID":"{6719C244-B3AE-4B42-9537-499B2F364935}","created_user":null,"created_date":null,"last_edited_user":null,"last_edited_date":null,"System":"Pine Island East Chan.","Color":"Green","MountingTy":"Piling Wood","NAVSize":"Small","Remarks":"Good","Owner":"Lee County","InspDate":1530849600000,"InspFreq":12,"NewInstall":null,"Comments":" ","NAVNumber":"9","LLN":56509.5,"POINT_X":-82.14816234,"POINT_Y":26.70022933,"Depth":6,"ID":"N0457","reviewed":"yes","Fix":"no","followup":" "}},{"type":"Feature","id":440,"geometry":{"type":"Point","coordinates":[-82.1470317164828,26.700246483954924]},"properties":{"OBJECTID_1":440,"OBJECTID":940,"GlobalID":"{E5A8A418-B346-4785-8997-2DBA4FA3BDE6}","created_user":null,"created_date":null,"last_edited_user":null,"last_edited_date":null,"System":"Pine Island East Chan.","Color":"Green","MountingTy":"Piling Wood","NAVSize":"Small","Remarks":"Good","Owner":"Lee County","InspDate":1530849600000,"InspFreq":12,"NewInstall":null,"Comments":" ","NAVNumber":"11","LLN":56509.6015625,"POINT_X":-82.14702844,"POINT_Y":26.70024161,"Depth":4,"ID":"N0458","reviewed":"yes","Fix":"no","followup":" "}},{"type":"Feature","id":441,"geometry":{"type":"Point","coordinates":[-82.14562168932768,26.70022432553581]},"properties":{"OBJECTID_1":441,"OBJECTID":941,"GlobalID":"{95D2BCE8-ADE6-4343-89B0-B76655F457E3}","created_user":null,"created_date":null,"last_edited_user":null,"last_edited_date":null,"System":"Pine Island East Chan.","Color":"Green","MountingTy":"Piling Wood","NAVSize":"Small","Remarks":"Good","Owner":"Lee County","InspDate":1530849600000,"InspFreq":12,"NewInstall":null,"Comments":" ","NAVNumber":"13","LLN":56509.69921875,"POINT_X":-82.14561842,"POINT_Y":26.70021945,"Depth":6,"ID":"N0459","reviewed":"yes","Fix":"no","followup":" "}},{"type":"Feature","id":442,"geometry":{"type":"Point","coordinates":[-82.14923133266744,26.702316949841467]},"properties":{"OBJECTID_1":442,"OBJECTID":942,"GlobalID":"{4064B486-42FE-4E1A-855E-5FC8FF494BCE}","created_user":null,"created_date":null,"last_edited_user":null,"last_edited_date":null,"System":"Pine Island East Chan.","Color":"Red Over Green","MountingTy":"Piling Wood","NAVSize":"Small","Remarks":"Excellent","Owner":"Lee County","InspDate":1530849600000,"InspFreq":12,"NewInstall":1530849600000,"Comments":"3-way junction","NAVNumber":"A","LLN":56509.80078125,"POINT_X":-82.14922806,"POINT_Y":26.70231207,"Depth":2,"ID":"N0460","reviewed":"yes","Fix":"yes","followup":" "}},{"type":"Feature","id":443,"geometry":{"type":"Point","coordinates":[-82.1499429362956,26.702391131181923]},"properties":{"OBJECTID_1":443,"OBJECTID":943,"GlobalID":"{A608634E-8202-46D1-9D83-960718502945}","created_user":null,"created_date":null,"last_edited_user":null,"last_edited_date":null,"System":"Pine Island West Chan.","Color":"Green TRUB","MountingTy":"Piling Wood","NAVSize":"Small","Remarks":"needs new pile","Owner":"Lee County","InspDate":1550466000000,"InspFreq":12,"NewInstall":null,"Comments":" ","NAVNumber":"1","LLN":56509.8984375,"POINT_X":-82.14993966,"POINT_Y":26.70238626,"Depth":4,"ID":"N0461","reviewed":"yes","Fix":"no","followup":" "}},{"type":"Feature","id":444,"geometry":{"type":"Point","coordinates":[-82.15762601263525,26.70197191731527]},"properties":{"OBJECTID_1":444,"OBJECTID":944,"GlobalID":"{4E3EDA01-98CC-47BA-8E6E-D6F135A3A204}","created_user":null,"created_date":null,"last_edited_user":null,"last_edited_date":null,"System":"Jug Creek","Color":"Green","MountingTy":"Piling Wood","NAVSize":"Small","Remarks":"Fair","Owner":"Lee County","InspDate":1530849600000,"InspFreq":12,"NewInstall":null,"Comments":" ","NAVNumber":"37","LLN":56495,"POINT_X":-82.15762274,"POINT_Y":26.70196704,"Depth":4,"ID":"N0462","reviewed":"yes","Fix":"no","followup":" "}},{"type":"Feature","id":445,"geometry":{"type":"Point","coordinates":[-81.8905778685776,26.418191834989678]},"properties":{"OBJECTID_1":445,"OBJECTID":421,"GlobalID":"{07AF6AC1-518C-4B78-829D-561AF8515B6D}","created_user":null,"created_date":null,"last_edited_user":null,"last_edited_date":null,"System":"Estero Bay North","Color":"Green","MountingTy":"Piling Wood","NAVSize":"Small","Remarks":"Good","Owner":"Lee County","InspDate":1542085200000,"InspFreq":12,"NewInstall":1519621200000,"Comments":" ","NAVNumber":"57","LLN":18700,"POINT_X":-81.89057468,"POINT_Y":26.41818702,"Depth":6,"ID":"N0463","reviewed":"yes","Fix":"yes","followup":" "}},{"type":"Feature","id":446,"geometry":{"type":"Point","coordinates":[-81.89145675946271,26.421930906303093]},"properties":{"OBJECTID_1":446,"OBJECTID":422,"GlobalID":"{08E2480C-57A6-483C-8A10-143F285CCC93}","created_user":null,"created_date":null,"last_edited_user":null,"last_edited_date":null,"System":"Estero Bay North","Color":"Red","MountingTy":"Piling Wood","NAVSize":"Small","Remarks":"Good","Owner":"Lee County","InspDate":1542085200000,"InspFreq":12,"NewInstall":null,"Comments":" ","NAVNumber":"54","LLN":18690,"POINT_X":-81.89145357,"POINT_Y":26.42192609,"Depth":6,"ID":"N0464","reviewed":"yes","Fix":"no","followup":" "}},{"type":"Feature","id":447,"geometry":{"type":"Point","coordinates":[-81.89202643926593,26.425270073558035]},"properties":{"OBJECTID_1":447,"OBJECTID":423,"GlobalID":"{F8EA593C-1241-4614-8EB2-602036961EB8}","created_user":null,"created_date":null,"last_edited_user":null,"last_edited_date":null,"System":"Estero Bay North","Color":"Red","MountingTy":"Piling Wood","NAVSize":"Small","Remarks":"Good","Owner":"Lee County","InspDate":1542085200000,"InspFreq":12,"NewInstall":1516165200000,"Comments":" ","NAVNumber":"52","LLN":18685,"POINT_X":-81.89202325,"POINT_Y":26.42526526,"Depth":6,"ID":"N0465","reviewed":"yes","Fix":"no","followup":" "}},{"type":"Feature","id":448,"geometry":{"type":"Point","coordinates":[-81.89285063173544,26.42627486927192]},"properties":{"OBJECTID_1":448,"OBJECTID":424,"GlobalID":"{740221F4-BF44-4A3E-84E5-46891756C206}","created_user":null,"created_date":null,"last_edited_user":null,"last_edited_date":null,"System":"Estero Bay North","Color":"Green","MountingTy":"Piling Wood","NAVSize":"Small","Remarks":"Good","Owner":"Lee County","InspDate":1542085200000,"InspFreq":12,"NewInstall":1516165200000,"Comments":" ","NAVNumber":"51","LLN":18680,"POINT_X":-81.89284744,"POINT_Y":26.42627006,"Depth":6,"ID":"N0466","reviewed":"yes","Fix":"no","followup":" "}},{"type":"Feature","id":449,"geometry":{"type":"Point","coordinates":[-81.89565567530295,26.426810165352986]},"properties":{"OBJECTID_1":449,"OBJECTID":425,"GlobalID":"{17D2061E-61A1-43C5-B4BE-9873FE73C66A}","created_user":null,"created_date":null,"last_edited_user":null,"last_edited_date":null,"System":"Estero Bay North","Color":"Red","MountingTy":"Piling Wood","NAVSize":"Small","Remarks":"Good","Owner":"Lee County","InspDate":1542085200000,"InspFreq":12,"NewInstall":null,"Comments":" ","NAVNumber":"50","LLN":18675,"POINT_X":-81.89565248,"POINT_Y":26.42680535,"Depth":6,"ID":"N0467","reviewed":"yes","Fix":"no","followup":" "}},{"type":"Feature","id":450,"geometry":{"type":"Point","coordinates":[-81.895453555509,26.427118605710216]},"properties":{"OBJECTID_1":450,"OBJECTID":426,"GlobalID":"{3A556E7E-D5C6-4FFE-B212-13083ED9764F}","created_user":null,"created_date":null,"last_edited_user":null,"last_edited_date":null,"System":"Estero Bay North","Color":"Green","MountingTy":"Piling Wood","NAVSize":"Small","Remarks":"Good","Owner":"Lee County","InspDate":1542085200000,"InspFreq":12,"NewInstall":null,"Comments":" ","NAVNumber":"49","LLN":18670,"POINT_X":-81.89545036,"POINT_Y":26.42711379,"Depth":6,"ID":"N0468","reviewed":"yes","Fix":"no","followup":" "}},{"type":"Feature","id":451,"geometry":{"type":"Point","coordinates":[-81.89728562704903,26.429300171771672]},"properties":{"OBJECTID_1":451,"OBJECTID":427,"GlobalID":"{3D88E20C-290E-4DE6-B5A2-8FA8FB3DC986}","created_user":null,"created_date":null,"last_edited_user":null,"last_edited_date":null,"System":"Estero Bay North","Color":"Red","MountingTy":"Piling Wood","NAVSize":"Small","Remarks":"Good","Owner":"Lee County","InspDate":1542085200000,"InspFreq":12,"NewInstall":null,"Comments":" ","NAVNumber":"48","LLN":18665,"POINT_X":-81.89728243,"POINT_Y":26.42929536,"Depth":6,"ID":"N0469","reviewed":"yes","Fix":"no","followup":" "}},{"type":"Feature","id":452,"geometry":{"type":"Point","coordinates":[-81.89681734437697,26.429696321753802]},"properties":{"OBJECTID_1":452,"OBJECTID":428,"GlobalID":"{89D2040F-F73D-4E25-87C4-24BB571515EA}","created_user":null,"created_date":null,"last_edited_user":null,"last_edited_date":null,"System":"Estero Bay North","Color":"Green","MountingTy":"Piling Wood","NAVSize":"Small","Remarks":"Good","Owner":"Lee County","InspDate":1542085200000,"InspFreq":12,"NewInstall":1444795200000,"Comments":" ","NAVNumber":"47","LLN":18660,"POINT_X":-81.89681415,"POINT_Y":26.42969151,"Depth":6,"ID":"N0470","reviewed":"yes","Fix":"yes","followup":" "}},{"type":"Feature","id":453,"geometry":{"type":"Point","coordinates":[-81.90052067771249,26.430243807292204]},"properties":{"OBJECTID_1":453,"OBJECTID":429,"GlobalID":"{9E21FB04-F590-49E1-8DBD-472015BAD996}","created_user":null,"created_date":null,"last_edited_user":null,"last_edited_date":null,"System":"Estero Bay North","Color":"Green","MountingTy":"Piling Wood","NAVSize":"Small","Remarks":"Good","Owner":"Lee County","InspDate":1542085200000,"InspFreq":12,"NewInstall":1516165200000,"Comments":" ","NAVNumber":"45","LLN":18650,"POINT_X":-81.90051748,"POINT_Y":26.43023899,"Depth":6,"ID":"N0471","reviewed":"yes","Fix":"no","followup":" "}},{"type":"Feature","id":454,"geometry":{"type":"Point","coordinates":[-82.17777270829751,26.487444066593522]},"properties":{"OBJECTID_1":454,"OBJECTID":430,"GlobalID":"{B8FE48FE-969A-4A2C-B7CE-700B353B376A}","created_user":null,"created_date":null,"last_edited_user":null,"last_edited_date":null,"System":"Dinken Bayou","Color":"Green","MountingTy":"Piling Wood","NAVSize":"Small","Remarks":"Good","Owner":"Lee County","InspDate":1525838400000,"InspFreq":12,"NewInstall":null,"Comments":" ","NAVNumber":"9","LLN":55525,"POINT_X":-82.17776943,"POINT_Y":26.48743925,"Depth":4,"ID":"N0472","reviewed":"yes","Fix":"yes","followup":" "}},{"type":"Feature","id":455,"geometry":{"type":"Point","coordinates":[-82.17716946403654,26.487232896694987]},"properties":{"OBJECTID_1":455,"OBJECTID":432,"GlobalID":"{42F9B238-EE5A-4166-A8EA-5D74F89F2F12}","created_user":null,"created_date":null,"last_edited_user":null,"last_edited_date":null,"System":"Dinken Bayou","Color":"Green","MountingTy":"Piling Wood","NAVSize":"Small","Remarks":"Fair","Owner":"Lee County","InspDate":1525838400000,"InspFreq":12,"NewInstall":null,"Comments":" ","NAVNumber":"11","LLN":55535,"POINT_X":-82.17716619,"POINT_Y":26.48722808,"Depth":6,"ID":"N0473","reviewed":"yes","Fix":"yes","followup":" "}},{"type":"Feature","id":456,"geometry":{"type":"Point","coordinates":[-82.17709814071537,26.487142074159355]},"properties":{"OBJECTID_1":456,"OBJECTID":433,"GlobalID":"{2710454B-8699-410B-B5BF-C9B27C3ED32D}","created_user":null,"created_date":null,"last_edited_user":null,"last_edited_date":null,"System":"Dinken Bayou","Color":"Red","MountingTy":"Piling Wood","NAVSize":"Small","Remarks":"Good","Owner":"Lee County","InspDate":1525838400000,"InspFreq":12,"NewInstall":null,"Comments":" ","NAVNumber":"12","LLN":55540,"POINT_X":-82.17709486,"POINT_Y":26.48713725,"Depth":4,"ID":"N0474","reviewed":"yes","Fix":"yes","followup":" "}},{"type":"Feature","id":457,"geometry":{"type":"Point","coordinates":[-82.1777360062641,26.487356129306754]},"properties":{"OBJECTID_1":457,"OBJECTID":900,"GlobalID":"{2B12DC29-75F6-46F4-8BF6-D76D4361024C}","created_user":null,"created_date":null,"last_edited_user":null,"last_edited_date":null,"System":"Dinken Bayou","Color":"Red","MountingTy":"Piling Wood","NAVSize":"Small","Remarks":"missing","Owner":"Lee County","InspDate":1525838400000,"InspFreq":12,"NewInstall":null,"Comments":" ","NAVNumber":"10","LLN":55530,"POINT_X":-82.17773273,"POINT_Y":26.48735131,"Depth":4,"ID":"N0484","reviewed":"yes","Fix":"yes","followup":" "}},{"type":"Feature","id":458,"geometry":{"type":"Point","coordinates":[-82.01157311872996,26.48435963389116]},"properties":{"OBJECTID_1":458,"OBJECTID":449,"GlobalID":"{46B33F15-7D99-48AF-ABD7-489B644CBD2D}","created_user":null,"created_date":null,"last_edited_user":null,"last_edited_date":null,"System":"Punta Rassa","Color":"Red","MountingTy":"Piling Wood","NAVSize":"Small","Remarks":"Excellent","Owner":"Lee County","InspDate":1545109200000,"InspFreq":12,"NewInstall":1545109200000,"Comments":" ","NAVNumber":"4","LLN":18055,"POINT_X":-82.01156989,"POINT_Y":26.48435481,"Depth":6,"ID":"N0491","reviewed":"yes","Fix":"yes","followup":" "}},{"type":"Feature","id":459,"geometry":{"type":"Point","coordinates":[-82.01230802700232,26.48416099281548]},"properties":{"OBJECTID_1":459,"OBJECTID":450,"GlobalID":"{6EB1D545-5270-4EA5-852F-96822154CAED}","created_user":null,"created_date":null,"last_edited_user":null,"last_edited_date":null,"System":"Punta Rassa","Color":"Red","MountingTy":"Piling Wood","NAVSize":"Small","Remarks":"Good","Owner":"Lee County","InspDate":1539921600000,"InspFreq":12,"NewInstall":null,"Comments":" ","NAVNumber":"2","LLN":18045,"POINT_X":-82.0123048,"POINT_Y":26.48415617,"Depth":6,"ID":"N0492","reviewed":"yes","Fix":"yes","followup":" "}},{"type":"Feature","id":460,"geometry":{"type":"Point","coordinates":[-82.01238402153808,26.484310649379154]},"properties":{"OBJECTID_1":460,"OBJECTID":451,"GlobalID":"{101359A1-5DA7-4E84-8FE9-E46562B71FF4}","created_user":null,"created_date":null,"last_edited_user":null,"last_edited_date":null,"System":"Punta Rassa","Color":"Green","MountingTy":"Piling Wood","NAVSize":"Small","Remarks":"Good","Owner":"Lee County","InspDate":1539921600000,"InspFreq":12,"NewInstall":1512018000000,"Comments":" ","NAVNumber":"1","LLN":18040,"POINT_X":-82.01238079,"POINT_Y":26.48430582,"Depth":4,"ID":"N0493","reviewed":"yes","Fix":"yes","followup":" "}},{"type":"Feature","id":461,"geometry":{"type":"Point","coordinates":[-82.06674830260314,26.58038520385764]},"properties":{"OBJECTID_1":461,"OBJECTID":486,"GlobalID":"{F538654C-6D01-4101-974C-394A5E09C154}","created_user":null,"created_date":null,"last_edited_user":null,"last_edited_date":null,"System":"Matlacha Pass","Color":"Green","MountingTy":"Piling Wood","NAVSize":"Large","Remarks":"Excellent","Owner":"Lee County","InspDate":1529467200000,"InspFreq":12,"NewInstall":1529467200000,"Comments":" ","NAVNumber":"33","LLN":55045,"POINT_X":-82.06674506,"POINT_Y":26.58038036,"Depth":8,"ID":"N0528","reviewed":"yes","Fix":"no","followup":" "}},{"type":"Feature","id":462,"geometry":{"type":"Point","coordinates":[-82.06861611279541,26.562876129383906]},"properties":{"OBJECTID_1":462,"OBJECTID":487,"GlobalID":"{49A0C2BF-5625-4572-9271-08C228CD3DB4}","created_user":null,"created_date":null,"last_edited_user":null,"last_edited_date":null,"System":"Matlacha Pass","Color":"Green","MountingTy":"Piling Wood","NAVSize":"Large","Remarks":"Excellent","Owner":"Lee County","InspDate":1529467200000,"InspFreq":12,"NewInstall":1529467200000,"Comments":" ","NAVNumber":"29","LLN":55030,"POINT_X":-82.06861287,"POINT_Y":26.56287129,"Depth":8,"ID":"N0529","reviewed":"yes","Fix":"no","followup":" "}},{"type":"Feature","id":463,"geometry":{"type":"Point","coordinates":[-82.07013387263603,26.55864908354797]},"properties":{"OBJECTID_1":463,"OBJECTID":488,"GlobalID":"{6D99D8C8-A68B-4CF5-8180-41572EA42A5F}","created_user":null,"created_date":null,"last_edited_user":null,"last_edited_date":null,"System":"Matlacha Pass","Color":"Green","MountingTy":"Piling Wood","NAVSize":"Large","Remarks":"Excellent","Owner":"Lee County","InspDate":1540440000000,"InspFreq":12,"NewInstall":1540440000000,"Comments":" pile cracked lightning","NAVNumber":"27","LLN":55020,"POINT_X":-82.07013063,"POINT_Y":26.55864424,"Depth":6,"ID":"N0530","reviewed":"yes","Fix":"no","followup":" "}},{"type":"Feature","id":464,"geometry":{"type":"Point","coordinates":[-82.07363862065505,26.551532081548043]},"properties":{"OBJECTID_1":464,"OBJECTID":489,"GlobalID":"{B75200D6-BE68-42B7-9A41-7BC150140618}","created_user":null,"created_date":null,"last_edited_user":null,"last_edited_date":null,"System":"Matlacha Pass","Color":"Green","MountingTy":"Piling Wood","NAVSize":"Large","Remarks":"Excellent","Owner":"Lee County","InspDate":1529467200000,"InspFreq":12,"NewInstall":1529467200000,"Comments":" ","NAVNumber":"25","LLN":55010,"POINT_X":-82.07363537,"POINT_Y":26.55152724,"Depth":8,"ID":"N0531","reviewed":"yes","Fix":"no","followup":" "}},{"type":"Feature","id":465,"geometry":{"type":"Point","coordinates":[-82.07053626276397,26.54237624261075]},"properties":{"OBJECTID_1":465,"OBJECTID":490,"GlobalID":"{9D34B3DE-209C-4CEA-962D-409157EEF10C}","created_user":null,"created_date":null,"last_edited_user":null,"last_edited_date":null,"System":"Matlacha Pass","Color":"Green","MountingTy":"Piling Wood","NAVSize":"Large","Remarks":"Excellent","Owner":"Lee County","InspDate":1529467200000,"InspFreq":12,"NewInstall":1529467200000,"Comments":" ","NAVNumber":"23","LLN":55000,"POINT_X":-82.07053302,"POINT_Y":26.54237141,"Depth":10,"ID":"N0532","reviewed":"yes","Fix":"no","followup":" "}},{"type":"Feature","id":466,"geometry":{"type":"Point","coordinates":[-82.0625485993698,26.535581849419373]},"properties":{"OBJECTID_1":466,"OBJECTID":491,"GlobalID":"{2C672849-AB66-44D6-809E-C981435EE7F5}","created_user":null,"created_date":null,"last_edited_user":null,"last_edited_date":null,"System":"Matlacha Pass","Color":"Green","MountingTy":"Piling Wood","NAVSize":"Large","Remarks":"Excellent","Owner":"Lee County","InspDate":1523937600000,"InspFreq":12,"NewInstall":1523937600000,"Comments":" ","NAVNumber":"19","LLN":54915,"POINT_X":-82.06254535,"POINT_Y":26.53557701,"Depth":8,"ID":"N0533","reviewed":"yes","Fix":"no","followup":" "}},{"type":"Feature","id":467,"geometry":{"type":"Point","coordinates":[-81.93656227176615,26.45676439986016]},"properties":{"OBJECTID_1":467,"OBJECTID":571,"GlobalID":"{F0AF12BE-8BB2-4B7F-B87C-464D7A9B2335}","created_user":null,"created_date":null,"last_edited_user":null,"last_edited_date":null,"System":"Hurricane Bay","Color":"Green","MountingTy":"Piling Wood","NAVSize":"Small","Remarks":"Good","Owner":"Lee County","InspDate":1542085200000,"InspFreq":12,"NewInstall":null,"Comments":" ","NAVNumber":"5","LLN":18335,"POINT_X":-81.93655907,"POINT_Y":26.45675958,"Depth":8,"ID":"N0534","reviewed":"yes","Fix":"no","followup":" "}},{"type":"Feature","id":468,"geometry":{"type":"Point","coordinates":[-81.92773993331244,26.4488398647544]},"properties":{"OBJECTID_1":468,"OBJECTID":572,"GlobalID":"{31E520EF-E59B-4DDA-B8E6-4B53C6F1FDD1}","created_user":null,"created_date":null,"last_edited_user":null,"last_edited_date":null,"System":"Estero Bay North","Color":"Green","MountingTy":"Piling Wood","NAVSize":"Small","Remarks":"Good","Owner":"Lee County","InspDate":1542085200000,"InspFreq":12,"NewInstall":1519621200000,"Comments":" ","NAVNumber":"17","LLN":18560,"POINT_X":-81.92773673,"POINT_Y":26.44883505,"Depth":6,"ID":"N0535","reviewed":"yes","Fix":"no","followup":" "}},{"type":"Feature","id":469,"geometry":{"type":"Point","coordinates":[-81.9255460359126,26.446275011544873]},"properties":{"OBJECTID_1":469,"OBJECTID":573,"GlobalID":"{BEC27D49-B122-4B68-A155-2C69E860219B}","created_user":null,"created_date":null,"last_edited_user":null,"last_edited_date":null,"System":"Estero Bay North","Color":"Green","MountingTy":"Piling Wood","NAVSize":"Small","Remarks":"Good","Owner":"Lee County","InspDate":1542085200000,"InspFreq":12,"NewInstall":null,"Comments":" ","NAVNumber":"19","LLN":18565,"POINT_X":-81.92554283,"POINT_Y":26.44627019,"Depth":8,"ID":"N0536","reviewed":"yes","Fix":"yes","followup":" "}},{"type":"Feature","id":470,"geometry":{"type":"Point","coordinates":[-81.92352508138032,26.44354103875593]},"properties":{"OBJECTID_1":470,"OBJECTID":574,"GlobalID":"{F4C14014-248D-4C41-A058-D08C21636963}","created_user":null,"created_date":null,"last_edited_user":null,"last_edited_date":null,"System":"Estero Bay North","Color":"Green","MountingTy":"Piling Wood","NAVSize":"Small","Remarks":"Good","Owner":"Lee County","InspDate":1542085200000,"InspFreq":12,"NewInstall":1444795200000,"Comments":" ","NAVNumber":"21","LLN":18570,"POINT_X":-81.92352188,"POINT_Y":26.44353622,"Depth":6,"ID":"N0537","reviewed":"yes","Fix":"no","followup":" "}},{"type":"Feature","id":471,"geometry":{"type":"Point","coordinates":[-81.9221318958133,26.442195927294037]},"properties":{"OBJECTID_1":471,"OBJECTID":575,"GlobalID":"{EB4CD021-18F2-4848-A8D4-4CDCF4EB44EF}","created_user":null,"created_date":null,"last_edited_user":null,"last_edited_date":null,"System":"Estero Bay North","Color":"Green","MountingTy":"Piling Wood","NAVSize":"Small","Remarks":"Good","Owner":"Lee County","InspDate":1542085200000,"InspFreq":12,"NewInstall":1516165200000,"Comments":" ","NAVNumber":"23","LLN":18575,"POINT_X":-81.92212869,"POINT_Y":26.44219111,"Depth":10,"ID":"N0538","reviewed":"yes","Fix":"no","followup":" "}},{"type":"Feature","id":472,"geometry":{"type":"Point","coordinates":[-81.92982324073353,26.45049331739135]},"properties":{"OBJECTID_1":472,"OBJECTID":576,"GlobalID":"{8323AB0F-45B2-4FDD-A716-8299130F1E68}","created_user":null,"created_date":null,"last_edited_user":null,"last_edited_date":null,"System":"Estero Bay North","Color":"Green","MountingTy":"Piling Wood","NAVSize":"Small","Remarks":"Good","Owner":"Lee County","InspDate":1542085200000,"InspFreq":12,"NewInstall":1516165200000,"Comments":" ","NAVNumber":"15","LLN":18555,"POINT_X":-81.92982004,"POINT_Y":26.4504885,"Depth":6,"ID":"N0539","reviewed":"yes","Fix":"no","followup":" "}},{"type":"Feature","id":473,"geometry":{"type":"Point","coordinates":[-81.9306292533984,26.45015724436055]},"properties":{"OBJECTID_1":473,"OBJECTID":577,"GlobalID":"{706BC4A2-FCD3-4ADF-9F9B-5495AB25A1FC}","created_user":null,"created_date":null,"last_edited_user":null,"last_edited_date":null,"System":"Estero Bay North","Color":"Red","MountingTy":"Piling Wood","NAVSize":"Small","Remarks":"Good","Owner":"Lee County","InspDate":1542085200000,"InspFreq":12,"NewInstall":null,"Comments":" ","NAVNumber":"14","LLN":18550,"POINT_X":-81.93062605,"POINT_Y":26.45015243,"Depth":4,"ID":"N0540","reviewed":"yes","Fix":"no","followup":" "}},{"type":"Feature","id":474,"geometry":{"type":"Point","coordinates":[-81.93161954371894,26.450430745867845]},"properties":{"OBJECTID_1":474,"OBJECTID":578,"GlobalID":"{C759331E-3054-496E-BE7A-0622BD780401}","created_user":null,"created_date":null,"last_edited_user":null,"last_edited_date":null,"System":"Estero Bay North","Color":"Red","MountingTy":"Piling Wood","NAVSize":"Small","Remarks":"Good","Owner":"Lee County","InspDate":1542085200000,"InspFreq":12,"NewInstall":1516165200000,"Comments":" ","NAVNumber":"12","LLN":18540,"POINT_X":-81.93161634,"POINT_Y":26.45042593,"Depth":6,"ID":"N0541","reviewed":"yes","Fix":"no","followup":" "}},{"type":"Feature","id":475,"geometry":{"type":"Point","coordinates":[-81.93152827350134,26.451060972673186]},"properties":{"OBJECTID_1":475,"OBJECTID":579,"GlobalID":"{D445F5C8-F7D1-498E-B6D0-60D22D83FFD1}","created_user":null,"created_date":null,"last_edited_user":null,"last_edited_date":null,"System":"Estero Bay North","Color":"Green","MountingTy":"Piling Wood","NAVSize":"Small","Remarks":"Good","Owner":"Lee County","InspDate":1542085200000,"InspFreq":12,"NewInstall":null,"Comments":" ","NAVNumber":"13","LLN":18545,"POINT_X":-81.93152507,"POINT_Y":26.45105615,"Depth":8,"ID":"N0542","reviewed":"yes","Fix":"no","followup":" "}},{"type":"Feature","id":476,"geometry":{"type":"Point","coordinates":[-81.93457959286987,26.451525731399546]},"properties":{"OBJECTID_1":476,"OBJECTID":580,"GlobalID":"{0006361E-9C6F-4526-83B3-12653C64D0F0}","created_user":null,"created_date":null,"last_edited_user":null,"last_edited_date":null,"System":"Estero Bay North","Color":"Green","MountingTy":"Piling Wood","NAVSize":"Small","Remarks":"Good","Owner":"Lee County","InspDate":1542085200000,"InspFreq":12,"NewInstall":1474948800000,"Comments":" ","NAVNumber":"11","LLN":18535,"POINT_X":-81.93457639,"POINT_Y":26.45152091,"Depth":6,"ID":"N0543","reviewed":"yes","Fix":"no","followup":" "}},{"type":"Feature","id":477,"geometry":{"type":"Point","coordinates":[-81.93515398239107,26.45099338705751]},"properties":{"OBJECTID_1":477,"OBJECTID":581,"GlobalID":"{0A764BC7-F76B-4093-AC71-79834DE2EB65}","created_user":null,"created_date":null,"last_edited_user":null,"last_edited_date":null,"System":"Estero Bay North","Color":"Red","MountingTy":"Piling Wood","NAVSize":"Small","Remarks":"Good","Owner":"Lee County","InspDate":1542085200000,"InspFreq":12,"NewInstall":null,"Comments":" ","NAVNumber":"10","LLN":18530,"POINT_X":-81.93515078,"POINT_Y":26.45098857,"Depth":8,"ID":"N0544","reviewed":"yes","Fix":"no","followup":" "}},{"type":"Feature","id":478,"geometry":{"type":"Point","coordinates":[-81.93695412610542,26.452160345926686]},"properties":{"OBJECTID_1":478,"OBJECTID":582,"GlobalID":"{5D8D3F28-621B-4F15-B95A-348B4237F023}","created_user":null,"created_date":null,"last_edited_user":null,"last_edited_date":null,"System":"Estero Bay North","Color":"Red","MountingTy":"Piling Wood","NAVSize":"Small","Remarks":"Good","Owner":"Lee County","InspDate":1542085200000,"InspFreq":12,"NewInstall":1519621200000,"Comments":" ","NAVNumber":"8","LLN":18525,"POINT_X":-81.93695092,"POINT_Y":26.45215553,"Depth":8,"ID":"N0545","reviewed":"yes","Fix":"no","followup":" "}},{"type":"Feature","id":479,"geometry":{"type":"Point","coordinates":[-81.9363711402589,26.452486883737233]},"properties":{"OBJECTID_1":479,"OBJECTID":583,"GlobalID":"{19CD794C-2355-48F0-BCDE-CB33CD24FF2D}","created_user":null,"created_date":null,"last_edited_user":null,"last_edited_date":null,"System":"Estero Bay North","Color":"Green","MountingTy":"Piling Wood","NAVSize":"Small","Remarks":"Excellent","Owner":"Lee County","InspDate":1542085200000,"InspFreq":12,"NewInstall":1519621200000,"Comments":" ","NAVNumber":"7","LLN":18520,"POINT_X":-81.93636793,"POINT_Y":26.45248207,"Depth":8,"ID":"N0546","reviewed":"yes","Fix":"no","followup":" "}},{"type":"Feature","id":480,"geometry":{"type":"Point","coordinates":[-81.93887158298841,26.453146989975103]},"properties":{"OBJECTID_1":480,"OBJECTID":584,"GlobalID":"{70337571-3F53-4D30-858A-9E63ED737C98}","created_user":null,"created_date":null,"last_edited_user":null,"last_edited_date":null,"System":"Estero Bay North","Color":"Red","MountingTy":"Piling Wood","NAVSize":"Small","Remarks":"Good","Owner":"Lee County","InspDate":1542085200000,"InspFreq":12,"NewInstall":null,"Comments":"Leaning","NAVNumber":"6","LLN":18515,"POINT_X":-81.93886838,"POINT_Y":26.45314217,"Depth":6,"ID":"N0547","reviewed":"yes","Fix":"no","followup":" "}},{"type":"Feature","id":481,"geometry":{"type":"Point","coordinates":[-81.94102791490445,26.453869079890417]},"properties":{"OBJECTID_1":481,"OBJECTID":585,"GlobalID":"{3DB5B5A0-D0D7-4C80-B1F4-828F38CAC907}","created_user":null,"created_date":null,"last_edited_user":null,"last_edited_date":null,"System":"Estero Bay North","Color":"Red","MountingTy":"Piling Wood","NAVSize":"Small","Remarks":"Good","Owner":"Lee County","InspDate":1542085200000,"InspFreq":12,"NewInstall":1444708800000,"Comments":" ","NAVNumber":"4","LLN":18315,"POINT_X":-81.94102471,"POINT_Y":26.45386426,"Depth":6,"ID":"N0548","reviewed":"yes","Fix":"no","followup":" "}},{"type":"Feature","id":482,"geometry":{"type":"Point","coordinates":[-81.94300240229445,26.454286263152284]},"properties":{"OBJECTID_1":482,"OBJECTID":586,"GlobalID":"{535CDA81-7693-48CD-BD08-61481C96AC4C}","created_user":null,"created_date":null,"last_edited_user":null,"last_edited_date":null,"System":"Estero Bay North","Color":"Red","MountingTy":"Piling Wood","NAVSize":"Small","Remarks":"Good","Owner":"Lee County","InspDate":1542085200000,"InspFreq":12,"NewInstall":null,"Comments":" ","NAVNumber":"2","LLN":18310,"POINT_X":-81.94299919,"POINT_Y":26.45428144,"Depth":6,"ID":"N0549","reviewed":"yes","Fix":"yes","followup":" "}},{"type":"Feature","id":483,"geometry":{"type":"Point","coordinates":[-81.9372985572281,26.45549387043217]},"properties":{"OBJECTID_1":483,"OBJECTID":595,"GlobalID":"{30754E33-7619-405A-8496-96F8B30686A2}","created_user":null,"created_date":null,"last_edited_user":null,"last_edited_date":null,"System":"Hurricane Bay","Color":"Red","MountingTy":"Piling Wood","NAVSize":"Small","Remarks":"Good","Owner":"Lee County","InspDate":1542085200000,"InspFreq":12,"NewInstall":1444708800000,"Comments":" ","NAVNumber":"4","LLN":18330,"POINT_X":-81.93729535,"POINT_Y":26.45548905,"Depth":6,"ID":"N0557","reviewed":"yes","Fix":"no","followup":" "}},{"type":"Feature","id":484,"geometry":{"type":"Point","coordinates":[-81.93882688047256,26.45396720402863]},"properties":{"OBJECTID_1":484,"OBJECTID":596,"GlobalID":"{CB27910E-1465-4640-A05D-E773E4028840}","created_user":null,"created_date":null,"last_edited_user":null,"last_edited_date":null,"System":"Estero Bay North","Color":"Green Over Red","MountingTy":"Piling Wood","NAVSize":"Small","Remarks":"Good","Owner":"Lee County","InspDate":1542085200000,"InspFreq":12,"NewInstall":null,"Comments":" ","NAVNumber":"A","LLN":18320,"POINT_X":-81.93882367,"POINT_Y":26.45396239,"Depth":8,"ID":"N0558","reviewed":"yes","Fix":"no","followup":" "}},{"type":"Feature","id":485,"geometry":{"type":"Point","coordinates":[-82.06523673016893,26.62876791222334]},"properties":{"OBJECTID_1":485,"OBJECTID":601,"GlobalID":"{BE27B8F8-7947-42C4-83E5-DFCADEA3528B}","created_user":null,"created_date":null,"last_edited_user":null,"last_edited_date":null,"System":"Matlacha Pass","Color":"Green","MountingTy":"Piling Wood","NAVSize":"Large","Remarks":"Excellent","Owner":"Lee County","InspDate":1530072000000,"InspFreq":12,"NewInstall":1530072000000,"Comments":" ","NAVNumber":"55","LLN":55135,"POINT_X":-82.06523348,"POINT_Y":26.62876305,"Depth":8,"ID":"N0563","reviewed":"yes","Fix":"yes","followup":" "}},{"type":"Feature","id":486,"geometry":{"type":"Point","coordinates":[-82.06311914757786,26.624336062194324]},"properties":{"OBJECTID_1":486,"OBJECTID":602,"GlobalID":"{D046BF73-340C-45F2-9AA5-51B73C438BE4}","created_user":null,"created_date":null,"last_edited_user":null,"last_edited_date":null,"System":"Matlacha Pass","Color":"Green TRUB","MountingTy":"Piling Wood","NAVSize":"Large","Remarks":"needs new pile","Owner":"Lee County","InspDate":1550466000000,"InspFreq":12,"NewInstall":1529640000000,"Comments":" ","NAVNumber":"53","LLN":55130,"POINT_X":-82.0631159,"POINT_Y":26.6243312,"Depth":6,"ID":"N0564","reviewed":"yes","Fix":"yes","followup":" "}},{"type":"Feature","id":487,"geometry":{"type":"Point","coordinates":[-82.06193697082307,26.61852847842217]},"properties":{"OBJECTID_1":487,"OBJECTID":603,"GlobalID":"{7FFEAD19-4665-4E8F-883F-E0DBFDB7D7C1}","created_user":null,"created_date":null,"last_edited_user":null,"last_edited_date":null,"System":"Matlacha Pass","Color":"Green","MountingTy":"Piling Wood","NAVSize":"Small","Remarks":"Excellent","Owner":"Lee County","InspDate":1530072000000,"InspFreq":12,"NewInstall":1530072000000,"Comments":" ","NAVNumber":"51","LLN":55125,"POINT_X":-82.06193372,"POINT_Y":26.61852362,"Depth":6,"ID":"N0565","reviewed":"yes","Fix":"no","followup":" "}},{"type":"Feature","id":488,"geometry":{"type":"Point","coordinates":[-82.06072087612753,26.613577195906537]},"properties":{"OBJECTID_1":488,"OBJECTID":604,"GlobalID":"{579A14DC-1C5F-4833-A334-C6BFC6D33CCF}","created_user":null,"created_date":null,"last_edited_user":null,"last_edited_date":null,"System":"Matlacha Pass","Color":"Green","MountingTy":"Piling Wood","NAVSize":"Large","Remarks":"Excellent","Owner":"Lee County","InspDate":1530072000000,"InspFreq":12,"NewInstall":1530072000000,"Comments":" ","NAVNumber":"49","LLN":55120,"POINT_X":-82.06071763,"POINT_Y":26.61357234,"Depth":6,"ID":"N0566","reviewed":"yes","Fix":"no","followup":" "}},{"type":"Feature","id":489,"geometry":{"type":"Point","coordinates":[-82.06040839723836,26.605645403291817]},"properties":{"OBJECTID_1":489,"OBJECTID":605,"GlobalID":"{77C4560E-AC6D-429A-B29F-782DD7785C93}","created_user":null,"created_date":null,"last_edited_user":null,"last_edited_date":null,"System":"Matlacha Pass","Color":"Green","MountingTy":"Piling Wood","NAVSize":"Large","Remarks":"Excellent","Owner":"Lee County","InspDate":1530072000000,"InspFreq":12,"NewInstall":1530072000000,"Comments":" ","NAVNumber":"47","LLN":55110,"POINT_X":-82.06040515,"POINT_Y":26.60564055,"Depth":4,"ID":"N0567","reviewed":"yes","Fix":"no","followup":" "}},{"type":"Feature","id":490,"geometry":{"type":"Point","coordinates":[-82.06246611598516,26.602645916582848]},"properties":{"OBJECTID_1":490,"OBJECTID":606,"GlobalID":"{B350C51F-B266-4090-A3CB-31F93CF00CAD}","created_user":null,"created_date":null,"last_edited_user":null,"last_edited_date":null,"System":"Matlacha Pass","Color":"Green","MountingTy":"Piling Wood","NAVSize":"Large","Remarks":"Excellent","Owner":"Lee County","InspDate":1530072000000,"InspFreq":12,"NewInstall":1530072000000,"Comments":" ","NAVNumber":"45","LLN":55100,"POINT_X":-82.06246287,"POINT_Y":26.60264106,"Depth":6,"ID":"N0568","reviewed":"yes","Fix":"no","followup":" "}},{"type":"Feature","id":491,"geometry":{"type":"Point","coordinates":[-82.06238187548942,26.598415426031725]},"properties":{"OBJECTID_1":491,"OBJECTID":607,"GlobalID":"{C34E5871-EED5-49BE-90F3-27A731FC8A02}","created_user":null,"created_date":null,"last_edited_user":null,"last_edited_date":null,"System":"Matlacha Pass","Color":"Green","MountingTy":"Piling Wood","NAVSize":"Large","Remarks":"Excellent","Owner":"Lee County","InspDate":1529640000000,"InspFreq":12,"NewInstall":1529640000000,"Comments":" ","NAVNumber":"43A","LLN":55090,"POINT_X":-82.06237863,"POINT_Y":26.59841057,"Depth":6,"ID":"N0569","reviewed":"yes","Fix":"yes","followup":" "}},{"type":"Feature","id":492,"geometry":{"type":"Point","coordinates":[-82.06181521739413,26.597373168547154]},"properties":{"OBJECTID_1":492,"OBJECTID":608,"GlobalID":"{0373CBEF-2E9D-4839-BF9A-FC57A9D26BF0}","created_user":null,"created_date":null,"last_edited_user":null,"last_edited_date":null,"System":"Matlacha Pass","Color":"Green","MountingTy":"Piling Wood","NAVSize":"Large","Remarks":"Excellent","Owner":"Lee County","InspDate":1529640000000,"InspFreq":12,"NewInstall":1529640000000,"Comments":" ","NAVNumber":"43","LLN":55085,"POINT_X":-82.06181197,"POINT_Y":26.59736832,"Depth":8,"ID":"N0570","reviewed":"yes","Fix":"no","followup":" "}},{"type":"Feature","id":493,"geometry":{"type":"Point","coordinates":[-82.06265773299414,26.59581677311133]},"properties":{"OBJECTID_1":493,"OBJECTID":609,"GlobalID":"{A939AE4F-802E-4297-9782-5535B06EEA9F}","created_user":null,"created_date":null,"last_edited_user":null,"last_edited_date":null,"System":"Matlacha Pass","Color":"Green","MountingTy":"Piling Wood","NAVSize":"Large","Remarks":"Excellent","Owner":"Lee County","InspDate":1529640000000,"InspFreq":12,"NewInstall":1529640000000,"Comments":" ","NAVNumber":"41","LLN":55080,"POINT_X":-82.06265449,"POINT_Y":26.59581192,"Depth":6,"ID":"N0571","reviewed":"yes","Fix":"no","followup":" "}},{"type":"Feature","id":494,"geometry":{"type":"Point","coordinates":[-82.06578010752202,26.592383439994965]},"properties":{"OBJECTID_1":494,"OBJECTID":610,"GlobalID":"{3B744892-DDF3-467D-BB20-D78B1A2B9AD4}","created_user":null,"created_date":null,"last_edited_user":null,"last_edited_date":null,"System":"Matlacha Pass","Color":"Green","MountingTy":"Piling Wood","NAVSize":"Large","Remarks":"Excellent","Owner":"Lee County","InspDate":1529467200000,"InspFreq":12,"NewInstall":1529467200000,"Comments":" ","NAVNumber":"39","LLN":55070,"POINT_X":-82.06577686,"POINT_Y":26.59237859,"Depth":6,"ID":"N0572","reviewed":"yes","Fix":"no","followup":" "}},{"type":"Feature","id":495,"geometry":{"type":"Point","coordinates":[-82.06687359243222,26.58682825973471]},"properties":{"OBJECTID_1":495,"OBJECTID":611,"GlobalID":"{4875E718-3706-49DE-8865-96A2F6C427E8}","created_user":null,"created_date":null,"last_edited_user":null,"last_edited_date":null,"System":"Matlacha Pass","Color":"Green","MountingTy":"Piling Wood","NAVSize":"Large","Remarks":"Excellent","Owner":"Lee County","InspDate":1540440000000,"InspFreq":12,"NewInstall":1540440000000,"Comments":" ","NAVNumber":"37","LLN":55060,"POINT_X":-82.06687035,"POINT_Y":26.58682341,"Depth":8,"ID":"N0573","reviewed":"yes","Fix":"no","followup":" "}},{"type":"Feature","id":496,"geometry":{"type":"Point","coordinates":[-82.17359762145202,26.697508412963906]},"properties":{"OBJECTID_1":496,"OBJECTID":1191,"GlobalID":"{2FF0FABA-7DE1-4B92-AC8A-EB554C20BBD1}","created_user":null,"created_date":null,"last_edited_user":null,"last_edited_date":null,"System":"Jug Creek","Color":"Red","MountingTy":"Piling Wood","NAVSize":"Small","Remarks":"Good","Owner":"Lee County","InspDate":1530849600000,"InspFreq":12,"NewInstall":1456722000000,"Comments":" ","NAVNumber":"10A","LLN":56410.5,"POINT_X":-82.17359434,"POINT_Y":26.69750354,"Depth":4,"ID":"N1058","reviewed":"yes","Fix":"yes","followup":" "}},{"type":"Feature","id":497,"geometry":{"type":"Point","coordinates":[-82.17413884263581,26.69796344477967]},"properties":{"OBJECTID_1":497,"OBJECTID":1192,"GlobalID":"{9E62373C-F9CF-40D7-9836-F45F6476ADE3}","created_user":null,"created_date":null,"last_edited_user":null,"last_edited_date":null,"System":"Jug Creek","Color":"Green","MountingTy":"Piling Wood","NAVSize":"Small","Remarks":"Good","Owner":"Lee County","InspDate":1530849600000,"InspFreq":12,"NewInstall":1456722000000,"Comments":" ","NAVNumber":"11","LLN":56415,"POINT_X":-82.17413556,"POINT_Y":26.69795857,"Depth":6,"ID":"N1059","reviewed":"yes","Fix":"yes","followup":" "}},{"type":"Feature","id":498,"geometry":{"type":"Point","coordinates":[-82.17232051135717,26.6968440857673]},"properties":{"OBJECTID_1":498,"OBJECTID":1193,"GlobalID":"{F391DAC0-12F4-4E2D-9920-3557CFBBA935}","created_user":null,"created_date":null,"last_edited_user":null,"last_edited_date":null,"System":"Jug Creek","Color":"Green","MountingTy":"Piling Wood","NAVSize":"Small","Remarks":"Good","Owner":"Lee County","InspDate":1530849600000,"InspFreq":12,"NewInstall":1456722000000,"Comments":" ","NAVNumber":"13","LLN":56421,"POINT_X":-82.17231723,"POINT_Y":26.69683921,"Depth":4,"ID":"N1060","reviewed":"yes","Fix":"yes","followup":" "}},{"type":"Feature","id":499,"geometry":{"type":"Point","coordinates":[-81.85430027952852,26.484359175951035]},"properties":{"OBJECTID_1":499,"OBJECTID":733,"GlobalID":"{AB12316F-7D9B-4DD1-B683-8D82E15036A5}","created_user":null,"created_date":null,"last_edited_user":null,"last_edited_date":null,"System":"Mullock Crk","Color":"Green TRUB","MountingTy":"Buoy","NAVSize":"Small","Remarks":"Excellent","Owner":"Lee County","InspDate":1522296000000,"InspFreq":12,"NewInstall":1522296000000,"Comments":"Sealite","NAVNumber":"temp","LLN":0,"POINT_X":-81.8542971,"POINT_Y":26.48435435,"Depth":4,"ID":"N0695","reviewed":" ","Fix":" ","followup":" "}},{"type":"Feature","id":500,"geometry":{"type":"Point","coordinates":[-81.85427637250253,26.48431212111314]},"properties":{"OBJECTID_1":500,"OBJECTID":734,"GlobalID":"{2D8FA1FB-534E-472E-9838-C6A3BF1B7C09}","created_user":null,"created_date":null,"last_edited_user":null,"last_edited_date":null,"System":"Mullock Crk","Color":"Red TRUB","MountingTy":"Buoy","NAVSize":"Small","Remarks":"Excellent","Owner":"Lee County","InspDate":1522296000000,"InspFreq":12,"NewInstall":1522296000000,"Comments":"Sealite","NAVNumber":"temp","LLN":0,"POINT_X":-81.85427319,"POINT_Y":26.48430729,"Depth":4,"ID":"N0696","reviewed":" ","Fix":" ","followup":" "}},{"type":"Feature","id":501,"geometry":{"type":"Point","coordinates":[-82.08404932661293,26.488100098305704]},"properties":{"OBJECTID_1":501,"OBJECTID":738,"GlobalID":"{F9026420-52DF-471D-B754-F074C5CF5859}","created_user":null,"created_date":null,"last_edited_user":null,"last_edited_date":null,"System":"Long Cutoff","Color":"Green","MountingTy":"Piling Wood","NAVSize":"Small","Remarks":"Excellent","Owner":"Lee County","InspDate":1518757200000,"InspFreq":12,"NewInstall":1518757200000,"Comments":" ","NAVNumber":"1","LLN":55365,"POINT_X":-82.08404608,"POINT_Y":26.48809527,"Depth":8,"ID":"N0700","reviewed":"yes","Fix":"yes","followup":" "}},{"type":"Feature","id":502,"geometry":{"type":"Point","coordinates":[-82.08478786427166,26.488689879541155]},"properties":{"OBJECTID_1":502,"OBJECTID":739,"GlobalID":"{8DF9BD22-797D-45B0-BFC4-EB5B261FBA15}","created_user":null,"created_date":null,"last_edited_user":null,"last_edited_date":null,"System":"Long Cutoff","Color":"Green","MountingTy":"Piling Wood","NAVSize":"Small","Remarks":"Excellent","Owner":"Lee County","InspDate":1519016400000,"InspFreq":12,"NewInstall":1458705600000,"Comments":" ","NAVNumber":"3","LLN":55375,"POINT_X":-82.08478461,"POINT_Y":26.48868506,"Depth":8,"ID":"N0701","reviewed":"yes","Fix":"yes","followup":" "}},{"type":"Feature","id":503,"geometry":{"type":"Point","coordinates":[-82.0844012883557,26.48880097975289]},"properties":{"OBJECTID_1":503,"OBJECTID":740,"GlobalID":"{A56E124A-671E-4FDA-B2DD-4D760A79FC11}","created_user":null,"created_date":null,"last_edited_user":null,"last_edited_date":null,"System":"Long Cutoff","Color":"Red","MountingTy":"Piling Wood","NAVSize":"Small","Remarks":"Excellent","Owner":"Lee County","InspDate":1520312400000,"InspFreq":12,"NewInstall":1520312400000,"Comments":" ","NAVNumber":"2","LLN":55370,"POINT_X":-82.08439804,"POINT_Y":26.48879616,"Depth":8,"ID":"N0702","reviewed":"yes","Fix":"no","followup":" "}},{"type":"Feature","id":504,"geometry":{"type":"Point","coordinates":[-82.08623962571792,26.489830171759777]},"properties":{"OBJECTID_1":504,"OBJECTID":741,"GlobalID":"{4995D053-67CF-4C95-B47D-1CA1B70F2F54}","created_user":null,"created_date":null,"last_edited_user":null,"last_edited_date":null,"System":"Long Cutoff","Color":"Green","MountingTy":"Piling Wood","NAVSize":"Small","Remarks":"Good","Owner":"Lee County","InspDate":1499054400000,"InspFreq":12,"NewInstall":1458705600000,"Comments":" ","NAVNumber":"5","LLN":55385,"POINT_X":-82.08623638,"POINT_Y":26.48982535,"Depth":10,"ID":"N0703","reviewed":"yes","Fix":"yes","followup":" "}},{"type":"Feature","id":505,"geometry":{"type":"Point","coordinates":[-82.08606159653488,26.490249345851222]},"properties":{"OBJECTID_1":505,"OBJECTID":742,"GlobalID":"{689B935F-9C60-41ED-AF25-20509A7101A5}","created_user":null,"created_date":null,"last_edited_user":null,"last_edited_date":null,"System":"Long Cutoff","Color":"Red","MountingTy":"Piling Wood","NAVSize":"Small","Remarks":"Good","Owner":"Lee County","InspDate":1499054400000,"InspFreq":12,"NewInstall":null,"Comments":" ","NAVNumber":"4","LLN":55380,"POINT_X":-82.08605835,"POINT_Y":26.49024452,"Depth":10,"ID":"N0704","reviewed":"yes","Fix":"yes","followup":" "}},{"type":"Feature","id":506,"geometry":{"type":"Point","coordinates":[-82.0883490063859,26.491475517040175]},"properties":{"OBJECTID_1":506,"OBJECTID":743,"GlobalID":"{6E6E5576-5657-47E1-ABA7-FCC29AF016D9}","created_user":null,"created_date":null,"last_edited_user":null,"last_edited_date":null,"System":"Long Cutoff","Color":"Green","MountingTy":"Piling Wood","NAVSize":"Small","Remarks":"Good","Owner":"Lee County","InspDate":1519016400000,"InspFreq":12,"NewInstall":null,"Comments":" ","NAVNumber":"7","LLN":55390,"POINT_X":-82.08834576,"POINT_Y":26.49147069,"Depth":8,"ID":"N0705","reviewed":"yes","Fix":"no","followup":" "}},{"type":"Feature","id":507,"geometry":{"type":"Point","coordinates":[-82.09040797833725,26.491762867473348]},"properties":{"OBJECTID_1":507,"OBJECTID":744,"GlobalID":"{99BE4BBB-56EA-4AC4-AD4D-50E356B1FB1E}","created_user":null,"created_date":null,"last_edited_user":null,"last_edited_date":null,"System":"Long Cutoff","Color":"Green","MountingTy":"Piling Wood","NAVSize":"Small","Remarks":"Excellent","Owner":"Lee County","InspDate":1519016400000,"InspFreq":12,"NewInstall":1519016400000,"Comments":" ","NAVNumber":"9","LLN":55395,"POINT_X":-82.09040473,"POINT_Y":26.49175804,"Depth":6,"ID":"N0706","reviewed":"yes","Fix":"yes","followup":" "}},{"type":"Feature","id":508,"geometry":{"type":"Point","coordinates":[-82.09970968860019,26.50958252860628]},"properties":{"OBJECTID_1":508,"OBJECTID":745,"GlobalID":"{45ABC9B2-2A97-4075-BF8B-6D2133466CA7}","created_user":null,"created_date":null,"last_edited_user":null,"last_edited_date":null,"System":"Cherry Estates","Color":"Green","MountingTy":"Piling Wood","NAVSize":"Small","Remarks":"Good","Owner":"Lee County","InspDate":1525838400000,"InspFreq":12,"NewInstall":null,"Comments":" ","NAVNumber":"11","LLN":55440.1015625,"POINT_X":-82.09984039,"POINT_Y":26.50947133,"Depth":6,"ID":"N0707","reviewed":"yes","Fix":"no","followup":" "}},{"type":"Feature","id":509,"geometry":{"type":"Point","coordinates":[-82.10427696078641,26.506747375156294]},"properties":{"OBJECTID_1":509,"OBJECTID":746,"GlobalID":"{51955A99-0EAE-4E71-B60A-78FFE1D9230A}","created_user":null,"created_date":null,"last_edited_user":null,"last_edited_date":null,"System":"Cherry Estates","Color":"Green","MountingTy":"Piling Wood","NAVSize":"Small","Remarks":"Good","Owner":"Lee County","InspDate":1525838400000,"InspFreq":12,"NewInstall":1458705600000,"Comments":" ","NAVNumber":"9","LLN":55440.1015625,"POINT_X":-82.1042737,"POINT_Y":26.50674255,"Depth":4,"ID":"N0708","reviewed":"yes","Fix":"no","followup":" "}},{"type":"Feature","id":510,"geometry":{"type":"Point","coordinates":[-82.10754991479385,26.504601353429113]},"properties":{"OBJECTID_1":510,"OBJECTID":747,"GlobalID":"{84CFD33F-0F46-4185-B4D2-6500EDACBFD3}","created_user":null,"created_date":null,"last_edited_user":null,"last_edited_date":null,"System":"Cherry Estates","Color":"Green","MountingTy":"Piling Wood","NAVSize":"Small","Remarks":"Good","Owner":"Lee County","InspDate":1525838400000,"InspFreq":12,"NewInstall":null,"Comments":" ","NAVNumber":"7","LLN":55440,"POINT_X":-82.10754666,"POINT_Y":26.50459653,"Depth":0,"ID":"N0709","reviewed":"yes","Fix":"no","followup":" "}},{"type":"Feature","id":511,"geometry":{"type":"Point","coordinates":[-82.11203645570708,26.501761535064336]},"properties":{"OBJECTID_1":511,"OBJECTID":748,"GlobalID":"{810E5119-9DF0-499D-88EE-343256296444}","created_user":null,"created_date":null,"last_edited_user":null,"last_edited_date":null,"System":"Cherry Estates","Color":"Green","MountingTy":"Piling Wood","NAVSize":"Small","Remarks":"Good","Owner":"Lee County","InspDate":1525838400000,"InspFreq":12,"NewInstall":1519016400000,"Comments":" ","NAVNumber":"5","LLN":55440,"POINT_X":-82.1120332,"POINT_Y":26.50175671,"Depth":6,"ID":"N0710","reviewed":"yes","Fix":"no","followup":" "}},{"type":"Feature","id":512,"geometry":{"type":"Point","coordinates":[-82.11631970812019,26.49908646401632]},"properties":{"OBJECTID_1":512,"OBJECTID":749,"GlobalID":"{18C25F03-DC0B-41C4-B0D6-9EE017BBCD71}","created_user":null,"created_date":null,"last_edited_user":null,"last_edited_date":null,"System":"Cherry Estates","Color":"Green","MountingTy":"Piling Wood","NAVSize":"Small","Remarks":"Good","Owner":"Lee County","InspDate":1525838400000,"InspFreq":12,"NewInstall":null,"Comments":" ","NAVNumber":"3","LLN":55440,"POINT_X":-82.11631645,"POINT_Y":26.49908164,"Depth":6,"ID":"N0711","reviewed":"yes","Fix":"no","followup":" "}},{"type":"Feature","id":513,"geometry":{"type":"Point","coordinates":[-82.12003198022713,26.496615337637145]},"properties":{"OBJECTID_1":513,"OBJECTID":750,"GlobalID":"{19FA93E8-37C5-4A9D-9367-9FF9BCDF9C1A}","created_user":null,"created_date":null,"last_edited_user":null,"last_edited_date":null,"System":"Cherry Estates","Color":"Green","MountingTy":"Piling Wood","NAVSize":"Large","Remarks":"Good","Owner":"Lee County","InspDate":1525838400000,"InspFreq":12,"NewInstall":null,"Comments":" ","NAVNumber":"1","LLN":55440,"POINT_X":-82.12002872,"POINT_Y":26.49661051,"Depth":8,"ID":"N0712","reviewed":"yes","Fix":"no","followup":" "}},{"type":"Feature","id":514,"geometry":{"type":"Point","coordinates":[-82.15955225970998,26.494647367395494]},"properties":{"OBJECTID_1":514,"OBJECTID":751,"GlobalID":"{CC08B765-9F31-43C4-AD6E-DC28BEF30E93}","created_user":null,"created_date":null,"last_edited_user":null,"last_edited_date":null,"System":"Blind Pass","Color":"Green","MountingTy":"Piling Wood","NAVSize":"Large","Remarks":"Good","Owner":"Lee County","InspDate":1525838400000,"InspFreq":12,"NewInstall":null,"Comments":" ","NAVNumber":"1","LLN":55450,"POINT_X":-82.15954899,"POINT_Y":26.49464254,"Depth":6,"ID":"N0713","reviewed":"yes","Fix":"yes","followup":" "}},{"type":"Feature","id":515,"geometry":{"type":"Point","coordinates":[-82.15965393581489,26.494936560511146]},"properties":{"OBJECTID_1":515,"OBJECTID":752,"GlobalID":"{8595368F-AD6F-4E38-B1CA-6CE1E0A681E0}","created_user":null,"created_date":null,"last_edited_user":null,"last_edited_date":null,"System":"Blind Pass","Color":"Red","MountingTy":"Piling Wood","NAVSize":"Large","Remarks":"Good","Owner":"Lee County","InspDate":1525838400000,"InspFreq":12,"NewInstall":null,"Comments":" ","NAVNumber":"2","LLN":55455,"POINT_X":-82.15965066,"POINT_Y":26.49493174,"Depth":8,"ID":"N0714","reviewed":"yes","Fix":"yes","followup":" "}},{"type":"Feature","id":516,"geometry":{"type":"Point","coordinates":[-82.16113181511149,26.49495329459629]},"properties":{"OBJECTID_1":516,"OBJECTID":753,"GlobalID":"{C1C70CCC-031C-42B3-AED3-4075237B66C5}","created_user":null,"created_date":null,"last_edited_user":null,"last_edited_date":null,"System":"Blind Pass","Color":"Red","MountingTy":"Piling Wood","NAVSize":"Small","Remarks":"Good","Owner":"Lee County","InspDate":1525838400000,"InspFreq":12,"NewInstall":null,"Comments":" ","NAVNumber":"4","LLN":55460,"POINT_X":-82.16112854,"POINT_Y":26.49494847,"Depth":6,"ID":"N0715","reviewed":"yes","Fix":"yes","followup":" "}},{"type":"Feature","id":517,"geometry":{"type":"Point","coordinates":[-82.16162592060302,26.49484758524701]},"properties":{"OBJECTID_1":517,"OBJECTID":754,"GlobalID":"{DACCE7E7-F3A0-47EF-A131-72BF80D7CA9D}","created_user":null,"created_date":null,"last_edited_user":null,"last_edited_date":null,"System":"Blind Pass","Color":"Green","MountingTy":"Piling Wood","NAVSize":"Small","Remarks":"Good","Owner":"Lee County","InspDate":1525838400000,"InspFreq":12,"NewInstall":null,"Comments":" ","NAVNumber":"5","LLN":55465,"POINT_X":-82.16162265,"POINT_Y":26.49484276,"Depth":6,"ID":"N0716","reviewed":"yes","Fix":"yes","followup":" "}},{"type":"Feature","id":518,"geometry":{"type":"Point","coordinates":[-82.1634384686505,26.494692792286372]},"properties":{"OBJECTID_1":518,"OBJECTID":755,"GlobalID":"{B49FE7DB-0698-4F3B-A4EB-8F70D5579D55}","created_user":null,"created_date":null,"last_edited_user":null,"last_edited_date":null,"System":"Blind Pass","Color":"Red","MountingTy":"Piling Wood","NAVSize":"Small","Remarks":"Good","Owner":"Lee County","InspDate":1525838400000,"InspFreq":12,"NewInstall":null,"Comments":" ","NAVNumber":"6","LLN":55470,"POINT_X":-82.1634352,"POINT_Y":26.49468797,"Depth":6,"ID":"N0717","reviewed":"yes","Fix":"yes","followup":" "}},{"type":"Feature","id":519,"geometry":{"type":"Point","coordinates":[-82.16556769033095,26.495053815175297]},"properties":{"OBJECTID_1":519,"OBJECTID":756,"GlobalID":"{11190BE1-4C6F-4755-8F7B-80065BB59017}","created_user":null,"created_date":null,"last_edited_user":null,"last_edited_date":null,"System":"Blind Pass","Color":"Green","MountingTy":"Piling Wood","NAVSize":"Small","Remarks":"Good","Owner":"Lee County","InspDate":1525838400000,"InspFreq":12,"NewInstall":1514350800000,"Comments":" lightning","NAVNumber":"7","LLN":55475,"POINT_X":-82.16556442,"POINT_Y":26.49504899,"Depth":6,"ID":"N0718","reviewed":"yes","Fix":"yes","followup":" "}},{"type":"Feature","id":520,"geometry":{"type":"Point","coordinates":[-82.16739459169314,26.495225680118985]},"properties":{"OBJECTID_1":520,"OBJECTID":757,"GlobalID":"{2D132CF6-0C43-4A1D-891D-CB6DF279F39C}","created_user":null,"created_date":null,"last_edited_user":null,"last_edited_date":null,"System":"Blind Pass","Color":"Red","MountingTy":"Piling Wood","NAVSize":"Small","Remarks":"Good","Owner":"Lee County","InspDate":1525838400000,"InspFreq":12,"NewInstall":null,"Comments":" ","NAVNumber":"8","LLN":55480,"POINT_X":-82.16739132,"POINT_Y":26.49522086,"Depth":6,"ID":"N0719","reviewed":"yes","Fix":"yes","followup":" "}},{"type":"Feature","id":521,"geometry":{"type":"Point","coordinates":[-82.17180305989153,26.495011429537602]},"properties":{"OBJECTID_1":521,"OBJECTID":758,"GlobalID":"{4287156B-EC30-48D7-A8EE-CBF220663CB3}","created_user":null,"created_date":null,"last_edited_user":null,"last_edited_date":null,"System":"Blind Pass","Color":"Red","MountingTy":"Piling Wood","NAVSize":"Small","Remarks":"Good","Owner":"Lee County","InspDate":1525838400000,"InspFreq":12,"NewInstall":null,"Comments":" ","NAVNumber":"10","LLN":55485,"POINT_X":-82.17179978,"POINT_Y":26.49500661,"Depth":6,"ID":"N0720","reviewed":"yes","Fix":"yes","followup":" "}},{"type":"Feature","id":522,"geometry":{"type":"Point","coordinates":[-82.17549632151042,26.493637961842875]},"properties":{"OBJECTID_1":522,"OBJECTID":759,"GlobalID":"{8690BE1F-E448-4351-918F-602BEB11E248}","created_user":null,"created_date":null,"last_edited_user":null,"last_edited_date":null,"System":"Blind Pass","Color":"Red","MountingTy":"Piling Wood","NAVSize":"Small","Remarks":"Good","Owner":"Lee County","InspDate":1525838400000,"InspFreq":12,"NewInstall":1458705600000,"Comments":" ","NAVNumber":"12","LLN":55490,"POINT_X":-82.17549305,"POINT_Y":26.49363314,"Depth":4,"ID":"N0721","reviewed":"yes","Fix":"no","followup":" "}},{"type":"Feature","id":523,"geometry":{"type":"Point","coordinates":[-82.1786148920021,26.488788298451095]},"properties":{"OBJECTID_1":523,"OBJECTID":768,"GlobalID":"{07B511BD-FB9C-42DD-9FC5-C95E8E30E223}","created_user":null,"created_date":null,"last_edited_user":null,"last_edited_date":null,"System":"Dinken Bayou","Color":"Green","MountingTy":"Piling Wood","NAVSize":"Small","Remarks":"Good","Owner":"Lee County","InspDate":1525838400000,"InspFreq":12,"NewInstall":null,"Comments":" ","NAVNumber":"7","LLN":55515,"POINT_X":-82.17861162,"POINT_Y":26.48878348,"Depth":4,"ID":"N0725","reviewed":"yes","Fix":"yes","followup":" "}},{"type":"Feature","id":524,"geometry":{"type":"Point","coordinates":[-82.17874891619189,26.48871690347848]},"properties":{"OBJECTID_1":524,"OBJECTID":769,"GlobalID":"{3E2DA874-BACE-4894-949B-78673D7DE7EB}","created_user":null,"created_date":null,"last_edited_user":null,"last_edited_date":null,"System":"Dinken Bayou","Color":"Red","MountingTy":"Piling Wood","NAVSize":"Small","Remarks":"Good","Owner":"Lee County","InspDate":1525838400000,"InspFreq":12,"NewInstall":null,"Comments":" ","NAVNumber":"8","LLN":55520,"POINT_X":-82.17874564,"POINT_Y":26.48871208,"Depth":4,"ID":"N0726","reviewed":"yes","Fix":"no","followup":" "}},{"type":"Feature","id":525,"geometry":{"type":"Point","coordinates":[-82.1714833069277,26.696244421244398]},"properties":{"OBJECTID_1":525,"OBJECTID":1194,"GlobalID":"{48D91A7B-1D0A-491E-AB1A-0B85FB7B091B}","created_user":null,"created_date":null,"last_edited_user":null,"last_edited_date":null,"System":"Jug Creek","Color":"Red","MountingTy":"Piling Wood","NAVSize":"Small","Remarks":"Good","Owner":"Lee County","InspDate":1530849600000,"InspFreq":12,"NewInstall":1456722000000,"Comments":" ","NAVNumber":"12A","LLN":56420.5,"POINT_X":-82.17148003,"POINT_Y":26.69623955,"Depth":4,"ID":"N1061","reviewed":"yes","Fix":"yes","followup":" "}},{"type":"Feature","id":526,"geometry":{"type":"Point","coordinates":[-82.17133332603957,26.69660559960839]},"properties":{"OBJECTID_1":526,"OBJECTID":1195,"GlobalID":"{684307C3-44E3-4401-8A36-AAA7F7390A79}","created_user":null,"created_date":null,"last_edited_user":null,"last_edited_date":null,"System":"Jug Creek","Color":"Green","MountingTy":"Piling Wood","NAVSize":"Small","Remarks":"Good","Owner":"Lee County","InspDate":1530849600000,"InspFreq":12,"NewInstall":1456722000000,"Comments":" ","NAVNumber":"13A","LLN":56425,"POINT_X":-82.17133005,"POINT_Y":26.69660073,"Depth":4,"ID":"N1062","reviewed":"yes","Fix":"yes","followup":" "}},{"type":"Feature","id":527,"geometry":{"type":"Point","coordinates":[-82.16990843726134,26.695326688892763]},"properties":{"OBJECTID_1":527,"OBJECTID":1196,"GlobalID":"{A81FA7F3-73BA-405B-A024-BB1AB6D9C6CB}","created_user":null,"created_date":null,"last_edited_user":null,"last_edited_date":null,"System":"Jug Creek","Color":"Red","MountingTy":"Piling Wood","NAVSize":"Small","Remarks":"Good","Owner":"Lee County","InspDate":1530849600000,"InspFreq":12,"NewInstall":1456722000000,"Comments":" ","NAVNumber":"14A","LLN":56431,"POINT_X":-82.16990516,"POINT_Y":26.69532182,"Depth":4,"ID":"N1063","reviewed":"yes","Fix":"yes","followup":" "}},{"type":"Feature","id":528,"geometry":{"type":"Point","coordinates":[-82.16919630767914,26.694408560431313]},"properties":{"OBJECTID_1":528,"OBJECTID":1197,"GlobalID":"{F8576D99-CAC2-4F78-8E4D-D64D75C62E50}","created_user":null,"created_date":null,"last_edited_user":null,"last_edited_date":null,"System":"Jug Creek","Color":"Red","MountingTy":"Piling Wood","NAVSize":"Small","Remarks":"Good","Owner":"Lee County","InspDate":1530849600000,"InspFreq":12,"NewInstall":1456808400000,"Comments":" ","NAVNumber":"16","LLN":56435,"POINT_X":-82.16919303,"POINT_Y":26.69440369,"Depth":4,"ID":"N1064","reviewed":"yes","Fix":"yes","followup":" "}},{"type":"Feature","id":529,"geometry":{"type":"Point","coordinates":[-81.87632150554927,26.406650011245706]},"properties":{"OBJECTID_1":529,"OBJECTID":919,"GlobalID":"{5E807E5D-3773-421F-92AA-CD921E2334CE}","created_user":null,"created_date":null,"last_edited_user":null,"last_edited_date":null,"System":"Estero Bay South","Color":"Red","MountingTy":"Piling Wood","NAVSize":"Small","Remarks":"Good","Owner":"Lee County","InspDate":1541653200000,"InspFreq":12,"NewInstall":1519621200000,"Comments":"leaning","NAVNumber":"4","LLN":18965,"POINT_X":-81.87631832,"POINT_Y":26.4066452,"Depth":16,"ID":"N0737","reviewed":"yes","Fix":"no","followup":" "}},{"type":"Feature","id":530,"geometry":{"type":"Point","coordinates":[-81.8613860646285,26.384275365815217]},"properties":{"OBJECTID_1":530,"OBJECTID":920,"GlobalID":"{1B09618D-FB5D-4504-BC78-D004463B0FE8}","created_user":null,"created_date":null,"last_edited_user":null,"last_edited_date":null,"System":"Estero Bay South","Color":"Red","MountingTy":"Piling Wood","NAVSize":"Small","Remarks":"Good","Owner":"Lee County","InspDate":1541653200000,"InspFreq":12,"NewInstall":null,"Comments":" ","NAVNumber":"24","LLN":19200,"POINT_X":-81.86138288,"POINT_Y":26.38427056,"Depth":10,"ID":"N0758","reviewed":"yes","Fix":"yes","followup":" "}},{"type":"Feature","id":531,"geometry":{"type":"Point","coordinates":[-81.85339588565775,26.377425682487303]},"properties":{"OBJECTID_1":531,"OBJECTID":921,"GlobalID":"{7AC2CD9D-490B-4BC3-B1D3-BE8267C97B83}","created_user":null,"created_date":null,"last_edited_user":null,"last_edited_date":null,"System":"Estero Bay South","Color":"Red","MountingTy":"Piling Wood","NAVSize":"Small","Remarks":"Good","Owner":"Lee County","InspDate":1541653200000,"InspFreq":12,"NewInstall":1446091200000,"Comments":" ","NAVNumber":"38","LLN":19555,"POINT_X":-81.85339271,"POINT_Y":26.37742088,"Depth":8,"ID":"N0759","reviewed":"yes","Fix":"yes","followup":" "}},{"type":"Feature","id":532,"geometry":{"type":"Point","coordinates":[-81.85213775504457,26.373490544434006]},"properties":{"OBJECTID_1":532,"OBJECTID":922,"GlobalID":"{3A48867C-611D-4C46-8100-08772FB69992}","created_user":null,"created_date":null,"last_edited_user":null,"last_edited_date":null,"System":"Estero Bay South","Color":"Red","MountingTy":"Piling Wood","NAVSize":"Small","Remarks":"Good","Owner":"Lee County","InspDate":1541653200000,"InspFreq":12,"NewInstall":1503979200000,"Comments":" ","NAVNumber":"42","LLN":19575,"POINT_X":-81.85213458,"POINT_Y":26.37348574,"Depth":6,"ID":"N0760","reviewed":"yes","Fix":"yes","followup":" "}},{"type":"Feature","id":533,"geometry":{"type":"Point","coordinates":[-81.84953119565229,26.365677285353424]},"properties":{"OBJECTID_1":533,"OBJECTID":923,"GlobalID":"{35ED3D30-B922-4422-A726-4361C1AC7AF6}","created_user":null,"created_date":null,"last_edited_user":null,"last_edited_date":null,"System":"Estero Bay South","Color":"Red","MountingTy":"Piling Wood","NAVSize":"Small","Remarks":"Good","Owner":"Lee County","InspDate":1541653200000,"InspFreq":12,"NewInstall":null,"Comments":" pp","NAVNumber":"50","LLN":19610,"POINT_X":-81.84952802,"POINT_Y":26.36567249,"Depth":8,"ID":"N0761","reviewed":"yes","Fix":"yes","followup":" "}},{"type":"Feature","id":534,"geometry":{"type":"Point","coordinates":[-81.85058097604468,26.35957797782314]},"properties":{"OBJECTID_1":534,"OBJECTID":924,"GlobalID":"{C35AD2F2-C2CD-466A-A168-B6A8314DB577}","created_user":null,"created_date":null,"last_edited_user":null,"last_edited_date":null,"System":"Estero Bay South","Color":"Red","MountingTy":"Piling Wood","NAVSize":"Small","Remarks":"Fair","Owner":"Lee County","InspDate":1541653200000,"InspFreq":12,"NewInstall":null,"Comments":" ","NAVNumber":"58","LLN":19640,"POINT_X":-81.8505778,"POINT_Y":26.35957318,"Depth":6,"ID":"N0762","reviewed":"yes","Fix":"yes","followup":" "}},{"type":"Feature","id":535,"geometry":{"type":"Point","coordinates":[-81.85212974474094,26.35267691966281]},"properties":{"OBJECTID_1":535,"OBJECTID":925,"GlobalID":"{2A83F534-A741-4AA5-9060-6552CFB6218A}","created_user":null,"created_date":null,"last_edited_user":null,"last_edited_date":null,"System":"Estero Bay South","Color":"Green","MountingTy":"Piling Wood","NAVSize":"Small","Remarks":"Good","Owner":"Lee County","InspDate":1541653200000,"InspFreq":12,"NewInstall":1487653200000,"Comments":" ","NAVNumber":"71","LLN":19685,"POINT_X":-81.85212657,"POINT_Y":26.35267212,"Depth":4,"ID":"N0763","reviewed":"yes","Fix":"yes","followup":" "}},{"type":"Feature","id":536,"geometry":{"type":"Point","coordinates":[-81.85022710471277,26.351539686705117]},"properties":{"OBJECTID_1":536,"OBJECTID":926,"GlobalID":"{979E7F03-8C75-4A98-A663-B1E19BD601CC}","created_user":null,"created_date":null,"last_edited_user":null,"last_edited_date":null,"System":"Estero Bay South","Color":"Green","MountingTy":"Piling Wood","NAVSize":"Small","Remarks":"Good","Owner":"Lee County","InspDate":1541653200000,"InspFreq":12,"NewInstall":null,"Comments":" ","NAVNumber":"73","LLN":19690,"POINT_X":-81.85022393,"POINT_Y":26.35153489,"Depth":6,"ID":"N0764","reviewed":"yes","Fix":"no","followup":" "}},{"type":"Feature","id":537,"geometry":{"type":"Point","coordinates":[-81.95027300317692,26.46602835687927]},"properties":{"OBJECTID_1":537,"OBJECTID":804,"GlobalID":"{B963FDFA-7155-4492-806C-85B74B1CC9B9}","created_user":null,"created_date":null,"last_edited_user":null,"last_edited_date":null,"System":"Hurricane Bay","Color":"Red","MountingTy":"Piling Wood","NAVSize":"Small","Remarks":"Excellent","Owner":"Lee County","InspDate":1542085200000,"InspFreq":12,"NewInstall":1519621200000,"Comments":" ","NAVNumber":"28","LLN":18505,"POINT_X":-81.95026979,"POINT_Y":26.46602354,"Depth":6,"ID":"N0766","reviewed":"yes","Fix":"yes","followup":" "}},{"type":"Feature","id":538,"geometry":{"type":"Point","coordinates":[-81.94974416488807,26.46517225446242]},"properties":{"OBJECTID_1":538,"OBJECTID":805,"GlobalID":"{11A45FC4-63AD-448C-AB42-70B3A3A527B7}","created_user":null,"created_date":null,"last_edited_user":null,"last_edited_date":null,"System":"Hurricane Bay","Color":"Red","MountingTy":"Piling Wood","NAVSize":"Small","Remarks":"Good","Owner":"Lee County","InspDate":1542085200000,"InspFreq":12,"NewInstall":null,"Comments":" ","NAVNumber":"26","LLN":18500,"POINT_X":-81.94974095,"POINT_Y":26.46516743,"Depth":6,"ID":"N0767","reviewed":"yes","Fix":"no","followup":" "}},{"type":"Feature","id":539,"geometry":{"type":"Point","coordinates":[-81.94858854990791,26.46503424172444]},"properties":{"OBJECTID_1":539,"OBJECTID":806,"GlobalID":"{9A884DDD-48C4-4D54-9AB5-CD99C1084E34}","created_user":null,"created_date":null,"last_edited_user":null,"last_edited_date":null,"System":"Hurricane Bay","Color":"Red","MountingTy":"Piling Wood","NAVSize":"Small","Remarks":"Good","Owner":"Lee County","InspDate":1542085200000,"InspFreq":12,"NewInstall":1444708800000,"Comments":" ","NAVNumber":"24","LLN":18495,"POINT_X":-81.94858534,"POINT_Y":26.46502942,"Depth":6,"ID":"N0768","reviewed":"yes","Fix":"no","followup":" "}},{"type":"Feature","id":540,"geometry":{"type":"Point","coordinates":[-82.07487860406165,26.491321975782363]},"properties":{"OBJECTID_1":540,"OBJECTID":929,"GlobalID":"{27D42789-C611-4E94-9B96-52EEFC82D96F}","created_user":null,"created_date":null,"last_edited_user":null,"last_edited_date":null,"System":"Pine Island Shores","Color":"Green","MountingTy":"Piling Wood","NAVSize":"Small","Remarks":"Excellent","Owner":"Lee County","InspDate":1518670800000,"InspFreq":12,"NewInstall":1518670800000,"Comments":" ","NAVNumber":"1","LLN":55340,"POINT_X":-82.07487536,"POINT_Y":26.49131715,"Depth":4,"ID":"N0783","reviewed":"yes","Fix":"no","followup":" "}},{"type":"Feature","id":541,"geometry":{"type":"Point","coordinates":[-82.07508367284461,26.49167258634342]},"properties":{"OBJECTID_1":541,"OBJECTID":930,"GlobalID":"{5C65226A-5641-4F8F-8235-DFE9A009EBC0}","created_user":null,"created_date":null,"last_edited_user":null,"last_edited_date":null,"System":"Pine Island Shores","Color":"Green","MountingTy":"Piling Wood","NAVSize":"Small","Remarks":"Excellent","Owner":"Lee County","InspDate":1518670800000,"InspFreq":12,"NewInstall":1518670800000,"Comments":" ","NAVNumber":"3","LLN":55350,"POINT_X":-82.07508043,"POINT_Y":26.49166776,"Depth":4,"ID":"N0784","reviewed":"yes","Fix":"no","followup":" "}},{"type":"Feature","id":542,"geometry":{"type":"Point","coordinates":[-82.10028962995061,26.669336886606278]},"properties":{"OBJECTID_1":542,"OBJECTID":832,"GlobalID":"{5580E179-9B79-4BB6-B65A-C85FEA138D59}","created_user":null,"created_date":null,"last_edited_user":null,"last_edited_date":null,"System":"Matlacha Pass","Color":"Red","MountingTy":"Piling Wood","NAVSize":"Large","Remarks":"Excellent","Owner":"Lee County","InspDate":1530158400000,"InspFreq":12,"NewInstall":1530158400000,"Comments":"BS","NAVNumber":"78","LLN":55220,"POINT_X":-82.10028637,"POINT_Y":26.66933202,"Depth":10,"ID":"N0785","reviewed":"yes","Fix":"no","followup":" "}},{"type":"Feature","id":543,"geometry":{"type":"Point","coordinates":[-81.94644208156019,26.46669191981594]},"properties":{"OBJECTID_1":543,"OBJECTID":838,"GlobalID":"{9BE4FDC9-7D9B-4CD8-8023-53D82C24384F}","created_user":null,"created_date":null,"last_edited_user":null,"last_edited_date":null,"System":"Bayside Estates","Color":"Red","MountingTy":"Piling Wood","NAVSize":"Small","Remarks":"needs new sign","Owner":"Lee County","InspDate":1542085200000,"InspFreq":12,"NewInstall":null,"Comments":" ","NAVNumber":"6","LLN":18422,"POINT_X":-81.94643887,"POINT_Y":26.4666871,"Depth":6,"ID":"N0791","reviewed":"yes","Fix":"no","followup":" "}},{"type":"Feature","id":544,"geometry":{"type":"Point","coordinates":[-81.94649776715355,26.467588318776173]},"properties":{"OBJECTID_1":544,"OBJECTID":839,"GlobalID":"{93C053E0-E569-4253-9D24-BC300D9E83EC}","created_user":null,"created_date":null,"last_edited_user":null,"last_edited_date":null,"System":"Bayside Estates","Color":"Green","MountingTy":"Piling Wood","NAVSize":"Small","Remarks":"Excellent","Owner":"Lee County","InspDate":1542085200000,"InspFreq":12,"NewInstall":null,"Comments":" ","NAVNumber":"7","LLN":18423,"POINT_X":-81.94649456,"POINT_Y":26.4675835,"Depth":6,"ID":"N0792","reviewed":"yes","Fix":"yes","followup":" "}},{"type":"Feature","id":545,"geometry":{"type":"Point","coordinates":[-81.94622954021914,26.468453058605277]},"properties":{"OBJECTID_1":545,"OBJECTID":840,"GlobalID":"{1AE27075-AB9D-4666-8155-F165F225B938}","created_user":null,"created_date":null,"last_edited_user":null,"last_edited_date":null,"System":"Bayside Estates","Color":"Green","MountingTy":"Piling Wood","NAVSize":"Small","Remarks":"Good","Owner":"Lee County","InspDate":1542085200000,"InspFreq":12,"NewInstall":1516078800000,"Comments":" ","NAVNumber":"9","LLN":18427,"POINT_X":-81.94622633,"POINT_Y":26.46844824,"Depth":6,"ID":"N0793","reviewed":"yes","Fix":"no","followup":" "}},{"type":"Feature","id":546,"geometry":{"type":"Point","coordinates":[-82.21784223803142,26.59870942551061]},"properties":{"OBJECTID_1":546,"OBJECTID":841,"GlobalID":"{2FCB2566-3C0A-4F23-9343-8F6C089BBC12}","created_user":null,"created_date":null,"last_edited_user":null,"last_edited_date":null,"System":"Temp","Color":"Red TRUB","MountingTy":"Buoy","NAVSize":"Small","Remarks":"needs new buoy","Owner":"Lee County","InspDate":1501214400000,"InspFreq":12,"NewInstall":null,"Comments":"clump","NAVNumber":"temp","LLN":0,"POINT_X":-82.21783895,"POINT_Y":26.59870458,"Depth":4,"ID":"N0794","reviewed":" ","Fix":" ","followup":" "}},{"type":"Feature","id":547,"geometry":{"type":"Point","coordinates":[-81.90778533179626,26.637972657253986]},"properties":{"OBJECTID_1":547,"OBJECTID":842,"GlobalID":"{40883219-CA3F-4D41-BE9A-8A8F757A24EA}","created_user":null,"created_date":null,"last_edited_user":null,"last_edited_date":null,"System":"Caloosa Isles","Color":"Green","MountingTy":"Piling Wood","NAVSize":"Small","Remarks":"Good","Owner":"Lee County","InspDate":1535601600000,"InspFreq":12,"NewInstall":null,"Comments":" ","NAVNumber":"21","LLN":53824.80078125,"POINT_X":-81.90778213,"POINT_Y":26.63796779,"Depth":6,"ID":"N0795","reviewed":"yes","Fix":"yes","followup":" "}},{"type":"Feature","id":548,"geometry":{"type":"Point","coordinates":[-81.9075017029784,26.637937886733326]},"properties":{"OBJECTID_1":548,"OBJECTID":843,"GlobalID":"{0527402C-7D97-4BFF-85E2-2879913776E1}","created_user":null,"created_date":null,"last_edited_user":null,"last_edited_date":null,"System":"Caloosa Isles","Color":"Red","MountingTy":"Piling Wood","NAVSize":"Small","Remarks":"Good","Owner":"Lee County","InspDate":1535601600000,"InspFreq":12,"NewInstall":null,"Comments":" ","NAVNumber":"20","LLN":52824.6015625,"POINT_X":-81.9074985,"POINT_Y":26.63793302,"Depth":4,"ID":"N0796","reviewed":"yes","Fix":"yes","followup":" "}},{"type":"Feature","id":549,"geometry":{"type":"Point","coordinates":[-81.90736432601187,26.637633852313993]},"properties":{"OBJECTID_1":549,"OBJECTID":844,"GlobalID":"{02EDA390-AC2B-47F5-9EC4-1FD02A5DBDFE}","created_user":null,"created_date":null,"last_edited_user":null,"last_edited_date":null,"System":"Caloosa Isles","Color":"Green","MountingTy":"Piling Wood","NAVSize":"Small","Remarks":"Good","Owner":"Lee County","InspDate":1535601600000,"InspFreq":12,"NewInstall":null,"Comments":" ","NAVNumber":"19","LLN":52824.3984375,"POINT_X":-81.90736112,"POINT_Y":26.63762899,"Depth":6,"ID":"N0797","reviewed":"yes","Fix":"yes","followup":" "}},{"type":"Feature","id":550,"geometry":{"type":"Point","coordinates":[-81.906868551412,26.637633894802303]},"properties":{"OBJECTID_1":550,"OBJECTID":845,"GlobalID":"{176615EE-C31E-4BE1-AE26-DDDE5EA451F7}","created_user":null,"created_date":null,"last_edited_user":null,"last_edited_date":null,"System":"Caloosa Isles","Color":"Red","MountingTy":"Piling Wood","NAVSize":"Small","Remarks":"Good","Owner":"Lee County","InspDate":1535601600000,"InspFreq":12,"NewInstall":null,"Comments":" ","NAVNumber":"18","LLN":52824.30078125,"POINT_X":-81.90686535,"POINT_Y":26.63762903,"Depth":4,"ID":"N0798","reviewed":"yes","Fix":"yes","followup":" "}},{"type":"Feature","id":551,"geometry":{"type":"Point","coordinates":[-81.90672824822668,26.637440568887698]},"properties":{"OBJECTID_1":551,"OBJECTID":846,"GlobalID":"{3F0FBACE-B6DB-406F-817C-18B8B752E3AB}","created_user":null,"created_date":null,"last_edited_user":null,"last_edited_date":null,"System":"Caloosa Isles","Color":"Green","MountingTy":"Piling Wood","NAVSize":"Small","Remarks":"Good","Owner":"Lee County","InspDate":1535601600000,"InspFreq":12,"NewInstall":null,"Comments":" ","NAVNumber":"17","LLN":52824.19921875,"POINT_X":-81.90672505,"POINT_Y":26.6374357,"Depth":4,"ID":"N0799","reviewed":"yes","Fix":"yes","followup":" "}},{"type":"Feature","id":552,"geometry":{"type":"Point","coordinates":[-81.9057527561197,26.63731813042116]},"properties":{"OBJECTID_1":552,"OBJECTID":847,"GlobalID":"{8FB7B6D2-4C70-4AD4-A925-C445B8D87DC8}","created_user":null,"created_date":null,"last_edited_user":null,"last_edited_date":null,"System":"Caloosa Isles","Color":"Red","MountingTy":"Piling Wood","NAVSize":"Small","Remarks":"Good","Owner":"Lee County","InspDate":1535601600000,"InspFreq":12,"NewInstall":null,"Comments":" ","NAVNumber":"16","LLN":52824,"POINT_X":-81.90574955,"POINT_Y":26.63731327,"Depth":4,"ID":"N0800","reviewed":"yes","Fix":"yes","followup":" "}},{"type":"Feature","id":553,"geometry":{"type":"Point","coordinates":[-81.90569320166692,26.637044982439924]},"properties":{"OBJECTID_1":553,"OBJECTID":848,"GlobalID":"{90F1329F-7127-4B08-98D9-F3E78D990F86}","created_user":null,"created_date":null,"last_edited_user":null,"last_edited_date":null,"System":"Caloosa Isles","Color":"Green","MountingTy":"Piling Wood","NAVSize":"Small","Remarks":"Good","Owner":"Lee County","InspDate":1535601600000,"InspFreq":12,"NewInstall":null,"Comments":" ","NAVNumber":"15","LLN":52823.80078125,"POINT_X":-81.90569,"POINT_Y":26.63704012,"Depth":4,"ID":"N0801","reviewed":"yes","Fix":"yes","followup":" "}},{"type":"Feature","id":554,"geometry":{"type":"Point","coordinates":[-81.90456978970815,26.636971061941374]},"properties":{"OBJECTID_1":554,"OBJECTID":849,"GlobalID":"{84067354-5370-4A5C-8104-81A811F25F52}","created_user":null,"created_date":null,"last_edited_user":null,"last_edited_date":null,"System":"Caloosa Isles","Color":"Red","MountingTy":"Piling Wood","NAVSize":"Small","Remarks":"Good","Owner":"Lee County","InspDate":1535601600000,"InspFreq":12,"NewInstall":null,"Comments":" ","NAVNumber":"14","LLN":52823.6015625,"POINT_X":-81.90456659,"POINT_Y":26.6369662,"Depth":6,"ID":"N0802","reviewed":"yes","Fix":"yes","followup":" "}},{"type":"Feature","id":555,"geometry":{"type":"Point","coordinates":[-81.90450160464219,26.636656895430228]},"properties":{"OBJECTID_1":555,"OBJECTID":850,"GlobalID":"{7AF59AC9-30C4-4D7B-A622-67AE333A78F6}","created_user":null,"created_date":null,"last_edited_user":null,"last_edited_date":null,"System":"Caloosa Isles","Color":"Green","MountingTy":"Piling Wood","NAVSize":"Small","Remarks":"Good","Owner":"Lee County","InspDate":1535601600000,"InspFreq":12,"NewInstall":null,"Comments":" ","NAVNumber":"13","LLN":52823.3984375,"POINT_X":-81.9044984,"POINT_Y":26.63665203,"Depth":6,"ID":"N0803","reviewed":"yes","Fix":"no","followup":" "}},{"type":"Feature","id":556,"geometry":{"type":"Point","coordinates":[-81.90329045100198,26.636251163952608]},"properties":{"OBJECTID_1":556,"OBJECTID":851,"GlobalID":"{79D406F4-C4BA-473D-95E6-AF2F312EB96F}","created_user":null,"created_date":null,"last_edited_user":null,"last_edited_date":null,"System":"Caloosa Isles","Color":"Green","MountingTy":"Piling Wood","NAVSize":"Small","Remarks":"Good","Owner":"Lee County","InspDate":1535601600000,"InspFreq":12,"NewInstall":null,"Comments":" ","NAVNumber":"11","LLN":52823,"POINT_X":-81.90328725,"POINT_Y":26.6362463,"Depth":6,"ID":"N0804","reviewed":"yes","Fix":"no","followup":" "}},{"type":"Feature","id":557,"geometry":{"type":"Point","coordinates":[-81.90325119447316,26.636576857345876]},"properties":{"OBJECTID_1":557,"OBJECTID":852,"GlobalID":"{C85EE69C-8BCE-46D3-B02B-3996BFEFC307}","created_user":null,"created_date":null,"last_edited_user":null,"last_edited_date":null,"System":"Caloosa Isles","Color":"Red","MountingTy":"Piling Wood","NAVSize":"Small","Remarks":"Good","Owner":"Lee County","InspDate":1535601600000,"InspFreq":12,"NewInstall":null,"Comments":" ","NAVNumber":"12","LLN":52823.19921875,"POINT_X":-81.90324799,"POINT_Y":26.63657199,"Depth":6,"ID":"N0805","reviewed":"yes","Fix":"no","followup":" "}},{"type":"Feature","id":558,"geometry":{"type":"Point","coordinates":[-81.90188801829954,26.636180824049685]},"properties":{"OBJECTID_1":558,"OBJECTID":853,"GlobalID":"{D33B2050-91B5-4208-B956-3DE44B1292D6}","created_user":null,"created_date":null,"last_edited_user":null,"last_edited_date":null,"System":"Caloosa Isles","Color":"Red","MountingTy":"Piling Wood","NAVSize":"Small","Remarks":"Good","Owner":"Lee County","InspDate":1535601600000,"InspFreq":12,"NewInstall":null,"Comments":" ","NAVNumber":"10","LLN":52822.80078125,"POINT_X":-81.90188482,"POINT_Y":26.63617596,"Depth":8,"ID":"N0806","reviewed":"yes","Fix":"no","followup":" "}},{"type":"Feature","id":559,"geometry":{"type":"Point","coordinates":[-81.901650033362,26.63572271780116]},"properties":{"OBJECTID_1":559,"OBJECTID":854,"GlobalID":"{BC8067AE-9BA8-44B3-829F-4B59CF6B3191}","created_user":null,"created_date":null,"last_edited_user":null,"last_edited_date":null,"System":"Caloosa Isles","Color":"Green","MountingTy":"Piling Wood","NAVSize":"Small","Remarks":"Good","Owner":"Lee County","InspDate":1535601600000,"InspFreq":12,"NewInstall":null,"Comments":" ","NAVNumber":"9","LLN":52822.6015625,"POINT_X":-81.90164683,"POINT_Y":26.63571785,"Depth":8,"ID":"N0807","reviewed":"yes","Fix":"no","followup":" "}},{"type":"Feature","id":560,"geometry":{"type":"Point","coordinates":[-81.89883804617949,26.635289262425317]},"properties":{"OBJECTID_1":560,"OBJECTID":855,"GlobalID":"{9D725AAA-34EE-4EFB-AB39-BA4E5705873D}","created_user":null,"created_date":null,"last_edited_user":null,"last_edited_date":null,"System":"Caloosa Isles","Color":"Red","MountingTy":"Piling Wood","NAVSize":"Small","Remarks":"Good","Owner":"Lee County","InspDate":1535601600000,"InspFreq":12,"NewInstall":null,"Comments":" ","NAVNumber":"8","LLN":52822.3984375,"POINT_X":-81.89883485,"POINT_Y":26.6352844,"Depth":8,"ID":"N0808","reviewed":"yes","Fix":"no","followup":" "}},{"type":"Feature","id":561,"geometry":{"type":"Point","coordinates":[-81.89860855285762,26.63470900426526]},"properties":{"OBJECTID_1":561,"OBJECTID":856,"GlobalID":"{174542BF-5B94-4D84-BD8B-95B017C0B07F}","created_user":null,"created_date":null,"last_edited_user":null,"last_edited_date":null,"System":"Caloosa Isles","Color":"Green","MountingTy":"Piling Wood","NAVSize":"Small","Remarks":"Good","Owner":"Lee County","InspDate":1535601600000,"InspFreq":12,"NewInstall":null,"Comments":" ","NAVNumber":"7","LLN":52822.19921875,"POINT_X":-81.89860535,"POINT_Y":26.63470414,"Depth":8,"ID":"N0809","reviewed":"yes","Fix":"yes","followup":" "}},{"type":"Feature","id":562,"geometry":{"type":"Point","coordinates":[-81.89659772075213,26.63460390909067]},"properties":{"OBJECTID_1":562,"OBJECTID":857,"GlobalID":"{7C834EEC-26A3-495F-A8FC-A7D8859E1212}","created_user":null,"created_date":null,"last_edited_user":null,"last_edited_date":null,"System":"Caloosa Isles","Color":"Red","MountingTy":"Piling Wood","NAVSize":"Small","Remarks":"Good","Owner":"Lee County","InspDate":1535601600000,"InspFreq":12,"NewInstall":null,"Comments":" ","NAVNumber":"6","LLN":52822,"POINT_X":-81.89659452,"POINT_Y":26.63459904,"Depth":8,"ID":"N0810","reviewed":"yes","Fix":"no","followup":" "}},{"type":"Feature","id":563,"geometry":{"type":"Point","coordinates":[-81.89656755003205,26.63403712877874]},"properties":{"OBJECTID_1":563,"OBJECTID":858,"GlobalID":"{77E84FE2-6EC2-480B-9AAA-6575A97BD692}","created_user":null,"created_date":null,"last_edited_user":null,"last_edited_date":null,"System":"Caloosa Isles","Color":"Green","MountingTy":"Piling Wood","NAVSize":"Small","Remarks":"Good","Owner":"Lee County","InspDate":1535601600000,"InspFreq":12,"NewInstall":null,"Comments":" ","NAVNumber":"5","LLN":52821.80078125,"POINT_X":-81.89656435,"POINT_Y":26.63403226,"Depth":8,"ID":"N0811","reviewed":"yes","Fix":"no","followup":" "}},{"type":"Feature","id":564,"geometry":{"type":"Point","coordinates":[-81.89461078354157,26.634027111402048]},"properties":{"OBJECTID_1":564,"OBJECTID":859,"GlobalID":"{D1C2AD0C-CEAE-4B7E-9A86-DA7900AED22F}","created_user":null,"created_date":null,"last_edited_user":null,"last_edited_date":null,"System":"Caloosa Isles","Color":"Red","MountingTy":"Piling Wood","NAVSize":"Small","Remarks":"Good","Owner":"Lee County","InspDate":1535601600000,"InspFreq":12,"NewInstall":null,"Comments":" ","NAVNumber":"4","LLN":52821.6015625,"POINT_X":-81.89460758,"POINT_Y":26.63402225,"Depth":8,"ID":"N0812","reviewed":"yes","Fix":"no","followup":" "}},{"type":"Feature","id":565,"geometry":{"type":"Point","coordinates":[-81.89449455843219,26.63335192338689]},"properties":{"OBJECTID_1":565,"OBJECTID":860,"GlobalID":"{BE7B39A4-FB23-4E95-AC4C-5278E9406E74}","created_user":null,"created_date":null,"last_edited_user":null,"last_edited_date":null,"System":"Caloosa Isles","Color":"Green","MountingTy":"Piling Wood","NAVSize":"Small","Remarks":"Good","Owner":"Lee County","InspDate":1535601600000,"InspFreq":12,"NewInstall":null,"Comments":"split pile","NAVNumber":"3","LLN":52821.3984375,"POINT_X":-81.89449136,"POINT_Y":26.63334706,"Depth":8,"ID":"N0813","reviewed":"yes","Fix":"no","followup":" "}},{"type":"Feature","id":566,"geometry":{"type":"Point","coordinates":[-81.89251408845146,26.63340533103964]},"properties":{"OBJECTID_1":566,"OBJECTID":861,"GlobalID":"{20A4966C-CBA6-412D-9691-2864368BB267}","created_user":null,"created_date":null,"last_edited_user":null,"last_edited_date":null,"System":"Caloosa Isles","Color":"Red","MountingTy":"Piling Wood","NAVSize":"Small","Remarks":"Good","Owner":"Lee County","InspDate":1535601600000,"InspFreq":12,"NewInstall":null,"Comments":" ","NAVNumber":"2","LLN":52821.19921875,"POINT_X":-81.89251089,"POINT_Y":26.63340047,"Depth":8,"ID":"N0814","reviewed":"yes","Fix":"no","followup":" "}},{"type":"Feature","id":567,"geometry":{"type":"Point","coordinates":[-81.89271177543664,26.632779139252335]},"properties":{"OBJECTID_1":567,"OBJECTID":862,"GlobalID":"{F49901EB-C323-4EC6-98AA-DD44DF37033D}","created_user":null,"created_date":null,"last_edited_user":null,"last_edited_date":null,"System":"Caloosa Isles","Color":"Green","MountingTy":"Piling Wood","NAVSize":"Large","Remarks":"needs new sign","Owner":"Lee County","InspDate":1535601600000,"InspFreq":12,"NewInstall":null,"Comments":" ","NAVNumber":"1","LLN":62821,"POINT_X":-81.89270858,"POINT_Y":26.63277428,"Depth":8,"ID":"N0815","reviewed":"yes","Fix":"no","followup":" "}},{"type":"Feature","id":568,"geometry":{"type":"Point","coordinates":[-82.21178723513282,26.55315721808934]},"properties":{"OBJECTID_1":568,"OBJECTID":866,"GlobalID":"{1D7C0ADD-398C-4BEC-BB29-8002FE31A694}","created_user":null,"created_date":null,"last_edited_user":null,"last_edited_date":null,"System":"Redfish Pass","Color":"Red","MountingTy":"Buoy","NAVSize":"Large","Remarks":"Excellent","Owner":"Lee County","InspDate":1529294400000,"InspFreq":12,"NewInstall":1529294400000,"Comments":"40%, light works, change to R2","NAVNumber":"2","LLN":0,"POINT_X":-82.21178395,"POINT_Y":26.55315238,"Depth":14,"ID":"N0817","reviewed":"yes","Fix":"yes","followup":" "}},{"type":"Feature","id":569,"geometry":{"type":"Point","coordinates":[-81.940117179206,26.45413926312481]},"properties":{"OBJECTID_1":569,"OBJECTID":878,"GlobalID":"{4308C6A0-E9CC-4050-943F-F9E191DB696F}","created_user":null,"created_date":null,"last_edited_user":null,"last_edited_date":null,"System":"Estero Bay North","Color":"Green","MountingTy":"Piling Wood","NAVSize":"Small","Remarks":"Good","Owner":"Lee County","InspDate":1542085200000,"InspFreq":12,"NewInstall":null,"Comments":" ","NAVNumber":"5","LLN":18316,"POINT_X":-81.94011397,"POINT_Y":26.45413444,"Depth":8,"ID":"N0819","reviewed":"yes","Fix":"no","followup":" "}},{"type":"Feature","id":570,"geometry":{"type":"Point","coordinates":[-81.94184679785727,26.454364800260112]},"properties":{"OBJECTID_1":570,"OBJECTID":879,"GlobalID":"{E3BED8ED-A7DD-431F-BF10-D83ED916B079}","created_user":null,"created_date":null,"last_edited_user":null,"last_edited_date":null,"System":"Estero Bay North","Color":"Green","MountingTy":"Piling Wood","NAVSize":"Small","Remarks":"Excellent","Owner":"Lee County","InspDate":1542085200000,"InspFreq":12,"NewInstall":1519621200000,"Comments":" ","NAVNumber":"3","LLN":18311,"POINT_X":-81.94184359,"POINT_Y":26.45435998,"Depth":8,"ID":"N0820","reviewed":"yes","Fix":"no","followup":" "}},{"type":"Feature","id":571,"geometry":{"type":"Point","coordinates":[-81.94306451304833,26.45453940066223]},"properties":{"OBJECTID_1":571,"OBJECTID":880,"GlobalID":"{7D0D047B-13B2-4230-A596-18729BF2A5CD}","created_user":null,"created_date":null,"last_edited_user":null,"last_edited_date":null,"System":"Estero Bay North","Color":"Green","MountingTy":"Piling Wood","NAVSize":"Small","Remarks":"Good","Owner":"Lee County","InspDate":1542085200000,"InspFreq":12,"NewInstall":null,"Comments":" ","NAVNumber":"1","LLN":18309,"POINT_X":-81.94306131,"POINT_Y":26.45453458,"Depth":6,"ID":"N0821","reviewed":"yes","Fix":"no","followup":" "}},{"type":"Feature","id":572,"geometry":{"type":"Point","coordinates":[-81.79674799574663,26.689197906626504]},"properties":{"OBJECTID_1":572,"OBJECTID":881,"GlobalID":"{C488C79A-D4D0-4E74-B1B3-9617DDE7E1A7}","created_user":null,"created_date":null,"last_edited_user":null,"last_edited_date":null,"System":"Orange River","Color":"Green","MountingTy":"Piling Wood","NAVSize":"Small","Remarks":"Good","Owner":"Lee County","InspDate":1536206400000,"InspFreq":12,"NewInstall":null,"Comments":" ","NAVNumber":"11","LLN":52192.6015625,"POINT_X":-81.79674482,"POINT_Y":26.68919303,"Depth":6,"ID":"N0822","reviewed":"yes","Fix":"no","followup":" "}},{"type":"Feature","id":573,"geometry":{"type":"Point","coordinates":[-81.79699604952683,26.690927191371316]},"properties":{"OBJECTID_1":573,"OBJECTID":882,"GlobalID":"{8B6EC532-FD5E-469F-A047-11F60054EDFC}","created_user":null,"created_date":null,"last_edited_user":null,"last_edited_date":null,"System":"Orange River","Color":"Green","MountingTy":"Piling Wood","NAVSize":"Small","Remarks":"Good","Owner":"Lee County","InspDate":1536206400000,"InspFreq":12,"NewInstall":null,"Comments":" ","NAVNumber":"9","LLN":52192.5,"POINT_X":-81.79699288,"POINT_Y":26.69092231,"Depth":6,"ID":"N0823","reviewed":"yes","Fix":"no","followup":" "}},{"type":"Feature","id":574,"geometry":{"type":"Point","coordinates":[-81.7969857422876,26.69250253744952]},"properties":{"OBJECTID_1":574,"OBJECTID":883,"GlobalID":"{4FDDBDAE-F9F0-49B4-B66A-79EE0B7017B8}","created_user":null,"created_date":null,"last_edited_user":null,"last_edited_date":null,"System":"Orange River","Color":"Green","MountingTy":"Piling Wood","NAVSize":"Small","Remarks":"Good","Owner":"Lee County","InspDate":1536206400000,"InspFreq":12,"NewInstall":null,"Comments":" ","NAVNumber":"7","LLN":52192.30078125,"POINT_X":-81.79698257,"POINT_Y":26.69249766,"Depth":6,"ID":"N0824","reviewed":"yes","Fix":"no","followup":" "}},{"type":"Feature","id":575,"geometry":{"type":"Point","coordinates":[-81.79642345036319,26.69326400550645]},"properties":{"OBJECTID_1":575,"OBJECTID":884,"GlobalID":"{45A3924E-EDF2-46B2-A575-4E8DC4E9BBD4}","created_user":null,"created_date":null,"last_edited_user":null,"last_edited_date":null,"System":"Orange River","Color":"Green","MountingTy":"Piling Wood","NAVSize":"Small","Remarks":"Good","Owner":"Lee County","InspDate":1536206400000,"InspFreq":12,"NewInstall":null,"Comments":" ","NAVNumber":"5","LLN":52192.19921875,"POINT_X":-81.79642028,"POINT_Y":26.69325912,"Depth":6,"ID":"N0825","reviewed":"yes","Fix":"no","followup":" "}},{"type":"Feature","id":576,"geometry":{"type":"Point","coordinates":[-81.79649754667678,26.694942368612764]},"properties":{"OBJECTID_1":576,"OBJECTID":885,"GlobalID":"{00CEC1C6-014F-49B9-91A1-205C44E431D1}","created_user":null,"created_date":null,"last_edited_user":null,"last_edited_date":null,"System":"Orange River","Color":"Green","MountingTy":"Piling Wood","NAVSize":"Small","Remarks":"Good","Owner":"Lee County","InspDate":1536206400000,"InspFreq":12,"NewInstall":null,"Comments":" ","NAVNumber":"3","LLN":52192.1015625,"POINT_X":-81.79649437,"POINT_Y":26.69493749,"Depth":8,"ID":"N0826","reviewed":"yes","Fix":"no","followup":" "}},{"type":"Feature","id":577,"geometry":{"type":"Point","coordinates":[-81.79677929390164,26.695184565336916]},"properties":{"OBJECTID_1":577,"OBJECTID":886,"GlobalID":"{BFA5C299-2792-4B38-B67A-7B8C2CE33D4D}","created_user":null,"created_date":null,"last_edited_user":null,"last_edited_date":null,"System":"Orange River","Color":"Red","MountingTy":"Piling Wood","NAVSize":"Small","Remarks":"Good","Owner":"Lee County","InspDate":1536206400000,"InspFreq":12,"NewInstall":null,"Comments":" ","NAVNumber":"2","LLN":52192,"POINT_X":-81.79677612,"POINT_Y":26.69517968,"Depth":6,"ID":"N0827","reviewed":"yes","Fix":"no","followup":" "}},{"type":"Feature","id":578,"geometry":{"type":"Point","coordinates":[-81.7973647030056,26.692283697112938]},"properties":{"OBJECTID_1":578,"OBJECTID":887,"GlobalID":"{46616C1A-5BD8-46B0-B9A3-A14A5E483795}","created_user":null,"created_date":null,"last_edited_user":null,"last_edited_date":null,"System":"Orange River","Color":"Red","MountingTy":"Piling Wood","NAVSize":"Small","Remarks":"Good","Owner":"Lee County","InspDate":1536206400000,"InspFreq":12,"NewInstall":null,"Comments":" ","NAVNumber":"8","LLN":52192.3984375,"POINT_X":-81.79736153,"POINT_Y":26.69227882,"Depth":6,"ID":"N0828","reviewed":"yes","Fix":"no","followup":" "}},{"type":"Feature","id":579,"geometry":{"type":"Point","coordinates":[-81.85423084415923,26.484833563325942]},"properties":{"OBJECTID_1":579,"OBJECTID":891,"GlobalID":"{98990FB4-A5FB-4AC7-BDAD-F14990B8E71E}","created_user":null,"created_date":null,"last_edited_user":null,"last_edited_date":null,"System":"Mullock Crk","Color":"Green TRUB","MountingTy":"Buoy","NAVSize":"Small","Remarks":"Excellent","Owner":"Lee County","InspDate":1522296000000,"InspFreq":12,"NewInstall":1522296000000,"Comments":"Sealite","NAVNumber":"temp","LLN":0,"POINT_X":-81.85422766,"POINT_Y":26.48482874,"Depth":18,"ID":"N0829","reviewed":" ","Fix":" ","followup":" "}},{"type":"Feature","id":580,"geometry":{"type":"Point","coordinates":[-82.19686463580935,26.552894996466446]},"properties":{"OBJECTID_1":580,"OBJECTID":896,"GlobalID":"{A4843EB7-7987-49AD-B560-298B5D57C1E9}","created_user":null,"created_date":null,"last_edited_user":null,"last_edited_date":null,"System":"Redfish Pass","Color":"Green","MountingTy":"Piling Wood","NAVSize":"Small","Remarks":"Excellent","Owner":"Lee County","InspDate":1519707600000,"InspFreq":12,"NewInstall":1519707600000,"Comments":" ","NAVNumber":"7","LLN":1270,"POINT_X":-82.19686135,"POINT_Y":26.55289016,"Depth":10,"ID":"N0832","reviewed":"yes","Fix":"no","followup":" "}},{"type":"Feature","id":581,"geometry":{"type":"Point","coordinates":[-81.85432600773326,26.378581672022325]},"properties":{"OBJECTID_1":581,"OBJECTID":898,"GlobalID":"{50A4A0F0-1734-4F6F-9DDE-57A35DAC236D}","created_user":null,"created_date":null,"last_edited_user":null,"last_edited_date":null,"System":"Estero Bay South","Color":"Red","MountingTy":"Piling Wood","NAVSize":"Small","Remarks":"Good","Owner":"Lee County","InspDate":1541653200000,"InspFreq":12,"NewInstall":null,"Comments":" ","NAVNumber":"36","LLN":19545,"POINT_X":-81.85432283,"POINT_Y":26.37857687,"Depth":8,"ID":"N0833","reviewed":"yes","Fix":" ","followup":"yes"}},{"type":"Feature","id":582,"geometry":{"type":"Point","coordinates":[-81.88236092461268,26.40853606220676]},"properties":{"OBJECTID_1":582,"OBJECTID":908,"GlobalID":"{D14B6711-7340-4385-9FCF-3C269744A75D}","created_user":null,"created_date":null,"last_edited_user":null,"last_edited_date":null,"System":"Estero Bay North","Color":"Red","MountingTy":"Piling Wood","NAVSize":"Small","Remarks":"Excellent","Owner":"Lee County","InspDate":1542085200000,"InspFreq":12,"NewInstall":1516165200000,"Comments":" ","NAVNumber":"68","LLN":18745,"POINT_X":-81.88235774,"POINT_Y":26.40853125,"Depth":8,"ID":"N0834","reviewed":" ","Fix":" ","followup":" "}},{"type":"Feature","id":583,"geometry":{"type":"Point","coordinates":[-82.0752797963166,26.492666669873216]},"properties":{"OBJECTID_1":583,"OBJECTID":931,"GlobalID":"{AA480A36-B34B-438F-9844-202A62C976BC}","created_user":null,"created_date":null,"last_edited_user":null,"last_edited_date":null,"System":"Pine Island Shores","Color":"Red TRUB","MountingTy":"Buoy","NAVSize":"Small","Remarks":"Good","Owner":"Lee County","InspDate":1518670800000,"InspFreq":12,"NewInstall":null,"Comments":" ","NAVNumber":"6","LLN":55360,"POINT_X":-82.07527655,"POINT_Y":26.49266184,"Depth":6,"ID":"N0836","reviewed":"yes","Fix":"no","followup":" "}},{"type":"Feature","id":584,"geometry":{"type":"Point","coordinates":[-82.07510894423235,26.492069158258893]},"properties":{"OBJECTID_1":584,"OBJECTID":932,"GlobalID":"{9DA12EB6-A83C-4626-ABAB-A51FA05156D6}","created_user":null,"created_date":null,"last_edited_user":null,"last_edited_date":null,"System":"Pine Island Shores","Color":"Red","MountingTy":"Piling Wood","NAVSize":"Small","Remarks":"Excellent","Owner":"Lee County","InspDate":1518670800000,"InspFreq":12,"NewInstall":1518670800000,"Comments":" ","NAVNumber":"4","LLN":55355,"POINT_X":-82.0751057,"POINT_Y":26.49206433,"Depth":6,"ID":"N0837","reviewed":"yes","Fix":"no","followup":" "}},{"type":"Feature","id":585,"geometry":{"type":"Point","coordinates":[-82.07483293988982,26.49167066989878]},"properties":{"OBJECTID_1":585,"OBJECTID":933,"GlobalID":"{E5DE8BC4-C42E-4E15-9CF9-3CD673CDC9F3}","created_user":null,"created_date":null,"last_edited_user":null,"last_edited_date":null,"System":"Pine Island Shores","Color":"Red","MountingTy":"Piling Wood","NAVSize":"Small","Remarks":"Excellent","Owner":"Lee County","InspDate":1518670800000,"InspFreq":12,"NewInstall":1518670800000,"Comments":" ","NAVNumber":"2","LLN":55345,"POINT_X":-82.07482969,"POINT_Y":26.49166584,"Depth":6,"ID":"N0838","reviewed":"yes","Fix":"no","followup":" "}},{"type":"Feature","id":586,"geometry":{"type":"Point","coordinates":[-82.15088543318424,26.70229258550903]},"properties":{"OBJECTID_1":586,"OBJECTID":945,"GlobalID":"{452FAE92-40E5-4077-BB43-BB3072F5A524}","created_user":null,"created_date":null,"last_edited_user":null,"last_edited_date":null,"System":"Pine Island West Chan.","Color":"Green","MountingTy":"Piling Wood","NAVSize":"Small","Remarks":"Good","Owner":"Lee County","InspDate":1530849600000,"InspFreq":12,"NewInstall":null,"Comments":" ","NAVNumber":"3","LLN":56510,"POINT_X":-82.15088216,"POINT_Y":26.70228771,"Depth":4,"ID":"N0839","reviewed":"yes","Fix":"no","followup":" "}},{"type":"Feature","id":587,"geometry":{"type":"Point","coordinates":[-82.15179834847596,26.702103490599566]},"properties":{"OBJECTID_1":587,"OBJECTID":946,"GlobalID":"{1E66D30D-0B90-4783-8C18-AB73E7DE9836}","created_user":null,"created_date":null,"last_edited_user":null,"last_edited_date":null,"System":"Pine Island West Chan.","Color":"Green","MountingTy":"Piling Wood","NAVSize":"Small","Remarks":"Good","Owner":"Lee County","InspDate":1530849600000,"InspFreq":12,"NewInstall":null,"Comments":"blue way sign","NAVNumber":"5","LLN":56510.1015625,"POINT_X":-82.15179507,"POINT_Y":26.70209862,"Depth":4,"ID":"N0840","reviewed":"yes","Fix":"no","followup":" "}},{"type":"Feature","id":588,"geometry":{"type":"Point","coordinates":[-82.18212038050238,26.701754158633605]},"properties":{"OBJECTID_1":588,"OBJECTID":947,"GlobalID":"{0A00DA9D-2464-40A1-A7D3-FF0B0B2B9C28}","created_user":null,"created_date":null,"last_edited_user":null,"last_edited_date":null,"System":"Jug Creek","Color":"Green","MountingTy":"Piling Wood","NAVSize":"Small","Remarks":"Excellent","Owner":"Lee County","InspDate":1540440000000,"InspFreq":12,"NewInstall":1540440000000,"Comments":" ","NAVNumber":"1","LLN":56385,"POINT_X":-82.1821171,"POINT_Y":26.70174928,"Depth":8,"ID":"N0841","reviewed":"yes","Fix":"yes","followup":" "}},{"type":"Feature","id":589,"geometry":{"type":"Point","coordinates":[-82.18227159717435,26.701477091521998]},"properties":{"OBJECTID_1":589,"OBJECTID":948,"GlobalID":"{5757673F-BEAF-463B-B04C-12F7660E0095}","created_user":null,"created_date":null,"last_edited_user":null,"last_edited_date":null,"System":"Jug Creek","Color":"Red","MountingTy":"Piling Wood","NAVSize":"Small","Remarks":"Good","Owner":"Lee County","InspDate":1530849600000,"InspFreq":12,"NewInstall":null,"Comments":" ","NAVNumber":"2","LLN":56390,"POINT_X":-82.18226831,"POINT_Y":26.70147222,"Depth":6,"ID":"N0842","reviewed":"yes","Fix":"no","followup":" "}},{"type":"Feature","id":590,"geometry":{"type":"Point","coordinates":[-82.1818160387298,26.7002466507498]},"properties":{"OBJECTID_1":590,"OBJECTID":949,"GlobalID":"{F064BE3B-96BD-46DF-B3DA-72B5A9935341}","created_user":null,"created_date":null,"last_edited_user":null,"last_edited_date":null,"System":"Jug Creek","Color":"Red","MountingTy":"Piling Wood","NAVSize":"Small","Remarks":"Good","Owner":"Lee County","InspDate":1530849600000,"InspFreq":12,"NewInstall":null,"Comments":" ","NAVNumber":"4","LLN":56395,"POINT_X":-82.18181275,"POINT_Y":26.70024178,"Depth":6,"ID":"N0843","reviewed":"yes","Fix":"yes","followup":" "}},{"type":"Feature","id":591,"geometry":{"type":"Point","coordinates":[-82.18085062492354,26.699404884091642]},"properties":{"OBJECTID_1":591,"OBJECTID":950,"GlobalID":"{FA4036AF-C2E5-442A-9601-D97B85C0B64E}","created_user":null,"created_date":null,"last_edited_user":null,"last_edited_date":null,"System":"Jug Creek","Color":"Red","MountingTy":"Piling Wood","NAVSize":"Small","Remarks":"Good","Owner":"Lee County","InspDate":1530849600000,"InspFreq":12,"NewInstall":null,"Comments":" ","NAVNumber":"6","LLN":56400,"POINT_X":-82.18084734,"POINT_Y":26.69940001,"Depth":8,"ID":"N0850","reviewed":"yes","Fix":"no","followup":" "}},{"type":"Feature","id":592,"geometry":{"type":"Point","coordinates":[-82.17655123559118,26.69870439051967]},"properties":{"OBJECTID_1":592,"OBJECTID":952,"GlobalID":"{F44CDA6C-7505-4EEB-B664-26450A34D4A0}","created_user":null,"created_date":null,"last_edited_user":null,"last_edited_date":null,"System":"Jug Creek","Color":"Red","MountingTy":"Piling Wood","NAVSize":"Small","Remarks":"Good","Owner":"Lee County","InspDate":1530849600000,"InspFreq":12,"NewInstall":null,"Comments":" ","NAVNumber":"10","LLN":56410,"POINT_X":-82.17654795,"POINT_Y":26.69869952,"Depth":6,"ID":"N0852","reviewed":"yes","Fix":"yes","followup":" "}},{"type":"Feature","id":593,"geometry":{"type":"Point","coordinates":[-82.1729708168118,26.697368396457744]},"properties":{"OBJECTID_1":593,"OBJECTID":953,"GlobalID":"{1DFA3BD0-D39E-4C29-AEC6-5163425EF639}","created_user":null,"created_date":null,"last_edited_user":null,"last_edited_date":null,"System":"Jug Creek","Color":"Green","MountingTy":"Piling Wood","NAVSize":"Small","Remarks":"Good","Owner":"Lee County","InspDate":1501732800000,"InspFreq":12,"NewInstall":1456722000000,"Comments":"private  light installed","NAVNumber":"11A","LLN":56417,"POINT_X":-82.17296754,"POINT_Y":26.69736352,"Depth":6,"ID":"N0853","reviewed":"yes","Fix":"yes","followup":" "}},{"type":"Feature","id":594,"geometry":{"type":"Point","coordinates":[-82.17274921121252,26.696651529510333]},"properties":{"OBJECTID_1":594,"OBJECTID":954,"GlobalID":"{A2E4CA57-3A94-4AB3-A61B-B5DB6E849B8B}","created_user":null,"created_date":null,"last_edited_user":null,"last_edited_date":null,"System":"Jug Creek","Color":"Red","MountingTy":"Piling Wood","NAVSize":"Small","Remarks":"Good","Owner":"Lee County","InspDate":1530849600000,"InspFreq":12,"NewInstall":null,"Comments":" ","NAVNumber":"12","LLN":56420,"POINT_X":-82.17274593,"POINT_Y":26.69664666,"Depth":6,"ID":"N0854","reviewed":"yes","Fix":"yes","followup":" "}},{"type":"Feature","id":595,"geometry":{"type":"Point","coordinates":[-82.17053708012352,26.6962629902383]},"properties":{"OBJECTID_1":595,"OBJECTID":955,"GlobalID":"{A9588C6D-9654-4A7E-BAC6-FA883DC19AEF}","created_user":null,"created_date":null,"last_edited_user":null,"last_edited_date":null,"System":"Jug Creek","Color":"Red","MountingTy":"Piling Wood","NAVSize":"Small","Remarks":"Good","Owner":"Lee County","InspDate":1530849600000,"InspFreq":12,"NewInstall":null,"Comments":" ","NAVNumber":"14","LLN":56430,"POINT_X":-82.1705338,"POINT_Y":26.69625812,"Depth":4,"ID":"N0855","reviewed":"yes","Fix":"yes","followup":" "}},{"type":"Feature","id":596,"geometry":{"type":"Point","coordinates":[-82.17033659732479,26.69647789536614]},"properties":{"OBJECTID_1":596,"OBJECTID":956,"GlobalID":"{0EC6291E-D9F0-4A30-A289-BD4697AE9C81}","created_user":null,"created_date":null,"last_edited_user":null,"last_edited_date":null,"System":"Jug Creek","Color":"Green","MountingTy":"Piling Wood","NAVSize":"Small","Remarks":"Good","Owner":"Lee County","InspDate":1530849600000,"InspFreq":12,"NewInstall":1456722000000,"Comments":" ","NAVNumber":"15","LLN":56432,"POINT_X":-82.17033332,"POINT_Y":26.69647302,"Depth":6,"ID":"N0856","reviewed":"yes","Fix":"yes","followup":" "}},{"type":"Feature","id":597,"geometry":{"type":"Point","coordinates":[-82.16835177653536,26.694616952781573]},"properties":{"OBJECTID_1":597,"OBJECTID":958,"GlobalID":"{EA85C5A2-9C81-4B4D-BAA6-21591ED0411C}","created_user":null,"created_date":null,"last_edited_user":null,"last_edited_date":null,"System":"Jug Creek","Color":"Red","MountingTy":"Piling Wood","NAVSize":"Small","Remarks":"Good","Owner":"Lee County","InspDate":1530849600000,"InspFreq":12,"NewInstall":null,"Comments":" ","NAVNumber":"18","LLN":56446,"POINT_X":-82.1683485,"POINT_Y":26.69461208,"Depth":4,"ID":"N0858","reviewed":"yes","Fix":"yes","followup":" "}},{"type":"Feature","id":598,"geometry":{"type":"Point","coordinates":[-82.167665816602,26.694820276874424]},"properties":{"OBJECTID_1":598,"OBJECTID":959,"GlobalID":"{417BE672-509F-4F2D-B9DF-59FC535AD99B}","created_user":null,"created_date":null,"last_edited_user":null,"last_edited_date":null,"System":"Jug Creek","Color":"Red","MountingTy":"Piling Wood","NAVSize":"Small","Remarks":"Good","Owner":"Lee County","InspDate":1530849600000,"InspFreq":12,"NewInstall":null,"Comments":" ","NAVNumber":"20","LLN":56445,"POINT_X":-82.16766254,"POINT_Y":26.6948154,"Depth":4,"ID":"N0859","reviewed":"yes","Fix":"yes","followup":" "}},{"type":"Feature","id":599,"geometry":{"type":"Point","coordinates":[-82.16664582599783,26.695013176208302]},"properties":{"OBJECTID_1":599,"OBJECTID":960,"GlobalID":"{A2E926CE-100C-4C97-91C6-E7F0257830D3}","created_user":null,"created_date":null,"last_edited_user":null,"last_edited_date":null,"System":"Jug Creek","Color":"Red","MountingTy":"Piling Wood","NAVSize":"Small","Remarks":"Good","Owner":"Lee County","InspDate":1530849600000,"InspFreq":12,"NewInstall":null,"Comments":" ","NAVNumber":"22","LLN":56450,"POINT_X":-82.16664255,"POINT_Y":26.6950083,"Depth":4,"ID":"N0860","reviewed":"yes","Fix":"yes","followup":" "}},{"type":"Feature","id":600,"geometry":{"type":"Point","coordinates":[-82.16449110270496,26.695564368229537]},"properties":{"OBJECTID_1":600,"OBJECTID":961,"GlobalID":"{261AD2CD-0AAC-4EAD-AC70-7056674136E5}","created_user":null,"created_date":null,"last_edited_user":null,"last_edited_date":null,"System":"Jug Creek","Color":"Green","MountingTy":"Piling Wood","NAVSize":"Small","Remarks":"Fair","Owner":"Lee County","InspDate":1530849600000,"InspFreq":12,"NewInstall":null,"Comments":" ","NAVNumber":"23","LLN":56451,"POINT_X":-82.16448782,"POINT_Y":26.69555949,"Depth":4,"ID":"N0861","reviewed":"yes","Fix":"yes","followup":" "}},{"type":"Feature","id":601,"geometry":{"type":"Point","coordinates":[-82.16426341355209,26.69538705186178]},"properties":{"OBJECTID_1":601,"OBJECTID":962,"GlobalID":"{5B3F0160-9995-4BCB-8884-4D29A0C31F13}","created_user":null,"created_date":null,"last_edited_user":null,"last_edited_date":null,"System":"Jug Creek","Color":"Red","MountingTy":"Piling Wood","NAVSize":"Small","Remarks":"Good","Owner":"Lee County","InspDate":1530849600000,"InspFreq":12,"NewInstall":null,"Comments":" ","NAVNumber":"24","LLN":56460,"POINT_X":-82.16426014,"POINT_Y":26.69538218,"Depth":4,"ID":"N0862","reviewed":"yes","Fix":"yes","followup":" "}},{"type":"Feature","id":602,"geometry":{"type":"Point","coordinates":[-82.1638774688586,26.696693792567736]},"properties":{"OBJECTID_1":602,"OBJECTID":963,"GlobalID":"{D5FD5502-D06C-444D-A44A-20CB597680A3}","created_user":null,"created_date":null,"last_edited_user":null,"last_edited_date":null,"System":"Jug Creek","Color":"Red","MountingTy":"Piling Wood","NAVSize":"Small","Remarks":"Good","Owner":"Lee County","InspDate":1530849600000,"InspFreq":12,"NewInstall":null,"Comments":" ","NAVNumber":"26","LLN":56465,"POINT_X":-82.16387419,"POINT_Y":26.69668892,"Depth":4,"ID":"N0863","reviewed":"yes","Fix":"yes","followup":" "}},{"type":"Feature","id":603,"geometry":{"type":"Point","coordinates":[-82.16284044316745,26.69735470050692]},"properties":{"OBJECTID_1":603,"OBJECTID":964,"GlobalID":"{171DB5C4-5AF4-4A87-98B6-C3422F5DDBB0}","created_user":null,"created_date":null,"last_edited_user":null,"last_edited_date":null,"System":"Jug Creek","Color":"Red","MountingTy":"Piling Wood","NAVSize":"Small","Remarks":"Excellent","Owner":"Lee County","InspDate":1530849600000,"InspFreq":12,"NewInstall":1530849600000,"Comments":" ","NAVNumber":"28","LLN":56470,"POINT_X":-82.16283716,"POINT_Y":26.69734983,"Depth":4,"ID":"N0864","reviewed":"yes","Fix":"yes","followup":" "}},{"type":"Feature","id":604,"geometry":{"type":"Point","coordinates":[-82.16130913946498,26.70028924080676]},"properties":{"OBJECTID_1":604,"OBJECTID":965,"GlobalID":"{5FECDA3C-3851-4996-BC82-765A483B7A42}","created_user":null,"created_date":null,"last_edited_user":null,"last_edited_date":null,"System":"Jug Creek","Color":"Red","MountingTy":"Piling Wood","NAVSize":"Small","Remarks":"Excellent","Owner":"Lee County","InspDate":1530849600000,"InspFreq":12,"NewInstall":1530849600000,"Comments":" ","NAVNumber":"30","LLN":56475,"POINT_X":-82.16130586,"POINT_Y":26.70028437,"Depth":4,"ID":"N0865","reviewed":"yes","Fix":"no","followup":" "}},{"type":"Feature","id":605,"geometry":{"type":"Point","coordinates":[-82.16027558696264,26.70028994223534]},"properties":{"OBJECTID_1":605,"OBJECTID":966,"GlobalID":"{F1A03DD8-EBD9-41AD-81C4-47593DEEBCFD}","created_user":null,"created_date":null,"last_edited_user":null,"last_edited_date":null,"System":"Jug Creek","Color":"Red","MountingTy":"Piling Wood","NAVSize":"Small","Remarks":"Good","Owner":"Lee County","InspDate":1530849600000,"InspFreq":12,"NewInstall":null,"Comments":" ","NAVNumber":"32","LLN":56477,"POINT_X":-82.16027231,"POINT_Y":26.70028507,"Depth":4,"ID":"N0866","reviewed":"yes","Fix":"yes","followup":" "}},{"type":"Feature","id":606,"geometry":{"type":"Point","coordinates":[-82.15970042270752,26.70057555734624]},"properties":{"OBJECTID_1":606,"OBJECTID":967,"GlobalID":"{26259499-E1F3-4EFB-BE8C-8528267BD3D7}","created_user":null,"created_date":null,"last_edited_user":null,"last_edited_date":null,"System":"Jug Creek","Color":"Red","MountingTy":"Piling Wood","NAVSize":"Small","Remarks":"Good","Owner":"Lee County","InspDate":1530849600000,"InspFreq":12,"NewInstall":null,"Comments":" ","NAVNumber":"34","LLN":56489,"POINT_X":-82.15969715,"POINT_Y":26.70057068,"Depth":4,"ID":"N0867","reviewed":"yes","Fix":"yes","followup":" "}},{"type":"Feature","id":607,"geometry":{"type":"Point","coordinates":[-82.06639395303584,26.589274791630963]},"properties":{"OBJECTID_1":607,"OBJECTID":1206,"GlobalID":"{53F3E049-79D7-4F28-B45E-91DB8F208F61}","created_user":null,"created_date":null,"last_edited_user":null,"last_edited_date":null,"System":"Matlacha Pass","Color":"Red","MountingTy":"Piling Wood","NAVSize":"Large","Remarks":"Excellent","Owner":"Lee County","InspDate":1529467200000,"InspFreq":12,"NewInstall":1529467200000,"Comments":" ","NAVNumber":"38a","LLN":55065.1015625,"POINT_X":-82.06639071,"POINT_Y":26.58926994,"Depth":6,"ID":"N1074","reviewed":" ","Fix":" ","followup":" "}},{"type":"Feature","id":608,"geometry":{"type":"Point","coordinates":[-82.15808948582914,26.70170324637837]},"properties":{"OBJECTID_1":608,"OBJECTID":968,"GlobalID":"{37DE611C-7686-4891-BBD9-F96799063D18}","created_user":null,"created_date":null,"last_edited_user":null,"last_edited_date":null,"System":"Jug Creek","Color":"Green","MountingTy":"Piling Wood","NAVSize":"Small","Remarks":"Good","Owner":"Lee County","InspDate":1530849600000,"InspFreq":12,"NewInstall":null,"Comments":" ","NAVNumber":"35","LLN":56490,"POINT_X":-82.15808621,"POINT_Y":26.70169837,"Depth":4,"ID":"N0868","reviewed":"yes","Fix":"no","followup":" "}},{"type":"Feature","id":609,"geometry":{"type":"Point","coordinates":[-82.15693296986224,26.702197119449266]},"properties":{"OBJECTID_1":609,"OBJECTID":969,"GlobalID":"{7EC636EB-C68A-4B44-982A-012FD1DD72FA}","created_user":null,"created_date":null,"last_edited_user":null,"last_edited_date":null,"System":"Jug Creek","Color":"Green","MountingTy":"Piling Wood","NAVSize":"Small","Remarks":"Excellent","Owner":"Lee County","InspDate":1530849600000,"InspFreq":12,"NewInstall":1530849600000,"Comments":" ","NAVNumber":"39","LLN":56497,"POINT_X":-82.15692969,"POINT_Y":26.70219224,"Depth":4,"ID":"N0869","reviewed":"yes","Fix":"yes","followup":" "}},{"type":"Feature","id":610,"geometry":{"type":"Point","coordinates":[-82.156539984896,26.702111739739987]},"properties":{"OBJECTID_1":610,"OBJECTID":970,"GlobalID":"{92D2777C-2966-427F-A32D-1517D18182D9}","created_user":null,"created_date":null,"last_edited_user":null,"last_edited_date":null,"System":"Jug Creek","Color":"Green","MountingTy":"Piling Wood","NAVSize":"Small","Remarks":"Excellent","Owner":"Lee County","InspDate":1530849600000,"InspFreq":12,"NewInstall":1530849600000,"Comments":" ","NAVNumber":"41","LLN":56499,"POINT_X":-82.15653671,"POINT_Y":26.70210686,"Depth":4,"ID":"N0870","reviewed":"yes","Fix":"no","followup":" "}},{"type":"Feature","id":611,"geometry":{"type":"Point","coordinates":[-82.17769355339549,26.699314374878366]},"properties":{"OBJECTID_1":611,"OBJECTID":971,"GlobalID":"{71EB5BC6-FA75-401D-9C0B-E9FA7BDC4F1A}","created_user":null,"created_date":null,"last_edited_user":null,"last_edited_date":null,"System":"Jug Creek","Color":"Red","MountingTy":"Piling Wood","NAVSize":"Small","Remarks":"Good","Owner":"Lee County","InspDate":1530849600000,"InspFreq":12,"NewInstall":null,"Comments":" ","NAVNumber":"8","LLN":56405,"POINT_X":-82.17769027,"POINT_Y":26.6993095,"Depth":6,"ID":"N0871","reviewed":"yes","Fix":"no","followup":" "}},{"type":"Feature","id":612,"geometry":{"type":"Point","coordinates":[-82.14468677049584,26.580910022447995]},"properties":{"OBJECTID_1":612,"OBJECTID":1072,"GlobalID":"{4088E98A-F8F5-47FF-8911-7C5CD4471D77}","created_user":null,"created_date":null,"last_edited_user":null,"last_edited_date":null,"System":"Fishermens Coop","Color":"Red","MountingTy":"Piling Wood","NAVSize":"Large","Remarks":"Good","Owner":"Lee County","InspDate":1501214400000,"InspFreq":12,"NewInstall":null,"Comments":"p pile","NAVNumber":"2","LLN":55911.1015625,"POINT_X":-82.1446835,"POINT_Y":26.58090518,"Depth":6,"ID":"N0874","reviewed":" ","Fix":" ","followup":" "}},{"type":"Feature","id":613,"geometry":{"type":"Point","coordinates":[-82.17816510351904,26.489730022451663]},"properties":{"OBJECTID_1":613,"OBJECTID":1059,"GlobalID":"{860A491E-2C4C-47D6-847A-6CD833CECBFE}","created_user":null,"created_date":null,"last_edited_user":null,"last_edited_date":null,"System":"Blind Pass","Color":"Red TRUB","MountingTy":"Buoy","NAVSize":"Large","Remarks":"Good","Owner":"Lee County","InspDate":1525838400000,"InspFreq":12,"NewInstall":1499227200000,"Comments":"B 600","NAVNumber":" ","LLN":0,"POINT_X":-82.17816183,"POINT_Y":26.4897252,"Depth":4,"ID":"N0907","reviewed":" ","Fix":" ","followup":" "}},{"type":"Feature","id":614,"geometry":{"type":"Point","coordinates":[-82.1788517702026,26.489398355781475]},"properties":{"OBJECTID_1":614,"OBJECTID":1060,"GlobalID":"{1BB6BB1E-5199-4B30-AA28-0F0CC86EAEA6}","created_user":null,"created_date":null,"last_edited_user":null,"last_edited_date":null,"System":"Blind Pass","Color":"Green TRUB","MountingTy":"Buoy","NAVSize":"Large","Remarks":"Good","Owner":"Lee County","InspDate":1525838400000,"InspFreq":12,"NewInstall":1499227200000,"Comments":"B  600","NAVNumber":" ","LLN":0,"POINT_X":-82.17884849,"POINT_Y":26.48939353,"Depth":4,"ID":"N0908","reviewed":" ","Fix":" ","followup":" "}},{"type":"Feature","id":615,"geometry":{"type":"Point","coordinates":[-82.1788367701821,26.489655022400573]},"properties":{"OBJECTID_1":615,"OBJECTID":1061,"GlobalID":"{0575A55E-3355-4DA6-9B80-33361D4F12B8}","created_user":null,"created_date":null,"last_edited_user":null,"last_edited_date":null,"System":"Blind Pass","Color":"Red TRUB","MountingTy":"Buoy","NAVSize":"Large","Remarks":"Good","Owner":"Lee County","InspDate":1525838400000,"InspFreq":12,"NewInstall":1499227200000,"Comments":"B 600","NAVNumber":" ","LLN":0,"POINT_X":-82.17883349,"POINT_Y":26.4896502,"Depth":4,"ID":"N0909","reviewed":" ","Fix":" ","followup":" "}},{"type":"Feature","id":616,"geometry":{"type":"Point","coordinates":[-82.17763843685513,26.490258355811886]},"properties":{"OBJECTID_1":616,"OBJECTID":1062,"GlobalID":"{BA66F6B3-2767-4E0A-A478-2787975ECDF3}","created_user":null,"created_date":null,"last_edited_user":null,"last_edited_date":null,"System":"Blind Pass","Color":"Red TRUB","MountingTy":"Buoy","NAVSize":"Large","Remarks":"Good","Owner":"Lee County","InspDate":1525838400000,"InspFreq":12,"NewInstall":1499227200000,"Comments":"B 600","NAVNumber":" ","LLN":0,"POINT_X":-82.17763516,"POINT_Y":26.49025353,"Depth":4,"ID":"N0910","reviewed":" ","Fix":" ","followup":" "}},{"type":"Feature","id":617,"geometry":{"type":"Point","coordinates":[-82.14506177045557,26.583855022435277]},"properties":{"OBJECTID_1":617,"OBJECTID":1073,"GlobalID":"{6B4CBE0A-2519-4BB8-B2E5-2B7810E52F58}","created_user":null,"created_date":null,"last_edited_user":null,"last_edited_date":null,"System":"Fishermens Coop","Color":"Green","MountingTy":"Piling Wood","NAVSize":"Small","Remarks":"Good","Owner":"Lee County","InspDate":1501214400000,"InspFreq":12,"NewInstall":null,"Comments":"p pile","NAVNumber":"3","LLN":55911.19921875,"POINT_X":-82.1450585,"POINT_Y":26.58385018,"Depth":6,"ID":"N0911","reviewed":" ","Fix":" ","followup":" "}},{"type":"Feature","id":618,"geometry":{"type":"Point","coordinates":[-82.1450051037638,26.586698355757125]},"properties":{"OBJECTID_1":618,"OBJECTID":1076,"GlobalID":"{C4B4E6AF-76E6-40E2-887D-CBA8386EA745}","created_user":null,"created_date":null,"last_edited_user":null,"last_edited_date":null,"System":"Fishermens Coop","Color":"Red","MountingTy":"Piling Wood","NAVSize":"Small","Remarks":"Good","Owner":"Lee County","InspDate":1501214400000,"InspFreq":12,"NewInstall":null,"Comments":"p pile","NAVNumber":"6","LLN":55911.6015625,"POINT_X":-82.14500183,"POINT_Y":26.58669351,"Depth":6,"ID":"N0912","reviewed":" ","Fix":" ","followup":" "}},{"type":"Feature","id":619,"geometry":{"type":"Point","coordinates":[-81.84225510367293,26.345383356535606]},"properties":{"OBJECTID_1":619,"OBJECTID":1053,"GlobalID":"{0C8D00DA-E3D5-4EBF-AF57-BEC456D1AB30}","created_user":null,"created_date":null,"last_edited_user":null,"last_edited_date":null,"System":"Estero Bay South","Color":"Red","MountingTy":"Piling Wood","NAVSize":"Small","Remarks":"Good","Owner":"Lee County","InspDate":1541566800000,"InspFreq":12,"NewInstall":null,"Comments":"new location","NAVNumber":"90","LLN":19735,"POINT_X":-81.84225193,"POINT_Y":26.34537856,"Depth":4,"ID":"N0961","reviewed":"yes","Fix":"no","followup":" "}},{"type":"Feature","id":620,"geometry":{"type":"Point","coordinates":[-82.16953109020906,26.69551792899145]},"properties":{"OBJECTID_1":620,"OBJECTID":1199,"GlobalID":"{2A7207DD-C8D9-4922-A0C8-F067E385B079}","created_user":null,"created_date":null,"last_edited_user":null,"last_edited_date":null,"System":"Jug Creek","Color":"Green","MountingTy":"Piling Wood","NAVSize":"Small","Remarks":"Good","Owner":"Lee County","InspDate":1530849600000,"InspFreq":12,"NewInstall":1456808400000,"Comments":" ","NAVNumber":"15A","LLN":56433,"POINT_X":-82.16952781,"POINT_Y":26.69551306,"Depth":4,"ID":"N1065","reviewed":"yes","Fix":"yes","followup":" "}},{"type":"Feature","id":621,"geometry":{"type":"Point","coordinates":[-81.8525067703094,26.375665023158813]},"properties":{"OBJECTID_1":621,"OBJECTID":1067,"GlobalID":"{2DA56178-A72B-490F-A5D7-EB0A4D03B5B7}","created_user":null,"created_date":null,"last_edited_user":null,"last_edited_date":null,"System":"Estero Bay South","Color":"Green","MountingTy":"Piling Wood","NAVSize":"Small","Remarks":"Good","Owner":"Lee County","InspDate":1541653200000,"InspFreq":12,"NewInstall":null,"Comments":"p pile","NAVNumber":"41","LLN":19570,"POINT_X":-81.85250359,"POINT_Y":26.37566022,"Depth":6,"ID":"N0965","reviewed":"yes","Fix":"yes","followup":" "}},{"type":"Feature","id":622,"geometry":{"type":"Point","coordinates":[-82.14285510379956,26.586838355760094]},"properties":{"OBJECTID_1":622,"OBJECTID":1077,"GlobalID":"{83A9DF4D-9E7A-4517-96C6-824D6F32E4AA}","created_user":null,"created_date":null,"last_edited_user":null,"last_edited_date":null,"System":"Fishermens Coop","Color":"Red","MountingTy":"Piling Wood","NAVSize":"Small","Remarks":"Good","Owner":"Lee County","InspDate":1501214400000,"InspFreq":12,"NewInstall":null,"Comments":"p pile","NAVNumber":"8","LLN":55911.69921875,"POINT_X":-82.14285183,"POINT_Y":26.58683351,"Depth":6,"ID":"N0966","reviewed":" ","Fix":" ","followup":" "}},{"type":"Feature","id":623,"geometry":{"type":"Point","coordinates":[-82.14250343708419,26.587316688996363]},"properties":{"OBJECTID_1":623,"OBJECTID":1078,"GlobalID":"{891593E6-4B80-4D80-8F14-E895F4EFAC62}","created_user":null,"created_date":null,"last_edited_user":null,"last_edited_date":null,"System":"Fishermens Coop","Color":"Green","MountingTy":"Piling Wood","NAVSize":"Small","Remarks":"Good","Owner":"Lee County","InspDate":1501214400000,"InspFreq":12,"NewInstall":null,"Comments":"p pile","NAVNumber":"9","LLN":55911.80078125,"POINT_X":-82.14250017,"POINT_Y":26.58731184,"Depth":6,"ID":"N0967","reviewed":" ","Fix":" ","followup":" "}},{"type":"Feature","id":624,"geometry":{"type":"Point","coordinates":[-82.1414967704758,26.587381689063278]},"properties":{"OBJECTID_1":624,"OBJECTID":1079,"GlobalID":"{1309B749-C7C0-4783-96F9-1305979A8A29}","created_user":null,"created_date":null,"last_edited_user":null,"last_edited_date":null,"System":"Fishermens Coop","Color":"Red","MountingTy":"Piling Wood","NAVSize":"Small","Remarks":"Good","Owner":"Lee County","InspDate":1501214400000,"InspFreq":12,"NewInstall":null,"Comments":"p pile","NAVNumber":"10","LLN":55911.8984375,"POINT_X":-82.1414935,"POINT_Y":26.58737684,"Depth":6,"ID":"N0968","reviewed":" ","Fix":" ","followup":" "}},{"type":"Feature","id":625,"geometry":{"type":"Point","coordinates":[-82.13963843707586,26.588828355680025]},"properties":{"OBJECTID_1":625,"OBJECTID":1080,"GlobalID":"{7C32CF84-B45B-4F0C-B81B-5E29D34F001B}","created_user":null,"created_date":null,"last_edited_user":null,"last_edited_date":null,"System":"Fishermens Coop","Color":"Green","MountingTy":"Piling Wood","NAVSize":"Small","Remarks":"Good","Owner":"Lee County","InspDate":1501214400000,"InspFreq":12,"NewInstall":null,"Comments":"p pile","NAVNumber":"13","LLN":55912.19921875,"POINT_X":-82.13963517,"POINT_Y":26.58882351,"Depth":6,"ID":"N0969","reviewed":" ","Fix":" ","followup":" "}},{"type":"Feature","id":626,"geometry":{"type":"Point","coordinates":[-82.13772510375856,26.589576689018504]},"properties":{"OBJECTID_1":626,"OBJECTID":1082,"GlobalID":"{6638F98E-8346-4032-8715-599EF45B1C95}","created_user":null,"created_date":null,"last_edited_user":null,"last_edited_date":null,"System":"Fishermens Coop","Color":"Red","MountingTy":"Piling Wood","NAVSize":"Small","Remarks":"Good","Owner":"Lee County","InspDate":1501214400000,"InspFreq":12,"NewInstall":null,"Comments":"p pile","NAVNumber":"16","LLN":55912.3984375,"POINT_X":-82.13772184,"POINT_Y":26.58957184,"Depth":6,"ID":"N0970","reviewed":" ","Fix":" ","followup":" "}},{"type":"Feature","id":627,"geometry":{"type":"Point","coordinates":[-82.13770010371822,26.590351689046738]},"properties":{"OBJECTID_1":627,"OBJECTID":1083,"GlobalID":"{F9E3E787-BA27-4B21-846C-70C3622E6C87}","created_user":null,"created_date":null,"last_edited_user":null,"last_edited_date":null,"System":"Fishermens Coop","Color":"Green","MountingTy":"Piling Wood","NAVSize":"Small","Remarks":"Good","Owner":"Lee County","InspDate":1501214400000,"InspFreq":12,"NewInstall":null,"Comments":"p pile","NAVNumber":"17","LLN":55912.5,"POINT_X":-82.13769684,"POINT_Y":26.59034684,"Depth":6,"ID":"N0971","reviewed":" ","Fix":" ","followup":" "}},{"type":"Feature","id":628,"geometry":{"type":"Point","coordinates":[-82.13582010378454,26.591668355697955]},"properties":{"OBJECTID_1":628,"OBJECTID":1085,"GlobalID":"{2643F9BC-2600-43EF-B2FA-6DCC064A5704}","created_user":null,"created_date":null,"last_edited_user":null,"last_edited_date":null,"System":"Fishermens Coop","Color":"Red","MountingTy":"Piling Wood","NAVSize":"Small","Remarks":"Good","Owner":"Lee County","InspDate":1501214400000,"InspFreq":12,"NewInstall":null,"Comments":"p pile","NAVNumber":"20","LLN":55912.69921875,"POINT_X":-82.13581684,"POINT_Y":26.59166351,"Depth":6,"ID":"N0972","reviewed":" ","Fix":" ","followup":" "}},{"type":"Feature","id":629,"geometry":{"type":"Point","coordinates":[-82.13382510380866,26.59121168911853]},"properties":{"OBJECTID_1":629,"OBJECTID":1086,"GlobalID":"{513B5FF5-BF55-4286-B0F2-F3C5FC258210}","created_user":null,"created_date":null,"last_edited_user":null,"last_edited_date":null,"System":"Fishermens Coop","Color":"Red","MountingTy":" ","NAVSize":"Small","Remarks":"Good","Owner":"Lee County","InspDate":1501214400000,"InspFreq":12,"NewInstall":null,"Comments":"p pile","NAVNumber":"22","LLN":55912.80078125,"POINT_X":-82.13382184,"POINT_Y":26.59120684,"Depth":6,"ID":"N0973","reviewed":" ","Fix":" ","followup":" "}},{"type":"Feature","id":630,"geometry":{"type":"Point","coordinates":[-82.13196010377133,26.591473355719906]},"properties":{"OBJECTID_1":630,"OBJECTID":1087,"GlobalID":"{49B729E0-D9DA-4933-BE2C-B47B0452F40E}","created_user":null,"created_date":null,"last_edited_user":null,"last_edited_date":null,"System":"Fishermens Coop","Color":"Red","MountingTy":"Piling Wood","NAVSize":"Small","Remarks":"Good","Owner":"Lee County","InspDate":1501214400000,"InspFreq":12,"NewInstall":null,"Comments":"p pile","NAVNumber":"24","LLN":55912.8984375,"POINT_X":-82.13195684,"POINT_Y":26.59146851,"Depth":6,"ID":"N0974","reviewed":" ","Fix":" ","followup":" "}},{"type":"Feature","id":631,"geometry":{"type":"Point","coordinates":[-82.13124843716457,26.59256002232574]},"properties":{"OBJECTID_1":631,"OBJECTID":1088,"GlobalID":"{975B920F-8E9B-4BA3-9700-4FF4A4D84D05}","created_user":null,"created_date":null,"last_edited_user":null,"last_edited_date":null,"System":"Fishermens Coop","Color":"Red","MountingTy":"Piling Wood","NAVSize":"Small","Remarks":"Good","Owner":"Lee County","InspDate":1501214400000,"InspFreq":12,"NewInstall":null,"Comments":"p pile","NAVNumber":"26","LLN":55913,"POINT_X":-82.13124517,"POINT_Y":26.59255517,"Depth":6,"ID":"N0975","reviewed":" ","Fix":" ","followup":" "}},{"type":"Feature","id":632,"geometry":{"type":"Point","coordinates":[-82.12985343710447,26.592591689047776]},"properties":{"OBJECTID_1":632,"OBJECTID":1089,"GlobalID":"{2956F6A8-5F2B-46B5-874E-BBBFAACBE9FF}","created_user":null,"created_date":null,"last_edited_user":null,"last_edited_date":null,"System":"Fishermens Coop","Color":"Red","MountingTy":"Piling Wood","NAVSize":"Small","Remarks":"Good","Owner":"Lee County","InspDate":1501214400000,"InspFreq":12,"NewInstall":null,"Comments":"p pile","NAVNumber":"28","LLN":55913.1015625,"POINT_X":-82.12985017,"POINT_Y":26.59258684,"Depth":6,"ID":"N0976","reviewed":" ","Fix":" ","followup":" "}},{"type":"Feature","id":633,"geometry":{"type":"Point","coordinates":[-82.12839843713927,26.59259668906745]},"properties":{"OBJECTID_1":633,"OBJECTID":1090,"GlobalID":"{F5BE23A7-D3F7-4194-B8EF-056CBA9857E8}","created_user":null,"created_date":null,"last_edited_user":null,"last_edited_date":null,"System":"Fishermens Coop","Color":"Red","MountingTy":"Piling Wood","NAVSize":"Small","Remarks":"Good","Owner":"Lee County","InspDate":1501214400000,"InspFreq":12,"NewInstall":null,"Comments":"p pile","NAVNumber":"30","LLN":55913.19921875,"POINT_X":-82.12839517,"POINT_Y":26.59259184,"Depth":6,"ID":"N0977","reviewed":" ","Fix":" ","followup":" "}},{"type":"Feature","id":634,"geometry":{"type":"Point","coordinates":[-82.12691843710368,26.592520022412643]},"properties":{"OBJECTID_1":634,"OBJECTID":1091,"GlobalID":"{1C1B26B1-44CC-432F-9005-7BABA2C45CFF}","created_user":null,"created_date":null,"last_edited_user":null,"last_edited_date":null,"System":"Fishermens Coop","Color":"Red","MountingTy":"Piling Wood","NAVSize":"Small","Remarks":"Good","Owner":"Lee County","InspDate":1501214400000,"InspFreq":12,"NewInstall":null,"Comments":"p pile","NAVNumber":"32","LLN":55913.30078125,"POINT_X":-82.12691517,"POINT_Y":26.59251517,"Depth":6,"ID":"N0978","reviewed":" ","Fix":" ","followup":" "}},{"type":"Feature","id":635,"geometry":{"type":"Point","coordinates":[-82.14027708901158,26.58825998510182]},"properties":{"OBJECTID_1":635,"OBJECTID":1092,"GlobalID":"{E48E0864-1BC6-4823-83B0-030EB26B9612}","created_user":null,"created_date":null,"last_edited_user":null,"last_edited_date":null,"System":"Fishermens Coop","Color":"Red","MountingTy":"Piling Wood","NAVSize":"Small","Remarks":"Excellent","Owner":"Lee County","InspDate":1519707600000,"InspFreq":12,"NewInstall":1519707600000,"Comments":" ","NAVNumber":"12","LLN":55912.1015625,"POINT_X":-82.14027382,"POINT_Y":26.58825514,"Depth":6,"ID":"N0979","reviewed":" ","Fix":" ","followup":" "}},{"type":"Feature","id":636,"geometry":{"type":"Point","coordinates":[-82.1410001037862,26.588108355666275]},"properties":{"OBJECTID_1":636,"OBJECTID":1093,"GlobalID":"{37E109C2-19E0-436D-B30A-FE082974FB6B}","created_user":null,"created_date":null,"last_edited_user":null,"last_edited_date":null,"System":"Fishermens Coop","Color":"Green","MountingTy":"Piling Wood","NAVSize":"Small","Remarks":"Good","Owner":"Lee County","InspDate":1501214400000,"InspFreq":12,"NewInstall":null,"Comments":"p pile","NAVNumber":"11","LLN":55912,"POINT_X":-82.14099683,"POINT_Y":26.58810351,"Depth":6,"ID":"N0980","reviewed":" ","Fix":" ","followup":" "}},{"type":"Feature","id":637,"geometry":{"type":"Point","coordinates":[-82.14668677040365,26.581496689076552]},"properties":{"OBJECTID_1":637,"OBJECTID":1094,"GlobalID":"{48C7FE50-500A-4232-996B-B3DE5384C6E7}","created_user":null,"created_date":null,"last_edited_user":null,"last_edited_date":null,"System":"Fishermens Coop","Color":"Green","MountingTy":"Piling Wood","NAVSize":"Large","Remarks":"Good","Owner":"Lee County","InspDate":1501214400000,"InspFreq":12,"NewInstall":null,"Comments":"p pile","NAVNumber":"1","LLN":55911,"POINT_X":-82.1466835,"POINT_Y":26.58149184,"Depth":6,"ID":"N0981","reviewed":" ","Fix":" ","followup":" "}},{"type":"Feature","id":638,"geometry":{"type":"Point","coordinates":[-81.87629010363233,26.37439502306972]},"properties":{"OBJECTID_1":638,"OBJECTID":1111,"GlobalID":"{64B6662B-564B-4494-8DEA-50F5F09BF10D}","created_user":null,"created_date":null,"last_edited_user":null,"last_edited_date":null,"System":"New Pass","Color":"Green","MountingTy":"Buoy","NAVSize":"Large","Remarks":"Excellent","Owner":"Lee County","InspDate":1510635600000,"InspFreq":12,"NewInstall":1510635600000,"Comments":"All new mooring buoy and light","NAVNumber":"1","LLN":17964,"POINT_X":-81.87628692,"POINT_Y":26.37439022,"Depth":14,"ID":"N0998","reviewed":"yes","Fix":"no","followup":" "}},{"type":"Feature","id":639,"geometry":{"type":"Point","coordinates":[-81.8738417702925,26.37545168971893]},"properties":{"OBJECTID_1":639,"OBJECTID":1113,"GlobalID":"{0BB21ACA-4654-4531-BF65-847092A775D0}","created_user":null,"created_date":null,"last_edited_user":null,"last_edited_date":null,"System":"New Pass","Color":"Red","MountingTy":"Buoy","NAVSize":"Large","Remarks":"Excellent","Owner":"Lee County","InspDate":1527134400000,"InspFreq":12,"NewInstall":1527134400000,"Comments":"All new 05/24/18 light fl 2.5sec","NAVNumber":"2","LLN":17965,"POINT_X":-81.87383858,"POINT_Y":26.37544689,"Depth":10,"ID":"N0999","reviewed":"yes","Fix":"no","followup":" "}},{"type":"Feature","id":640,"geometry":{"type":"Point","coordinates":[-82.13666510375546,26.59054335570006]},"properties":{"OBJECTID_1":640,"OBJECTID":1114,"GlobalID":"{ECD22187-8D16-469F-9448-4793241C952C}","created_user":null,"created_date":null,"last_edited_user":null,"last_edited_date":null,"System":"Fishermens Coop","Color":"Red","MountingTy":"Piling Wood","NAVSize":"Small","Remarks":"Good","Owner":"Lee County","InspDate":1501214400000,"InspFreq":12,"NewInstall":null,"Comments":"-p pile","NAVNumber":"18","LLN":55912.6015625,"POINT_X":-82.13666184,"POINT_Y":26.59053851,"Depth":8,"ID":"N1000","reviewed":" ","Fix":" ","followup":" "}},{"type":"Feature","id":641,"geometry":{"type":"Point","coordinates":[-82.13891343710537,26.588875022422656]},"properties":{"OBJECTID_1":641,"OBJECTID":1115,"GlobalID":"{65AF2C04-7D34-4A08-8CC1-0A0B09D5E5FF}","created_user":null,"created_date":null,"last_edited_user":null,"last_edited_date":null,"System":"Fishermens Coop","Color":"Red","MountingTy":"Piling Wood","NAVSize":"Small","Remarks":"Good","Owner":"Lee County","InspDate":1501214400000,"InspFreq":12,"NewInstall":null,"Comments":"p pile","NAVNumber":"14","LLN":55912.30078125,"POINT_X":-82.13891017,"POINT_Y":26.58887017,"Depth":8,"ID":"N1001","reviewed":" ","Fix":" ","followup":" "}},{"type":"Feature","id":642,"geometry":{"type":"Point","coordinates":[-82.14573510376846,26.58676835567438]},"properties":{"OBJECTID_1":642,"OBJECTID":1116,"GlobalID":"{33E6B355-DA6B-41B9-8353-E4DB705C4F7E}","created_user":null,"created_date":null,"last_edited_user":null,"last_edited_date":null,"System":"Fishermens Coop","Color":"Green","MountingTy":"Piling Wood","NAVSize":"Small","Remarks":"Good","Owner":"Lee County","InspDate":1501214400000,"InspFreq":12,"NewInstall":null,"Comments":"p pile","NAVNumber":"5","LLN":55911.5,"POINT_X":-82.14573183,"POINT_Y":26.58676351,"Depth":8,"ID":"N1002","reviewed":" ","Fix":" ","followup":" "}},{"type":"Feature","id":643,"geometry":{"type":"Point","coordinates":[-82.14541677038494,26.585813355714116]},"properties":{"OBJECTID_1":643,"OBJECTID":1117,"GlobalID":"{B2A9A461-5B83-483C-A28C-FDF16744BB08}","created_user":null,"created_date":null,"last_edited_user":null,"last_edited_date":null,"System":"Fishermens Coop","Color":"Green","MountingTy":"Piling Wood","NAVSize":"Small","Remarks":"Good","Owner":"Lee County","InspDate":1501214400000,"InspFreq":12,"NewInstall":null,"Comments":"p pile","NAVNumber":"3A","LLN":55911.30078125,"POINT_X":-82.1454135,"POINT_Y":26.58580851,"Depth":6,"ID":"N1003","reviewed":" ","Fix":" ","followup":" "}},{"type":"Feature","id":644,"geometry":{"type":"Point","coordinates":[-82.14452510375041,26.58454168907933]},"properties":{"OBJECTID_1":644,"OBJECTID":1118,"GlobalID":"{0C314562-DD41-4ABC-BB51-4F3E7940013B}","created_user":null,"created_date":null,"last_edited_user":null,"last_edited_date":null,"System":"Fishermens Coop","Color":"Red","MountingTy":"Piling Wood","NAVSize":"Small","Remarks":"Good","Owner":"Lee County","InspDate":1501214400000,"InspFreq":12,"NewInstall":null,"Comments":"p pile","NAVNumber":"4","LLN":55911.3984375,"POINT_X":-82.14452183,"POINT_Y":26.58453684,"Depth":6,"ID":"N1004","reviewed":" ","Fix":" ","followup":" "}},{"type":"Feature","id":645,"geometry":{"type":"Point","coordinates":[-82.1688298625542,26.694767831893]},"properties":{"OBJECTID_1":645,"OBJECTID":1200,"GlobalID":"{EEF1D3B8-881A-4AFD-9B6B-7414D2E163D7}","created_user":null,"created_date":null,"last_edited_user":null,"last_edited_date":null,"System":"Jug Creek","Color":"Green","MountingTy":"Piling Wood","NAVSize":"Small","Remarks":"Good","Owner":"Lee County","InspDate":1530849600000,"InspFreq":12,"NewInstall":1457928000000,"Comments":" ","NAVNumber":"17","LLN":56437,"POINT_X":-82.16882658,"POINT_Y":26.69476296,"Depth":4,"ID":"N1066","reviewed":"yes","Fix":"yes","followup":" "}},{"type":"Feature","id":646,"geometry":{"type":"Point","coordinates":[-81.91253343738308,26.605315022757694]},"properties":{"OBJECTID_1":646,"OBJECTID":1137,"GlobalID":"{78C7092A-8F7B-408E-84FF-C83A48E6FB29}","created_user":null,"created_date":null,"last_edited_user":null,"last_edited_date":null,"System":"Everest Canal","Color":"Green Over Red","MountingTy":"Piling Wood","NAVSize":"Small","Remarks":"Good","Owner":"Lee County","InspDate":1535601600000,"InspFreq":12,"NewInstall":1520226000000,"Comments":" ","NAVNumber":"A","LLN":53009.1015625,"POINT_X":-81.91253023,"POINT_Y":26.60531017,"Depth":14,"ID":"N1023","reviewed":" ","Fix":" ","followup":" "}},{"type":"Feature","id":647,"geometry":{"type":"Point","coordinates":[-81.91135843738154,26.604395022655424]},"properties":{"OBJECTID_1":647,"OBJECTID":1138,"GlobalID":"{88260EBC-2976-45F0-86FB-12DFE711C03D}","created_user":null,"created_date":null,"last_edited_user":null,"last_edited_date":null,"System":"Everest Canal","Color":"Red","MountingTy":"Piling Wood","NAVSize":"Small","Remarks":"Good","Owner":"Lee County","InspDate":1535601600000,"InspFreq":12,"NewInstall":null,"Comments":" ","NAVNumber":"12","LLN":53008.8984375,"POINT_X":-81.91135523,"POINT_Y":26.60439017,"Depth":6,"ID":"N1024","reviewed":" ","Fix":" ","followup":" "}},{"type":"Feature","id":648,"geometry":{"type":"Point","coordinates":[-81.9101451041115,26.603838356035965]},"properties":{"OBJECTID_1":648,"OBJECTID":1139,"GlobalID":"{4FA7E549-D4F6-4372-9484-904D4E0D6E7C}","created_user":null,"created_date":null,"last_edited_user":null,"last_edited_date":null,"System":"Everest Canal","Color":"Red","MountingTy":"Piling Wood","NAVSize":"Small","Remarks":"Good","Owner":"Lee County","InspDate":1535601600000,"InspFreq":12,"NewInstall":null,"Comments":" ","NAVNumber":"10","LLN":53008.80078125,"POINT_X":-81.9101419,"POINT_Y":26.6038335,"Depth":6,"ID":"N1025","reviewed":" ","Fix":" ","followup":" "}},{"type":"Feature","id":649,"geometry":{"type":"Point","coordinates":[-81.90960677073363,26.60327668938704]},"properties":{"OBJECTID_1":649,"OBJECTID":1140,"GlobalID":"{230A8A1C-49E6-4B8F-9F8F-0E0014802364}","created_user":null,"created_date":null,"last_edited_user":null,"last_edited_date":null,"System":"Everest Canal","Color":"Green","MountingTy":"Piling Wood","NAVSize":"Small","Remarks":"Good","Owner":"Lee County","InspDate":1535601600000,"InspFreq":12,"NewInstall":null,"Comments":" ","NAVNumber":"9","LLN":53008.69921875,"POINT_X":-81.90960357,"POINT_Y":26.60327183,"Depth":6,"ID":"N1026","reviewed":" ","Fix":" ","followup":" "}},{"type":"Feature","id":650,"geometry":{"type":"Point","coordinates":[-81.90889843743244,26.60289002273868]},"properties":{"OBJECTID_1":650,"OBJECTID":1141,"GlobalID":"{BFE651F7-DDD8-43E1-9ADE-603079298824}","created_user":null,"created_date":null,"last_edited_user":null,"last_edited_date":null,"System":"Everest Canal","Color":"Red","MountingTy":"Piling Wood","NAVSize":"Small","Remarks":"Good","Owner":"Lee County","InspDate":1545195600000,"InspFreq":12,"NewInstall":null,"Comments":" ","NAVNumber":"8","LLN":53008.6015625,"POINT_X":-81.90889524,"POINT_Y":26.60288517,"Depth":6,"ID":"N1027","reviewed":" ","Fix":" ","followup":" "}},{"type":"Feature","id":651,"geometry":{"type":"Point","coordinates":[-81.90839843744651,26.602400022695846]},"properties":{"OBJECTID_1":651,"OBJECTID":1142,"GlobalID":"{3DC85F84-8673-46A3-946E-5515E0211BA1}","created_user":null,"created_date":null,"last_edited_user":null,"last_edited_date":null,"System":"Everest Canal","Color":"Green TRUB","MountingTy":"Piling Wood","NAVSize":"Small","Remarks":"needs new pile","Owner":"Lee County","InspDate":1545195600000,"InspFreq":12,"NewInstall":null,"Comments":" ","NAVNumber":"7","LLN":53008.5,"POINT_X":-81.90839524,"POINT_Y":26.60239517,"Depth":6,"ID":"N1028","reviewed":" ","Fix":" ","followup":" "}},{"type":"Feature","id":652,"geometry":{"type":"Point","coordinates":[-81.90775010412494,26.602060022810655]},"properties":{"OBJECTID_1":652,"OBJECTID":1143,"GlobalID":"{B55266BA-92C6-4189-B220-67FDF9F1575B}","created_user":null,"created_date":null,"last_edited_user":null,"last_edited_date":null,"System":"Everest Canal","Color":"Red","MountingTy":"Piling Wood","NAVSize":"Small","Remarks":"Good","Owner":"Lee County","InspDate":1545195600000,"InspFreq":12,"NewInstall":null,"Comments":"Laeninng a little","NAVNumber":"6","LLN":53008.3984375,"POINT_X":-81.9077469,"POINT_Y":26.60205517,"Depth":6,"ID":"N1029","reviewed":" ","Fix":" ","followup":" "}},{"type":"Feature","id":653,"geometry":{"type":"Point","coordinates":[-81.90726510407576,26.601546689327268]},"properties":{"OBJECTID_1":653,"OBJECTID":1144,"GlobalID":"{7907667B-1F1A-4C68-AE3E-CC994156B6D0}","created_user":null,"created_date":null,"last_edited_user":null,"last_edited_date":null,"System":"Everest Canal","Color":"Green","MountingTy":"Piling Wood","NAVSize":"Small","Remarks":"Good","Owner":"Lee County","InspDate":1535601600000,"InspFreq":12,"NewInstall":null,"Comments":" ","NAVNumber":"5","LLN":53008.30078125,"POINT_X":-81.9072619,"POINT_Y":26.60154183,"Depth":6,"ID":"N1030","reviewed":" ","Fix":" ","followup":" "}},{"type":"Feature","id":654,"geometry":{"type":"Point","coordinates":[-81.90656843740734,26.60111168939896]},"properties":{"OBJECTID_1":654,"OBJECTID":1145,"GlobalID":"{D8A5B482-3099-4463-A22B-4309754C2276}","created_user":null,"created_date":null,"last_edited_user":null,"last_edited_date":null,"System":"Everest Canal","Color":"Red","MountingTy":"Piling Wood","NAVSize":"Small","Remarks":"Good","Owner":"Lee County","InspDate":1535601600000,"InspFreq":12,"NewInstall":null,"Comments":" ","NAVNumber":"4","LLN":53008.19921875,"POINT_X":-81.90656524,"POINT_Y":26.60110683,"Depth":6,"ID":"N1031","reviewed":" ","Fix":" ","followup":" "}},{"type":"Feature","id":655,"geometry":{"type":"Point","coordinates":[-81.90554510408668,26.60011668941101]},"properties":{"OBJECTID_1":655,"OBJECTID":1146,"GlobalID":"{3BAEBD39-9F80-4CF1-89E3-8E8F6A9E848E}","created_user":null,"created_date":null,"last_edited_user":null,"last_edited_date":null,"System":"Everest Canal","Color":"Green","MountingTy":"Piling Wood","NAVSize":"Small","Remarks":"Good","Owner":"Lee County","InspDate":1535601600000,"InspFreq":12,"NewInstall":null,"Comments":" ","NAVNumber":"1","LLN":53008,"POINT_X":-81.9055419,"POINT_Y":26.60011183,"Depth":6,"ID":"N1032","reviewed":" ","Fix":" ","followup":" "}},{"type":"Feature","id":656,"geometry":{"type":"Point","coordinates":[-81.90543510405246,26.600235022725833]},"properties":{"OBJECTID_1":656,"OBJECTID":1147,"GlobalID":"{32E779EF-282D-4B5B-89C4-BB1DAFCC89CA}","created_user":null,"created_date":null,"last_edited_user":null,"last_edited_date":null,"System":"Everest Canal","Color":"Red","MountingTy":"Piling Wood","NAVSize":"Small","Remarks":"Good","Owner":"Lee County","InspDate":1535601600000,"InspFreq":12,"NewInstall":null,"Comments":" ","NAVNumber":"2","LLN":53008.1015625,"POINT_X":-81.9054319,"POINT_Y":26.60023017,"Depth":8,"ID":"N1033","reviewed":" ","Fix":" ","followup":" "}},{"type":"Feature","id":657,"geometry":{"type":"Point","coordinates":[-81.91191177074558,26.60447168937394]},"properties":{"OBJECTID_1":657,"OBJECTID":1148,"GlobalID":"{690F61D8-FBAE-4A12-A7FF-4E919E4E7C76}","created_user":null,"created_date":null,"last_edited_user":null,"last_edited_date":null,"System":"Everest Canal","Color":"Green","MountingTy":"Piling Wood","NAVSize":"Small","Remarks":"Good","Owner":"Lee County","InspDate":1535601600000,"InspFreq":12,"NewInstall":null,"Comments":" ","NAVNumber":"13","LLN":53009,"POINT_X":-81.91190857,"POINT_Y":26.60446683,"Depth":14,"ID":"N1034","reviewed":" ","Fix":" ","followup":" "}},{"type":"Feature","id":658,"geometry":{"type":"Point","coordinates":[-81.938345103688,26.45433835618911]},"properties":{"OBJECTID_1":658,"OBJECTID":1187,"GlobalID":"{64F92B95-0704-40FC-AB05-ED60A60948F8}","created_user":null,"created_date":null,"last_edited_user":null,"last_edited_date":null,"System":"Hurricane Bay M.S.","Color":"Red","MountingTy":"Piling Wood","NAVSize":"Small","Remarks":"Good","Owner":"Lee County","InspDate":1542085200000,"InspFreq":12,"NewInstall":null,"Comments":" ","NAVNumber":"2","LLN":18325,"POINT_X":-81.9383419,"POINT_Y":26.45433354,"Depth":6,"ID":"N1054","reviewed":"yes","Fix":"no","followup":" "}},{"type":"Feature","id":659,"geometry":{"type":"Point","coordinates":[-82.17705510358917,26.491098355767054]},"properties":{"OBJECTID_1":659,"OBJECTID":1188,"GlobalID":"{A53F95F7-9932-470E-B2B5-1567B6016160}","created_user":null,"created_date":null,"last_edited_user":null,"last_edited_date":null,"System":"Blind Pass","Color":"Red TRUB","MountingTy":"Buoy","NAVSize":"Large","Remarks":"Good","Owner":"Lee County","InspDate":1525838400000,"InspFreq":12,"NewInstall":1499400000000,"Comments":"B 600","NAVNumber":" ","LLN":0,"POINT_X":-82.17705183,"POINT_Y":26.49109353,"Depth":4,"ID":"N1055","reviewed":" ","Fix":" ","followup":" "}},{"type":"Feature","id":660,"geometry":{"type":"Point","coordinates":[-82.17610177019263,26.492071689115214]},"properties":{"OBJECTID_1":660,"OBJECTID":1189,"GlobalID":"{BA0C42B2-6D80-4B13-9CCB-55788AE27624}","created_user":null,"created_date":null,"last_edited_user":null,"last_edited_date":null,"System":"Blind Pass","Color":"Green TRUB","MountingTy":"Buoy","NAVSize":"Large","Remarks":"Good","Owner":"Lee County","InspDate":1525838400000,"InspFreq":12,"NewInstall":1499400000000,"Comments":"B 600 off sta","NAVNumber":" ","LLN":0,"POINT_X":-82.17609849,"POINT_Y":26.49206687,"Depth":4,"ID":"N1056","reviewed":" ","Fix":" ","followup":" "}},{"type":"Feature","id":661,"geometry":{"type":"Point","coordinates":[-82.17632510358399,26.49220502240381]},"properties":{"OBJECTID_1":661,"OBJECTID":1209,"GlobalID":"{4430478E-EC8E-4BA3-8DAC-BF4A8E305D46}","created_user":null,"created_date":null,"last_edited_user":null,"last_edited_date":null,"System":"Blind Pass","Color":"Red TRUB","MountingTy":"Buoy","NAVSize":"Large","Remarks":"Good","Owner":"Lee County","InspDate":1525838400000,"InspFreq":12,"NewInstall":1499400000000,"Comments":"B 600","NAVNumber":" ","LLN":0,"POINT_X":-82.17632183,"POINT_Y":26.4922002,"Depth":4,"ID":"N1075","reviewed":" ","Fix":" ","followup":" "}},{"type":"Feature","id":662,"geometry":{"type":"Point","coordinates":[-81.87226843753011,26.667548355986]},"properties":{"OBJECTID_1":662,"OBJECTID":1201,"GlobalID":"{8E1E48FC-6745-4825-A84E-C25A338E64B4}","created_user":null,"created_date":null,"last_edited_user":null,"last_edited_date":null,"System":"Powell Creek","Color":"Green","MountingTy":"Piling Wood","NAVSize":"Small","Remarks":"Good","Owner":"Lee County","InspDate":1536120000000,"InspFreq":12,"NewInstall":1485493200000,"Comments":"Powell Ck","NAVNumber":"1","LLN":52615,"POINT_X":-81.87226524,"POINT_Y":26.66754348,"Depth":4,"ID":"N1076","reviewed":" ","Fix":" ","followup":" "}},{"type":"Feature","id":663,"geometry":{"type":"Point","coordinates":[-81.87215177085704,26.66769502264597]},"properties":{"OBJECTID_1":663,"OBJECTID":1202,"GlobalID":"{66ED03A1-ABD1-4CFF-B417-BB6C1E9B53DA}","created_user":null,"created_date":null,"last_edited_user":null,"last_edited_date":null,"System":"Powell Creek","Color":"Red","MountingTy":"Piling Wood","NAVSize":"Small","Remarks":"Good","Owner":"Lee County","InspDate":1536120000000,"InspFreq":12,"NewInstall":1485493200000,"Comments":"Powell Ck","NAVNumber":"2","LLN":52620,"POINT_X":-81.87214858,"POINT_Y":26.66769015,"Depth":4,"ID":"N1077","reviewed":" ","Fix":" ","followup":" "}},{"type":"Feature","id":664,"geometry":{"type":"Point","coordinates":[-81.89773077860345,26.392980115155687]},"properties":{"OBJECTID_1":664,"OBJECTID":1211,"GlobalID":"{5CCD71C5-6841-49C0-9F22-5E9EE184E8C2}","created_user":null,"created_date":null,"last_edited_user":null,"last_edited_date":null,"System":"Big Carlos Pass","Color":"Green","MountingTy":"Buoy","NAVSize":"Large","Remarks":"Excellent","Owner":"Lee County","InspDate":1527048000000,"InspFreq":12,"NewInstall":1527048000000,"Comments":"new rode 11/14/17 new bouy 23 may 18...light pattern fl 4s","NAVNumber":"1","LLN":17975,"POINT_X":-81.89772759,"POINT_Y":26.39297531,"Depth":12,"ID":"N0964","reviewed":" ","Fix":" ","followup":" "}},{"type":"Feature","id":665,"geometry":{"type":"Point","coordinates":[-81.89425371147514,26.394756683522818]},"properties":{"OBJECTID_1":665,"OBJECTID":1212,"GlobalID":"{E896998F-B385-4A81-85CB-69FE58725470}","created_user":null,"created_date":null,"last_edited_user":null,"last_edited_date":null,"System":"Big Carlos Pass","Color":"Red","MountingTy":"Buoy","NAVSize":"Large","Remarks":"Excellent","Owner":"Lee County","InspDate":1527048000000,"InspFreq":12,"NewInstall":1527048000000,"Comments":"new rode 11/14/17 new buoy 23 may18","NAVNumber":"2","LLN":0,"POINT_X":-81.89425052,"POINT_Y":26.39475188,"Depth":12,"ID":"N0963","reviewed":" ","Fix":" ","followup":" "}},{"type":"Feature","id":666,"geometry":{"type":"Point","coordinates":[-81.89236387676698,26.396355612038366]},"properties":{"OBJECTID_1":666,"OBJECTID":1213,"GlobalID":"{BD653886-A3C7-4AE9-9E76-9AED9A5C8B2A}","created_user":null,"created_date":null,"last_edited_user":null,"last_edited_date":null,"System":"Big Carlos Pass","Color":"Green","MountingTy":"Buoy","NAVSize":"Large","Remarks":"Excellent","Owner":"Lee County","InspDate":1527048000000,"InspFreq":12,"NewInstall":1527048000000,"Comments":"new rode 11/14/17 new buoy 23 may18","NAVNumber":"3","LLN":17977,"POINT_X":-81.89236069,"POINT_Y":26.39635081,"Depth":12,"ID":"N0092","reviewed":" ","Fix":" ","followup":" "}}]}