{"type":"FeatureCollection","features":[{"type":"Feature","properties":{"name":"Open water: Caloosahatchee River / Matlacha Pass / Gulf of Mexico","source":"City boundary fringe (buffered real City GIS boundary) + buffered OSM river centerline + hand-drawn Matlacha Pass/Gulf band + large OSM-traced coves/marshes inside city limits. Not a navigational boundary."},"geometry":{"type":"MultiPolygon","coordinates":[[[[-82.27,26.6],[-82.24,26.48],[-82.14,26.4],[-82,26.42],[-81.98,26.5],[-81.99044499190354,26.523501231782987],[-81.97606334910542,26.524819062081075],[-81.97567384765141,26.524868575967236],[-81.95456563465213,26.528309143042296],[-81.95376465788782,26.528501879153296],[-81.94765515409509,26.53046820656037],[-81.94694722113336,26.530753024509533],[-81.9462967464624,26.53113197329248],[-81.93607357729178,26.538149254880267],[-81.93589979238648,26.538292701889677],[-81.9341949,26.53829],[-81.9339953,26.5383701],[-81.933956,26.5383139],[-81.9337693,26.5382204],[-81.9334503,26.5381976],[-81.9322024,26.5382057],[-81.9322027,26.5382078],[-81.932258,26.5385394],[-81.9322819,26.5414899],[-81.9323819,26.5414365],[-81.9324657,26.5414158],[-81.9325478,26.5413657],[-81.9327331,26.5413172],[-81.9329856,26.5413155],[-81.9333571,26.5412882],[-81.9338345,26.5412015],[-81.9338576,26.5412013],[-81.93388,26.5411864],[-81.93398377264805,26.54115362969009],[-81.93069354563819,26.54870490946952],[-81.92488549186974,26.558789725573337],[-81.92078879816155,26.563655936779412],[-81.9207603,26.5634847],[-81.9207275,26.5632451],[-81.9206811,26.5630109],[-81.9207028,26.5627057],[-81.9207517,26.5624287],[-81.9208009,26.5623337],[-81.9206821,26.5622647],[-81.9206507,26.5622533],[-81.9206256,26.5622143],[-81.9205071,26.5622062],[-81.9203689,26.5621982],[-81.9203192,26.5621542],[-81.9201806,26.562093],[-81.9200913,26.5620315],[-81.920002,26.5619699],[-81.9199428,26.5619703],[-81.9199038,26.5620327],[-81.9198972,26.5620668],[-81.9198849,26.5621304],[-81.9199347,26.5621922],[-81.9199846,26.5622628],[-81.9200059,26.5624579],[-81.9200224,26.5624999],[-81.9200965,26.562688],[-81.9201177,26.5628654],[-81.9200901,26.5631229],[-81.9200832,26.5634956],[-81.9201119,26.5637912],[-81.9200991,26.5638755],[-81.9201248,26.5640267],[-81.9201279,26.5644102],[-81.92013219641855,26.564435873720594],[-81.91299028612694,26.572919310943238],[-81.90132549342415,26.583903871881617],[-81.90080585727982,26.584481960017836],[-81.90039955000012,26.585128572832097],[-81.90011762777637,26.585826118256367],[-81.89578466520017,26.60014457114016],[-81.89575899135927,26.600232949452106],[-81.89500098247893,26.60295552357056],[-81.88819702913284,26.627390121088897],[-81.88660807622615,26.630050515391556],[-81.88450643787016,26.633569212556207],[-81.87801752402255,26.639182663078827],[-81.86944675587222,26.64369088400274],[-81.86882788533869,26.64407487609969],[-81.86828010387529,26.64453716313125],[-81.8676985751269,26.645107377049396],[-81.86769855998718,26.64510738924297],[-81.86314293534694,26.649573670680645],[-81.86298603995087,26.649735022546302],[-81.85903089438486,26.654003115269305],[-81.85879481929244,26.654278871932192],[-81.85473965857369,26.65941475281287],[-81.85096123784476,26.662779903666756],[-81.81834621330505,26.687756262496656],[-81.81776165875469,26.688284549785603],[-81.81579300641913,26.69038559013198],[-81.81435552662028,26.690595675027915],[-81.81435541232126,26.69059570222759],[-81.8143552930244,26.6905957090597],[-81.80310041961046,26.69224054494028],[-81.79780887755659,26.69301393344024],[-81.79074398788084,26.693493371689982],[-81.78909888660088,26.69357345724259],[-81.78776537479092,26.69380225441488],[-81.78577584075457,26.69440123201659],[-81.78563463272073,26.694445844473194],[-81.78325980855782,26.695231815390454],[-81.7830152050543,26.6953193375708],[-81.77316919563069,26.699112000147743],[-81.77308951912865,26.699151369653848],[-81.77300383387029,26.69917887362488],[-81.77265843813379,26.699364374058206],[-81.77230576862934,26.69953863402009],[-81.77223621980625,26.699591133321405],[-81.77215818633036,26.69963304247679],[-81.77067970723748,26.700615311346482],[-81.77010940962633,26.70105722719732],[-81.76961950711113,26.70157037166822],[-81.76873118903714,26.702656246373966],[-81.76830322040313,26.703280326164002],[-81.765575398857,26.70809915652869],[-81.76341377178274,26.711462151384882],[-81.7624783351407,26.711534979065224],[-81.76234576664858,26.711546880642686],[-81.76011323067328,26.711773988705712],[-81.74603203821495,26.71195526151694],[-81.74502241786098,26.712059874547435],[-81.74405689913945,26.712343516630693],[-81.7331018799137,26.71669955896997],[-81.71034710139972,26.72088900039106],[-81.70857298581289,26.720479756013514],[-81.69976429607901,26.718447963669615],[-81.69878920467808,26.718312249616417],[-81.69780320809929,26.718349055896304],[-81.69684419323833,26.718556968227528],[-81.69594901057371,26.71892799755822],[-81.69515205862093,26.71944788694382],[-81.69448396245102,26.7200966592045],[-81.69397039699112,26.720849384351165],[-81.69363110029587,26.72167713733181],[-81.6934791147174,26.72254810933816],[-81.69352028518196,26.72342883000627],[-81.69375303393261,26.724285453572133],[-81.69416842049144,26.72508505957014],[-81.69475048463931,26.725796918085404],[-81.69547685932363,26.726393670916252],[-81.69631963000641,26.726852383220532],[-81.69724640746013,26.72715542518801],[-81.70605526983276,26.729187267933963],[-81.70896022146384,26.729857358512355],[-81.71009439983983,26.729998822139002],[-81.71123503083011,26.729907698456717],[-81.73566853619003,26.72540922452241],[-81.73669891725763,26.725113318329633],[-81.74720878050036,26.720934297568157],[-81.76050803345662,26.720763031072924],[-81.7610047820935,26.7207346269964],[-81.76341887695344,26.720489052013626],[-81.76518027073801,26.720351913970035],[-81.76641741665442,26.720112907999525],[-81.76791036533895,26.71964259046718],[-81.76893913555413,26.719195341179763],[-81.76982826076126,26.718552140548258],[-81.77091205961447,26.717566013262257],[-81.7716854320606,26.7166547740453],[-81.77437272451432,26.712473491856603],[-81.7744993843948,26.712263720089513],[-81.7771016935013,26.707665992386822],[-81.77729825079233,26.707425701630044],[-81.77769440279961,26.707162495956638],[-81.78688031293957,26.703624060035246],[-81.78906145967657,26.702902180688465],[-81.79033077587678,26.702520034855915],[-81.79134540171614,26.702470638976756],[-81.79145259948689,26.702464394127688],[-81.79878828653166,26.701966574535824],[-81.79921942666766,26.70192052454877],[-81.8047252395485,26.701115821818252],[-81.81598077036304,26.699470886301054],[-81.81598077155365,26.699470886017668],[-81.81926416097916,26.698991001715726],[-81.82013040468973,26.6987924610502],[-81.82094364045078,26.69846009092585],[-81.82167819270217,26.698004385197226],[-81.82231087088198,26.69743973162166],[-81.8252123678899,26.694342948452682],[-81.85765444323144,26.669497811402614],[-81.85793146797997,26.669268930421325],[-81.86215186872724,26.66550992547378],[-81.86271106625523,26.664917533630227],[-81.86690489537189,26.65960557035785],[-81.8706596549751,26.655553419409742],[-81.87513463740697,26.65116591393513],[-81.87513471501764,26.651165820958735],[-81.87513479622976,26.651165755540877],[-81.8752046623971,26.6510972448255],[-81.88363731866238,26.646661508784195],[-81.88458419835531,26.64601744178615],[-81.89207091198134,26.639540458825756],[-81.89258899508702,26.63901654185597],[-81.89300993871238,26.638427164018246],[-81.89548310599044,26.6342859172218],[-81.89736520072282,26.63113428876544],[-81.89780893905682,26.630102841673658],[-81.9047613248876,26.605127657175114],[-81.905506769671,26.60244939079811],[-81.90949321659761,26.58927244642115],[-81.92047996900658,26.57892563327044],[-81.92085045038823,26.578534214025414],[-81.92514841697675,26.573428492211765],[-81.92519115295082,26.573740063923392],[-81.92521369449115,26.573840497865273],[-81.9252320720028,26.57391839946896],[-81.92532972289033,26.57431307552821],[-81.92536221322162,26.574582549995228],[-81.92544800749911,26.575400246215658],[-81.9255251139087,26.575855164894556],[-81.92569827373748,26.57659140946407],[-81.92579120141731,26.576905356741687],[-81.92528924678942,26.577432008301958],[-81.925199290661,26.57752943000982],[-81.92487493651599,26.577892085678513],[-81.92448905160806,26.57839764558003],[-81.92437582617447,26.578573166351315],[-81.92385974898076,26.57935336874282],[-81.92384669104018,26.57937323839221],[-81.9237279908433,26.579555041589067],[-81.9234584480378,26.58003965713101],[-81.92321206009836,26.580568688184144],[-81.92310328796697,26.58082666154825],[-81.9228691694962,26.58144493277436],[-81.92268436587511,26.58211796958075],[-81.92264028252968,26.58237016672276],[-81.92263056707291,26.58255197159506],[-81.9225063803182,26.582760204756465],[-81.92221089540675,26.58337238661331],[-81.92193177243117,26.584113153665868],[-81.92175262191313,26.58476082960583],[-81.92170230818692,26.58503969488579],[-81.92164958808993,26.5854930101127],[-81.92159090782522,26.586601804271922],[-81.92159933717785,26.587105350443153],[-81.92162326411993,26.587381854659224],[-81.9216603151798,26.587672752650903],[-81.9217287569621,26.588078837464483],[-81.92176541820126,26.588266325914525],[-81.9218072356653,26.588454050619372],[-81.92181610911099,26.588514715987753],[-81.92183852500038,26.588650119069356],[-81.92197557910076,26.589391240915454],[-81.92200394272956,26.58952962719412],[-81.92212077408368,26.59004860158469],[-81.9221601444555,26.590207002938676],[-81.92227450495365,26.590627157875296],[-81.9226061509493,26.591447809746953],[-81.92265862785774,26.591543775989763],[-81.92279553145802,26.591774896305196],[-81.92292741466365,26.591981139142007],[-81.92264861943332,26.592317772962982],[-81.92248952430761,26.592547053203077],[-81.92227011184926,26.59295672505181],[-81.9222602875419,26.592952242487765],[-81.92220138602654,26.59305546631438],[-81.92214397556492,26.593126003063773],[-81.92203637864745,26.59327354592992],[-81.92190046776172,26.593472178833903],[-81.92162537662719,26.593901496021342],[-81.92116339818972,26.59492543179986],[-81.92102432818545,26.59541938080208],[-81.92101048196687,26.595469930268372],[-81.92093487401391,26.595753845562108],[-81.9207809397689,26.596158164283857],[-81.92072937891209,26.59633541497326],[-81.91992548388923,26.59651048926497],[-81.91955722501883,26.59662540944697],[-81.91932535377154,26.596704205154385],[-81.91913666972307,26.596773673378923],[-81.9188763797543,26.596882206022645],[-81.91878852888864,26.596911555487893],[-81.91877837191319,26.59691496116339],[-81.91835969579779,26.59705585613669],[-81.91808327400739,26.597158329209574],[-81.9175972657504,26.597355575947773],[-81.91710193011409,26.597556614626452],[-81.91674176627866,26.597682241488673],[-81.91668550630634,26.597702339686773],[-81.91613126251053,26.59784257886075],[-81.91561698849475,26.598003165381545],[-81.91541045090054,26.59808041834794],[-81.91488420854533,26.598314225312762],[-81.9143283351101,26.598602858949377],[-81.91418852093102,26.59867850651812],[-81.91373593104758,26.598933475205055],[-81.91325651203076,26.59918480741309],[-81.91306189349942,26.599292842802132],[-81.91274909478685,26.59947644641415],[-81.91270928736724,26.59950008190941],[-81.912060692251,26.59988960664813],[-81.91164093830096,26.60017476157197],[-81.91141586166205,26.600347039367016],[-81.91081468052447,26.600904774974772],[-81.91046469271947,26.601298866730705],[-81.91040125703947,26.60137199765663],[-81.90978813862966,26.602095755929135],[-81.90974244588787,26.602150651840173],[-81.90920060069729,26.60281325087672],[-81.90889352652025,26.60324323498166],[-81.9083475428286,26.60412587593518],[-81.90803244807917,26.604757285873003],[-81.90798677793262,26.60487490397264],[-81.90769695496712,26.605187648202538],[-81.9075736823725,26.605337941551216],[-81.9073616453375,26.605620663026425],[-81.90732868525845,26.60566887758303],[-81.9072544234909,26.60573182050739],[-81.90676035434097,26.60634362204516],[-81.90640190520064,26.607026799111775],[-81.90619154111552,26.607757599057233],[-81.9061365790182,26.608510613017156],[-81.90623893295222,26.609259659273995],[-81.91028911867149,26.62584449897281],[-81.91055750406186,26.62658897527359],[-81.91098108819965,26.627273390626534],[-81.9115440494531,26.627872176656762],[-81.91222535838023,26.628362963554817],[-81.91299956321896,26.62872741594788],[-81.91383774077259,26.62895191805853],[-81.91470857715288,26.629028082523618],[-81.91554229998981,26.629028617959655],[-81.9155261,26.6290605],[-81.9153154,26.6293355],[-81.9150755,26.6300184],[-81.9148479,26.6307752],[-81.9146872,26.6311624],[-81.91451,26.631483],[-81.9144907,26.6315243],[-81.9145776,26.6316159],[-81.9146405,26.631684],[-81.9147237,26.6317083],[-81.9148693,26.6317261],[-81.9150698,26.6316937],[-81.9153671,26.6316482],[-81.9159479,26.6315636],[-81.9163358,26.631586],[-81.9164606,26.6316163],[-81.9165648,26.6316591],[-81.9168221,26.6318068],[-81.9170234,26.6318739],[-81.917065,26.6318861],[-81.9171342,26.6318794],[-81.9171964,26.6318604],[-81.9172603,26.631802],[-81.9171622,26.6316445],[-81.9171457,26.631642],[-81.917066,26.6316095],[-81.9169736,26.6315645],[-81.9168247,26.631502],[-81.9168143,26.6314947],[-81.9166891,26.6313599],[-81.916671,26.6313322],[-81.916666,26.6313287],[-81.9166564,26.6313091],[-81.9165859,26.6311959],[-81.9164994,26.6309486],[-81.9163534,26.6306302],[-81.9163136,26.6305295],[-81.9163116,26.6305156],[-81.9163183,26.6304481],[-81.9163051,26.6303481],[-81.9163326,26.630323],[-81.9164156,26.63031],[-81.9164919,26.6303282],[-81.916499,26.630353],[-81.9165329,26.6302595],[-81.9164901,26.6301105],[-81.9164885,26.6299052],[-81.9164787,26.6295506],[-81.9164978,26.6293389],[-81.9165927,26.6290895],[-81.91662993675354,26.629029316465076],[-81.9191659523933,26.629030945152817],[-81.91918223972161,26.630536397913218],[-81.91917407667455,26.637791708432594],[-81.91903008942766,26.645236248819145],[-81.91890537358091,26.65171970771496],[-81.91878065670643,26.651924489654633],[-81.91851551566477,26.65269053845239],[-81.91842457270401,26.65348827179163],[-81.91842173501585,26.654588714424985],[-81.91850486831794,26.655370002471344],[-81.91875517251442,26.65612225836518],[-81.91887645619731,26.65632880494303],[-81.91887549475364,26.65670227264036],[-81.91822145527978,26.657174091046315],[-81.91765068827667,26.657786622351573],[-81.91722532977485,26.658487254306795],[-81.91696188403183,26.659248806417025],[-81.91687057472161,26.66004173427565],[-81.91684791716128,26.665222848877807],[-81.91665296434913,26.665240039061278],[-81.91575922010126,26.66549207077933],[-81.91494266087949,26.66590310090801],[-81.9142382559608,26.666455527521446],[-81.91367617292381,26.66712569324701],[-81.91328048573001,26.667884898144788],[-81.91306814349002,26.66870062855905],[-81.91304824411438,26.669537949364173],[-81.9131730254696,26.670887670097443],[-81.91288108922079,26.67081261629405],[-81.91204124206483,26.670742158256278],[-81.91017216207042,26.6707415678125],[-81.9100998285579,26.67063953488563],[-81.91005975017626,26.67058530069544],[-81.90954931894854,26.670026202256015],[-81.90941898416588,26.66985383955323],[-81.909363718875,26.66979482888659],[-81.90884668729788,26.669326136696274],[-81.90825148358184,26.668938527762],[-81.90815608445108,26.668886452399324],[-81.90754494052965,26.668625286975267],[-81.90754929015858,26.668616687307416],[-81.90737404009028,26.668545903741993],[-81.90732927262684,26.668533122834262],[-81.90732164157009,26.66852986174788],[-81.90725466469617,26.668508435614335],[-81.90721039330067,26.66849427327753],[-81.9072086282479,26.668498679327335],[-81.906381721035,26.66826259719419],[-81.9055203719479,26.668201890391078],[-81.90551035402001,26.668196100392834],[-81.90467858615786,26.667902410235573],[-81.90379845426362,26.667760511139722],[-81.90290427986677,26.667775936565832],[-81.90203093192275,26.667948084985515],[-81.90141198852339,26.66819170983487],[-81.90134579564116,26.668207031273532],[-81.90121922917584,26.668247477880513],[-81.90054172977551,26.668521963221345],[-81.90038049978104,26.66861845173487],[-81.89976363035348,26.668798568399446],[-81.8996643441086,26.668836206841817],[-81.89958607454865,26.668874577635073],[-81.89943992757463,26.668886722932147],[-81.89856448859594,26.669124535745453],[-81.89776040599052,26.669514739808157],[-81.89706050109515,26.670041408055685],[-81.89649334406643,26.670683043074433],[-81.89608208772614,26.67141345437068],[-81.89584352229454,26.67220282721889],[-81.89578738962153,26.67301893950253],[-81.89582730645265,26.673914455238343],[-81.8959428117198,26.674675351961227],[-81.89621707963082,26.675403056559517],[-81.89664023880991,26.676071369968277],[-81.8971970567167,26.676656230907177],[-81.89786748779642,26.67713658229065],[-81.89853078237266,26.67744954506964],[-81.89853058123485,26.677476676062067],[-81.89857276037519,26.67788747584784],[-81.89874025919421,26.678666922830928],[-81.89875059188617,26.678689632313],[-81.89873942889763,26.678738086295404],[-81.89873349888121,26.679531372960763],[-81.8987607150617,26.679796432138957],[-81.89877569324904,26.679942301464486],[-81.89878808898163,26.68],[-81.904337394522,26.68],[-81.9043295961845,26.67992408805385],[-81.9042998099862,26.67963136287478],[-81.90428536078723,26.67949071217893],[-81.90328590307209,26.679572477047532],[-81.90327091997965,26.679426616126154],[-81.90324369340483,26.679161557797887],[-81.90424312065952,26.67907952783182],[-81.9040987622079,26.677674238207818],[-81.90407426280318,26.677435744195048],[-81.90308289059402,26.67751766749776],[-81.9030406953454,26.677106869029128],[-81.90403203711936,26.677024687847094],[-81.90398987751277,26.67661426603041],[-81.9039552323926,26.676276995336533],[-81.90379809442982,26.674746854151486],[-81.90279741684382,26.674737376338115],[-81.9027883558132,26.674600769991056],[-81.90271225919223,26.674600049079082],[-81.90270263784537,26.674451380997123],[-81.90265889384776,26.673775449134038],[-81.9024099013228,26.673773061547312],[-81.90035264064836,26.673753318074063],[-81.90034868087767,26.673664561427472],[-81.9014619,26.6736575],[-81.9014635,26.6736566],[-81.9015032,26.6736349],[-81.9015277,26.67359],[-81.901552,26.6735154],[-81.9015554,26.6734223],[-81.9015252,26.6732735],[-81.9015165,26.6732214],[-81.9014995,26.6731656],[-81.9014661,26.6731323],[-81.9014492,26.6730989],[-81.901449,26.6730654],[-81.9014819,26.6730317],[-81.9015604,26.6730014],[-81.9017096,26.6730004],[-81.9018299,26.6729997],[-81.9019955,26.6729763],[-81.9022812,26.672926],[-81.9024507,26.6728728],[-81.9025499,26.6728275],[-81.9026118,26.6727936],[-81.9026779,26.6727596],[-81.9027854,26.6727329],[-81.9029263,26.6727245],[-81.9030342,26.6727387],[-81.9031463,26.6727604],[-81.9033246,26.672763],[-81.9034156,26.6727442],[-81.90340958759425,26.672694646773557],[-81.9034120338184,26.672698897554277],[-81.90344085444757,26.672794863652438],[-81.90344901525033,26.67287619821624],[-81.90348340590721,26.672947062473305],[-81.90351035211502,26.67299505267501],[-81.90351089432298,26.67301453279839],[-81.90354633923431,26.67308149404174],[-81.90363256667665,26.673189017946115],[-81.90370483752315,26.67327950944061],[-81.90383221072106,26.673390844772282],[-81.90395100575859,26.673460733454206],[-81.90409103885617,26.673540267038682],[-81.90427070954159,26.67359609713632],[-81.90441708754719,26.673638323300597],[-81.90456787863286,26.67367160848833],[-81.90475390331626,26.673680331421583],[-81.90492098118203,26.673690931461472],[-81.90508557246673,26.67369791927324],[-81.90524099642957,26.673681344918062],[-81.90535106526484,26.673660785022825],[-81.90541408031766,26.673603052938915],[-81.90544224743037,26.67356301011488],[-81.90551041543867,26.67352350656743],[-81.90556812123019,26.673524094001337],[-81.9055683,26.6735472],[-81.9054923,26.6736381],[-81.9054708,26.6736576],[-81.9055134,26.673687],[-81.9055929,26.6737102],[-81.9057726,26.6737138],[-81.9060265,26.6737359],[-81.906323,26.67381],[-81.9065456,26.6738893],[-81.9065589,26.6738952],[-81.9065699,26.673801],[-81.9065557963071,26.673534514434262],[-81.90657057187413,26.673597083945037],[-81.90660174573374,26.673669110575943],[-81.90663733356156,26.673744398459505],[-81.90668490949867,26.673821931735212],[-81.90672942636542,26.673882015870728],[-81.90673509398053,26.67397194669842],[-81.90674475269287,26.674003229677698],[-81.90675914707762,26.67404985352032],[-81.9067566065199,26.674148332827652],[-81.9067568717653,26.67425704395934],[-81.90673672513962,26.674338118748366],[-81.9067169183511,26.67443119733499],[-81.90668050499117,26.674492213949215],[-81.9066626378432,26.674580777227206],[-81.90664234360965,26.67466159917603],[-81.9066380311516,26.674680507460433],[-81.90663715242191,26.67469361974696],[-81.90664212629716,26.67477548815592],[-81.90675703861216,26.67477585155057],[-81.90731523095086,26.674781161217915],[-81.90908856856612,26.67478815498624],[-81.91203967321275,26.674789098495065],[-81.91249664641852,26.68],[-81.91540245406429,26.68],[-81.91581616259609,26.679777395837874],[-81.9162015861004,26.67957000861606],[-81.91631298979752,26.679745047171764],[-81.91633781456702,26.68],[-81.91856241924764,26.68],[-81.91842059931373,26.678473992013352],[-81.92028486179792,26.676919715050335],[-81.92018047929136,26.67596451141047],[-81.92006652128492,26.67479381630262],[-81.92188840965711,26.674785037480166],[-81.92227366750151,26.67478404291911],[-81.92207764473953,26.672741370629115],[-81.92105412039525,26.672737867633888],[-81.91990725863508,26.672733933971614],[-81.91974591329694,26.67107548614021],[-81.91773384985144,26.67106693591294],[-81.91756161052645,26.669204682408086],[-81.92157552623779,26.669223642633824],[-81.92136724137627,26.667367389948694],[-81.92139891904955,26.6600574773441],[-81.92339519614002,26.66007775654937],[-81.92340906603955,26.65460585073024],[-81.92294988531071,26.654597969314533],[-81.92295267934914,26.653497526561562],[-81.923411855676,26.653505407057384],[-81.92341368820452,26.652782408302038],[-81.92355720673264,26.64530613209703],[-81.92370153467589,26.637828649639264],[-81.9237094693771,26.63051879243429],[-81.92364940146045,26.624986742631478],[-81.91471190767669,26.624981143065558],[-81.91066111055866,26.60839642819919],[-81.91093301860415,26.608370773416606],[-81.91099545289629,26.608065021182668],[-81.9112236642726,26.60773117425732],[-81.91134693465577,26.607580877759293],[-81.9114859438648,26.607447748485264],[-81.911687750955,26.607313730180987],[-81.91193969446844,26.60703396801683],[-81.91230832642852,26.60608451561309],[-81.91285428892675,26.60520185951513],[-81.91339612429051,26.604539246621766],[-81.91400923299486,26.603815472866945],[-81.91435921630301,26.60342137242937],[-81.91458429456767,26.6032490900012],[-81.91523290016443,26.602859553820217],[-81.91554570415357,26.60267594477716],[-81.9160874658243,26.602391926682312],[-81.91660119849803,26.60210250967902],[-81.91715708322482,26.60181386721249],[-81.91736362638684,26.6017366117266],[-81.91798146743072,26.60158028009895],[-81.91816215094357,26.601534561706163],[-81.91838659958626,26.6014524743702],[-81.91886097758247,26.601287007996998],[-81.91946788286846,26.601040685975835],[-81.91995390357188,26.600843432886666],[-81.92037259159828,26.60070253325261],[-81.9206810357069,26.600599486598792],[-81.92085987119135,26.600515810224074],[-81.92104856037137,26.600446339728624],[-81.92141683005411,26.60033141571227],[-81.92171445666527,26.600293360830914],[-81.92211026076046,26.60033593979564],[-81.92236321464264,26.600419484747572],[-81.92252857084317,26.600469299195037],[-81.92276653715345,26.600513694831786],[-81.92310591010585,26.600509815958404],[-81.92323420223114,26.60050439287174],[-81.92342611017945,26.600431526271148],[-81.92366817142882,26.600348545579283],[-81.92377638703879,26.60031358892331],[-81.92398902789475,26.60020860002314],[-81.92423116964234,26.600140794766606],[-81.92462323916389,26.59994888584574],[-81.92479649112164,26.599117600430677],[-81.92491799113135,26.598552567774906],[-81.92501633998927,26.597909361008615],[-81.92509260771091,26.597412260316673],[-81.92516107706511,26.59717685244324],[-81.92526857714904,26.59695060748619],[-81.92541323289517,26.596407333692184],[-81.92555228515266,26.59591338040857],[-81.92582736639841,26.59548405565789],[-81.92593496050974,26.595336509936523],[-81.92605861226211,26.595199892161112],[-81.92629161220451,26.594791540048384],[-81.92633516708672,26.594680703095186],[-81.9264942574783,26.594451418572127],[-81.92674005227684,26.594200575607058],[-81.926825373289,26.594113502050078],[-81.92705454416351,26.593675008733918],[-81.92730652602921,26.59308183763895],[-81.92746366384462,26.592711932620883],[-81.92759994973788,26.592219850357704],[-81.92745392709298,26.591371369522818],[-81.92730320800074,26.59083609485825],[-81.92720387685634,26.590454452244906],[-81.92708573322815,26.590237754314064],[-81.92686239773708,26.58998209194681],[-81.92672419797313,26.589765982728245],[-81.92667171846703,26.58967001797618],[-81.92655734276917,26.589249866547362],[-81.92644049209721,26.58873089577007],[-81.92630340985465,26.58798977818625],[-81.92627498645277,26.587795506887456],[-81.9262037196537,26.58747563591194],[-81.92613526234398,26.58706955323067],[-81.92611132456061,26.586793049762694],[-81.92616996111532,26.585684253719393],[-81.92622026423781,26.58540538686012],[-81.92649936261337,26.5846646114183],[-81.92671350715666,26.584305517797898],[-81.92683258882995,26.58412715131864],[-81.92689227199445,26.5840017488589],[-81.92696177755074,26.583806112546895],[-81.92705471368295,26.58348547207997],[-81.92712282228129,26.583167659329565],[-81.92711131148265,26.58299512601911],[-81.92715538521614,26.582742927492188],[-81.92738948319352,26.582124649233503],[-81.92763585518081,26.5815956109704],[-81.92775455129073,26.58141380452619],[-81.92828318925727,26.580614571563757],[-81.92840875576931,26.580419909498193],[-81.92873310589269,26.580057245809233],[-81.92934758023313,26.57941251713885],[-81.92943793987364,26.579316967049945],[-81.92979390131663,26.57887647768948],[-81.93005268044197,26.57855643748447],[-81.93032044578179,26.578226111491674],[-81.93049181727767,26.578015640931934],[-81.93058790853621,26.577875626950274],[-81.93062082288124,26.577765215568544],[-81.9306117939376,26.57761757114392],[-81.93056550997481,26.577212681423912],[-81.93055120944923,26.5770875715639],[-81.93040290069544,26.576557243857174],[-81.93025736756043,26.576123584544877],[-81.93012641373736,26.575758323524948],[-81.92995322667323,26.575022084302162],[-81.92986447093276,26.574176479767846],[-81.92980180441478,26.573656892859486],[-81.92965013097478,26.57304397043338],[-81.92962758569713,26.57294353718869],[-81.92967141884976,26.572575108848568],[-81.92971358938979,26.572269256414366],[-81.92976994986113,26.572069533029005],[-81.92997309094444,26.5716036465073],[-81.93009687862858,26.57129560006571],[-81.93028367432301,26.570758557105414],[-81.93061886237206,26.57001066250643],[-81.93086515250643,26.569564942648785],[-81.9311662959021,26.56912726579845],[-81.93168991729836,26.568449581096523],[-81.93218641302796,26.567809395614834],[-81.93263053428961,26.56724851005411],[-81.93299919042855,26.56677573614423],[-81.93347865493875,26.56617946603706],[-81.9337816859473,26.56576394781188],[-81.93404612074488,26.565408699767506],[-81.93442438686736,26.564944895683283],[-81.93498399970203,26.56427808959091],[-81.93504915794075,26.564193836585588],[-81.93516431975281,26.563857930617047],[-81.93519362439581,26.563784860767164],[-81.93539273032206,26.563517190125502],[-81.93568096750415,26.563098402565544],[-81.93590129052043,26.562116441847262],[-81.93604169758913,26.561795675019777],[-81.93616797843514,26.561625901585522],[-81.936316669565,26.56133627180705],[-81.9363225639133,26.56101731017109],[-81.93632831548844,26.560711450705192],[-81.93618433197258,26.560471086034017],[-81.93595374852455,26.55984974045164],[-81.93589937493772,26.559546229579777],[-81.93601663211284,26.559099706207185],[-81.93603146462483,26.559073948315714],[-81.93633165744467,26.558751951827066],[-81.9366510504016,26.55859971686176],[-81.93692328250852,26.558537864587194],[-81.93711864650975,26.558426854372588],[-81.93744581959848,26.558312375323244],[-81.9386841270781,26.558167590997456],[-81.93962681155266,26.55811919944193],[-81.94086424062081,26.55791266373621],[-81.9421193548038,26.55739665092569],[-81.94227100087686,26.557015837195433],[-81.94272529594964,26.55649706879341],[-81.94296491710095,26.55631333795554],[-81.94312390639062,26.555605701746007],[-81.9433332804234,26.55501093391513],[-81.94348207555392,26.55438339057288],[-81.94376143194827,26.553541903704456],[-81.94387801676729,26.55302908848708],[-81.94417481236587,26.552516185883313],[-81.94433267985849,26.55234908815212],[-81.94440289178841,26.55222739248408],[-81.94478170134714,26.551650064341636],[-81.94503203272885,26.551401155765262],[-81.94515415062568,26.55123222635123],[-81.94538491009534,26.55091084095935],[-81.94554998697893,26.55061963590093],[-81.94571604822339,26.550171440268887],[-81.94583665310367,26.549902723549653],[-81.9460501317879,26.54950470256494],[-81.94598442389409,26.549310461519067],[-81.94596547975837,26.54916110505822],[-81.94598448169499,26.548945040319328],[-81.94615735249457,26.54847686107496],[-81.94638804998355,26.548046408039223],[-81.9465475860508,26.547805882922546],[-81.94660236251092,26.54766095616576],[-81.94659127997988,26.547411752464626],[-81.94631242010294,26.546463757305805],[-81.94644815042749,26.545214194471143],[-81.94668281233336,26.54365080478805],[-81.94658327584595,26.542722811663385],[-81.94660432430702,26.542256192544855],[-81.9494579754286,26.54029733649502],[-81.95013573940756,26.540611952564557],[-81.95041193553526,26.540562638223715],[-81.95076306750973,26.540625586098866],[-81.95089425613332,26.540686043939594],[-81.95134813065464,26.540938525991173],[-81.95191397166292,26.541253288385196],[-81.95208040641495,26.541371846283837],[-81.95258641203252,26.541842879994917],[-81.95270992092411,26.54188629503551],[-81.95284304999703,26.541946331102196],[-81.95304263129222,26.542082419388997],[-81.9530691471716,26.542118141685442],[-81.95326236763471,26.542197246710103],[-81.9533031850984,26.542200467059235],[-81.95350297417191,26.542229361722473],[-81.95367457561244,26.542274341384886],[-81.95379817746372,26.542320855975888],[-81.9540674482359,26.54243150367084],[-81.95454825686924,26.542624505785707],[-81.95500051517519,26.542797504458758],[-81.95520775972408,26.542886550806692],[-81.95530872719111,26.542929933941558],[-81.95540480914389,26.542956059382725],[-81.95549774545592,26.54297590071043],[-81.95562543608072,26.54301234908616],[-81.9558068408312,26.543086867134743],[-81.95592727359836,26.543153398778042],[-81.95605474620486,26.54324404390376],[-81.95620826221112,26.543373758256262],[-81.9564793786746,26.54342480894863],[-81.95663265260669,26.543516989547765],[-81.95713215236518,26.543685011595972],[-81.95774164589966,26.543893187346384],[-81.95792366097027,26.54398031413774],[-81.95808519299361,26.544089104527195],[-81.95821215762932,26.54420161328354],[-81.95825853093027,26.544251060092325],[-81.95858452158393,26.544193264502262],[-81.95870564375437,26.544183534307248],[-81.95880653783054,26.544183586966895],[-81.95901223726528,26.54420221745448],[-81.95955392570583,26.544264733479917],[-81.95988370141983,26.544272512388464],[-81.96007000209892,26.54428943988568],[-81.96021260227451,26.54430881636515],[-81.96038791703972,26.544355322508462],[-81.96054711264219,26.544408348037997],[-81.96065444848608,26.54445323198773],[-81.9608326719254,26.54450867692931],[-81.96100374080486,26.54453558910331],[-81.9613177761497,26.544592678074615],[-81.96154983481283,26.544648321752664],[-81.9617788141631,26.54471493725197],[-81.96199788728693,26.54479183858921],[-81.9621449445281,26.544843855393765],[-81.96224976476955,26.544872517578074],[-81.96363544897106,26.54516034903085],[-81.9646672305347,26.545156990853712],[-81.96510802248366,26.545116778056737],[-81.96527541412354,26.545130666768205],[-81.96547774380802,26.545164479828905],[-81.96578767627615,26.54522238474751],[-81.96601105447016,26.545298736674017],[-81.96614007073713,26.545362340877098],[-81.96623439077688,26.54541975658093],[-81.96642582924282,26.545330653762925],[-81.96662684803871,26.545274045068776],[-81.96678262006793,26.545248864347617],[-81.96698826857768,26.54522869998568],[-81.96789660743181,26.545139634851452],[-81.9683591050849,26.545096176518577],[-81.96849684280393,26.545095706077365],[-81.96888328637112,26.545115216020083],[-81.96923556805395,26.545167913721848],[-81.96948859657499,26.54519140616949],[-81.96960441186022,26.54517479672028],[-81.96967047824879,26.545155762119833],[-81.96982524936112,26.545098165149177],[-81.97107683152981,26.54456822988883],[-81.97134855887978,26.544456353942586],[-81.97151154504142,26.544407988677158],[-81.97163907898195,26.544374116600768],[-81.971897301235,26.544292256813733],[-81.9721123411371,26.544206814684394],[-81.97232021354216,26.544108056441676],[-81.97244691528992,26.54403924526125],[-81.9725053450376,26.54399288406462],[-81.97261045184895,26.543874704842818],[-81.97276114151241,26.543744207317],[-81.97303227536328,26.54358443916713],[-81.97332329057339,26.54348596864731],[-81.97360953014602,26.543406233925214],[-81.97383285414476,26.543344023898836],[-81.97416043642866,26.54330722738628],[-81.97444507977059,26.543307089149515],[-81.97444492388652,26.542298710479372],[-81.97451484483658,26.541982596482473],[-81.97452957133231,26.540134774750456],[-81.97696247077812,26.536479387807304],[-81.97724002985889,26.536112383919814],[-81.97738694795338,26.536038997962432],[-81.97810506658544,26.536464885981868],[-81.97938560577053,26.53518895136781],[-81.979296,26.535435],[-81.978745,26.536514],[-81.978415,26.536949],[-81.9782704,26.5371956],[-81.9782542,26.5372285],[-81.9784404,26.5373172],[-81.9785306,26.5380443],[-81.9786326,26.5385401],[-81.9791989,26.5384135],[-81.9796519,26.5383248],[-81.9798642,26.5387428],[-81.9794678,26.5397433],[-81.9795245,26.5400853],[-81.9799209,26.5405285],[-81.9805579,26.5412251],[-81.9817248,26.5417717],[-81.9814699,26.5421136],[-81.9815973,26.5424809],[-81.9818946,26.5428608],[-81.9819654,26.5434941],[-81.9820032,26.543557],[-81.9822769,26.5440133],[-81.9827586,26.5444916],[-81.9835014,26.5444997],[-81.9849204,26.5460309],[-81.9853642,26.5457112],[-81.9858219,26.5455107],[-81.9864757,26.5454438],[-81.9880822,26.5454438],[-81.9906051,26.5454729],[-81.9910441,26.5453893],[-81.9914924,26.5451387],[-81.9917072,26.5449465],[-81.9920296,26.544553],[-81.9922145,26.5443986],[-81.9920604,26.5442387],[-81.9923562,26.543908],[-81.9925657,26.5439796],[-81.9929724,26.5433733],[-81.99336,26.542926],[-81.99402,26.542491],[-81.994008,26.542288],[-81.994137,26.542177],[-81.994161,26.542056],[-81.994498,26.542007],[-81.994907,26.541985],[-81.995513,26.542138],[-81.995905,26.542353],[-81.996113,26.542309],[-81.996125,26.542232],[-81.996033,26.541946],[-81.996064,26.541747],[-81.996033,26.541654],[-81.996082,26.541329],[-81.996247,26.54128],[-81.996528,26.541021],[-81.997416,26.54118],[-81.997642,26.541158],[-81.9976496,26.5409783],[-81.997863,26.5409005],[-81.9980503,26.5408904],[-81.99821452937495,26.540982691093635],[-81.99970027705231,26.544325623367698],[-81.9996699,26.5443296],[-81.99956,26.5443332],[-81.9994232,26.5443236],[-81.9991456,26.5442828],[-81.9987902,26.5442132],[-81.9984562,26.5441304],[-81.9982886,26.5440764],[-81.9982363,26.5440464],[-81.9982028,26.544014],[-81.9981813,26.5439936],[-81.9981505,26.54399],[-81.9980901,26.5439984],[-81.9980432,26.5440068],[-81.9979962,26.5439984],[-81.9979359,26.5439673],[-81.9978903,26.5439253],[-81.9977723,26.5438293],[-81.9976851,26.5437453],[-81.9975765,26.5436265],[-81.9974947,26.5435305],[-81.997441,26.543461],[-81.9973981,26.5433878],[-81.9973726,26.543335],[-81.9973512,26.5432774],[-81.9973203,26.5431526],[-81.9972586,26.5429403],[-81.9972238,26.5428563],[-81.997201,26.5428023],[-81.9971607,26.5427591],[-81.9971218,26.5427471],[-81.9970695,26.5427591],[-81.9969475,26.5428311],[-81.9968764,26.5428707],[-81.9968147,26.5429103],[-81.9967691,26.5429259],[-81.996698,26.5429343],[-81.9966162,26.5429523],[-81.996631,26.5430399],[-81.9967718,26.543053],[-81.996918,26.543071],[-81.9969783,26.5430962],[-81.9970038,26.5431274],[-81.9970454,26.5431934],[-81.9970615,26.5432474],[-81.9970601,26.5433122],[-81.9970534,26.543413],[-81.9970682,26.543455],[-81.9970963,26.5435066],[-81.9971352,26.5435593],[-81.9971835,26.5435977],[-81.9972398,26.5436433],[-81.9973874,26.5437513],[-81.9975389,26.5438641],[-81.9977293,26.5439889],[-81.9978004,26.544038],[-81.9978661,26.5440656],[-81.9979117,26.5440656],[-81.997956,26.5440632],[-81.998019,26.5440728],[-81.9980512,26.5440884],[-81.9980727,26.544158],[-81.9980982,26.5441976],[-81.9981612,26.5442456],[-81.9982886,26.544332],[-81.9983744,26.544386],[-81.9984334,26.5444076],[-81.9985313,26.54444],[-81.9986105,26.5444795],[-81.9986963,26.5445407],[-81.9988116,26.5446235],[-81.9988988,26.5446739],[-81.9989766,26.5447099],[-81.9990718,26.5447387],[-81.9991804,26.5447519],[-81.9992515,26.5447447],[-81.9993172,26.5447375],[-81.9994151,26.5447447],[-81.9995264,26.5447591],[-81.9996029,26.5447711],[-81.9996686,26.5447711],[-81.9997303,26.5447483],[-81.9997879,26.5447195],[-81.9998626517847,26.54469096651558],[-82,26.545],[-82.01713825405406,26.547856375675675],[-82.017139,26.547857],[-82.01723,26.547885],[-82.0172806122449,26.547880102040818],[-82.03,26.55],[-82.03552590149926,26.568419671664167],[-82.035338,26.569033],[-82.035204,26.56938],[-82.035106,26.569848],[-82.034971,26.570272],[-82.034885,26.570591],[-82.034757,26.570954],[-82.034714,26.5714],[-82.034781,26.572286],[-82.034824,26.572468],[-82.034934,26.572627],[-82.035056,26.572737],[-82.0353022,26.5728104],[-82.0354862,26.5728214],[-82.0357182,26.5728484],[-82.035778,26.572759],[-82.035784,26.572726],[-82.035974,26.572589],[-82.036103,26.572572],[-82.036311,26.572479],[-82.036507,26.572468],[-82.036715,26.572479],[-82.03674705947137,26.572490198237887],[-82.03800005893994,26.576666863133145],[-82.0379088,26.5771389],[-82.037666,26.5783762],[-82.0380777,26.5784399],[-82.0382762,26.5784959],[-82.0383102,26.5784146],[-82.0383784,26.5782971],[-82.0384108,26.5781881],[-82.03845097030499,26.578169901016647],[-82.045,26.6],[-82.04635842439046,26.60679212195228],[-82.03975251182196,26.60683438674887],[-82.03975361072327,26.606972114436573],[-82.03982264862466,26.609915218718108],[-82.03995692087342,26.614872297420224],[-82.03871619362872,26.614797482676227],[-82.03832266291369,26.614802356982015],[-82.0382,26.6147971],[-82.0380398714599,26.614805859661647],[-82.03154331233279,26.614886326610083],[-82.0315236481714,26.622584403658845],[-82.03157329085401,26.62556433688987],[-82.03175381367036,26.633822413802147],[-82.03384715536029,26.633837967462846],[-82.03437048283084,26.63384185038843],[-82.03541716900575,26.63384961135713],[-82.03594049657562,26.633853489407898],[-82.03646382417844,26.633857365532855],[-82.03647683769289,26.637163205355414],[-82.03598320662782,26.637138594522323],[-82.03548924022446,26.637120189224873],[-82.03499503683153,26.637107993045937],[-82.03450069077984,26.63710200866801],[-82.03182517309745,26.63708639848917],[-82.0318338696505,26.637484176852556],[-82.03324102345215,26.637473845071327],[-82.03589344605322,26.637480317294354],[-82.0380115408726,26.63744927352615],[-82.03801381663882,26.636672091002584],[-82.03801583875939,26.635966146011853],[-82.03749501459771,26.635965978306526],[-82.03749521177119,26.63517322003838],[-82.03749451888692,26.633865980903455],[-82.03802193245639,26.63386448697843],[-82.03854526226478,26.633865620570592],[-82.04012559343252,26.633869200933695],[-82.04010509947936,26.634316457689106],[-82.04008064138772,26.634571327630784],[-82.04003707726434,26.634888682589153],[-82.03994063925857,26.635388418716403],[-82.03986816939077,26.63573514141201],[-82.0398156054301,26.635989314205613],[-82.03976469544129,26.636240675818268],[-82.03968152775298,26.636240484231354],[-82.03967903895281,26.637042813256052],[-82.03967780443371,26.637440629093735],[-82.0405962482009,26.637425747776827],[-82.0406112600485,26.63616066587104],[-82.04067642815984,26.635751116863712],[-82.04070641142269,26.63558783371247],[-82.04075556798837,26.63534356124953],[-82.04082930627764,26.634857964872978],[-82.04086383103946,26.63450925149577],[-82.04088862893303,26.633868078294093],[-82.0421465327468,26.6338662190759],[-82.0425375732812,26.63387165633855],[-82.04333417419318,26.633882728104346],[-82.04466971505681,26.63390128028011],[-82.04466698747049,26.6343304828375],[-82.04466611395661,26.634468035464824],[-82.04466523943657,26.63460558808977],[-82.04466174334662,26.635155798562305],[-82.0446582472266,26.635706007187054],[-82.04465649815155,26.635981112386332],[-82.0446547500735,26.636256217574672],[-82.04465300198811,26.636531322752344],[-82.04465125389501,26.636806427016747],[-82.04464950579528,26.637081533075698],[-82.04464735543048,26.637419910453836],[-82.04507606326429,26.637418767004995],[-82.04666926799118,26.637414455831582],[-82.04667000236914,26.637481647677273],[-82.04811342877709,26.637484388000647],[-82.04817896718953,26.637679580555798],[-82.04827073954057,26.637694585808923],[-82.04826717022488,26.63846217324533],[-82.0483124669156,26.6384894163116],[-82.0483585855822,26.638543788460833],[-82.04837905062895,26.638629382053193],[-82.04837279148988,26.63999117640472],[-82.04836413363435,26.64187499113285],[-82.0483625501876,26.642219566270285],[-82.05146988481245,26.642231065724104],[-82.05242681479677,26.6422289749938],[-82.05248108001143,26.642211624207214],[-82.05250456715973,26.642196451904308],[-82.05253021994993,26.642170623638258],[-82.05255349448981,26.64212327833074],[-82.0525578191797,26.641999777072186],[-82.05256405700364,26.64061192680199],[-82.05256688022841,26.639992928091228],[-82.05256887656958,26.63955548350455],[-82.05256961943506,26.639341836601215],[-82.05256302993158,26.63930946105982],[-82.0525528965996,26.63918628281067],[-82.05255393306018,26.639175177770387],[-82.05285260587767,26.639263029388395],[-82.055,26.65],[-82.06336022509225,26.67786741697417],[-82.063357,26.677872],[-82.063051,26.677971],[-82.063002,26.678004],[-82.062978,26.678065],[-82.06299,26.678153],[-82.063076,26.678263],[-82.063137,26.678324],[-82.063259,26.678417],[-82.063266,26.678533],[-82.063315,26.67861],[-82.063382,26.678643],[-82.063406,26.678676],[-82.063547,26.678753],[-82.06362816507178,26.678760550239236],[-82.06598262618796,26.686608753959874],[-82.065961,26.686622],[-82.065918,26.686683],[-82.065876,26.6867],[-82.065857,26.686738],[-82.065814,26.686755],[-82.065729,26.686887],[-82.065643,26.686964],[-82.065588,26.68709],[-82.065539,26.687261],[-82.065533,26.687393],[-82.065575,26.687492],[-82.065673,26.687569],[-82.065968,26.687635],[-82.066029,26.687674],[-82.0662,26.68774],[-82.06633095356965,26.68776984523215],[-82.06928767865169,26.697625595505617],[-82.069191,26.697596],[-82.068737,26.697541],[-82.068719,26.697513],[-82.06864,26.697458],[-82.068535,26.697403],[-82.068198,26.697447],[-82.067653,26.697761],[-82.067273,26.697767],[-82.06701,26.697833],[-82.067028,26.697112],[-82.067034,26.697018],[-82.0668779,26.696989],[-82.066869,26.697095],[-82.066881,26.697293],[-82.066857,26.698328],[-82.067904,26.699153],[-82.06976710080224,26.699223669340775],[-82.07,26.7],[-82.07053163226367,26.70132908065915],[-82.070539,26.702197],[-82.070515,26.708828],[-82.070534,26.709532],[-82.071588,26.711403],[-82.072127,26.711475],[-82.072024,26.718673],[-82.072164,26.71881],[-82.072312,26.718954],[-82.07244,26.711712],[-82.072415,26.711602],[-82.072305,26.711491],[-82.072164,26.71126],[-82.072029,26.711211],[-82.071741,26.711145],[-82.070889,26.709709],[-82.070853,26.709571],[-82.070699,26.709169],[-82.070693,26.707661],[-82.070699,26.706814],[-82.070729,26.704183],[-82.07076949753377,26.70192374383444],[-82.07847973935158,26.72119934837893],[-82.07551694019654,26.725660928128562],[-82.07518332621227,26.726163349426702],[-82.07512593280352,26.7262417856883],[-82.07218040919551,26.730262817250185],[-82.07194374096919,26.73058584653734],[-82.07162556646455,26.73148423550016],[-82.06817351422303,26.741269126631895],[-82.06816873520121,26.741282712824],[-82.0678042094182,26.742271383476048],[-82.0662791661901,26.7469951918561],[-82.06571805603193,26.74721639737209],[-82.06547046880713,26.750503364284107],[-82.06527152616466,26.75227480878264],[-82.06519120445812,26.752989439626283],[-82.06438218011755,26.756028032776598],[-82.06326412602003,26.75847028957473],[-82.06072561713728,26.758455918637992],[-82.05715109506039,26.758435902576913],[-82.05535986093732,26.75842577610087],[-82.05464304093807,26.758421582828284],[-82.03891176822269,26.75875138125159],[-82.03892533053467,26.756467589127897],[-82.03892704919923,26.754220155562734],[-82.03898772008628,26.752395112241636],[-82.03911926516237,26.748726678093714],[-82.03919006668161,26.746672356110366],[-82.03929127615461,26.743939370171418],[-82.03934163609608,26.741866710068592],[-82.03938225363831,26.741169702204562],[-82.03929952689488,26.740951409779544],[-82.03933510393519,26.734573527934987],[-82.03934015949372,26.733665668082114],[-82.03934223396665,26.73328790924653],[-82.03934431534802,26.732930267218965],[-82.03934494630474,26.732812486830152],[-82.0393455789165,26.732702442501207],[-82.03934620780049,26.732578643667445],[-82.03934684041036,26.73246860023745],[-82.03934747402435,26.732358556805462],[-82.03934810663206,26.732248513372046],[-82.03934864475004,26.732138469060516],[-82.0393492773557,26.732028425623703],[-82.03934990996031,26.731918382185135],[-82.03935054356901,26.731808338744614],[-82.03935117717634,26.731698294399788],[-82.03935171428459,26.731588250982607],[-82.03935234688501,26.731478207537204],[-82.03935298048953,26.73136816408984],[-82.03935361409263,26.731258119738175],[-82.03935424668981,26.73114807628766],[-82.03935478379326,26.731038032861917],[-82.03935541739355,26.730927989407732],[-82.0393560499873,26.730817945049512],[-82.03935668358545,26.730707901591888],[-82.03935731617767,26.730597859035406],[-82.0393578532763,26.730487815601148],[-82.03935848687131,26.73037777213838],[-82.0393590266894,26.730275637158783],[-82.03935912046497,26.730267727771345],[-82.03935975305266,26.730157684305464],[-82.03936038664447,26.730047640837594],[-82.03936092373827,26.729937597394752],[-82.03936164808619,26.72981379848624],[-82.03936291425669,26.72959371063578],[-82.03936354210423,26.729469911747998],[-82.03936417568949,26.72935986826945],[-82.03936480826852,26.729249824789438],[-82.03936544185129,26.72913978040489],[-82.03936597893717,26.729029736947986],[-82.03936661151305,26.728919693462863],[-82.039367245093,26.728809649975748],[-82.03936787867191,26.728699606486952],[-82.03936851124426,26.72858956209413],[-82.03936904832531,26.728479518628664],[-82.03936968190108,26.728369475134716],[-82.03937031447062,26.72825943163936],[-82.03937094804394,26.728149387239423],[-82.03937158061133,26.728039343740623],[-82.03937211768756,26.72792930026664],[-82.03937275125807,26.727819256764153],[-82.03937338482747,26.72770921325995],[-82.03937401739036,26.72759916885176],[-82.03937465095763,26.727489125344157],[-82.03937518802906,26.727379081861606],[-82.03937582159428,26.72726903835058],[-82.03937645415294,26.727158993935547],[-82.03937708671086,26.727048950421374],[-82.03937898165321,26.72670506354871],[-82.03937970543335,26.726579717550575],[-82.03937849270923,26.726470171864758],[-82.03856430352778,26.726470442445958],[-82.038489839661,26.72646851308007],[-82.0310313986413,26.726408667613523],[-82.03089743580284,26.735120427877177],[-82.0308713,26.7351124],[-82.0306913,26.7350297],[-82.0304024,26.7349619],[-82.0302935,26.7349767],[-82.0302348,26.7350006],[-82.0304279,26.7351007],[-82.0304741,26.7351466],[-82.0304915,26.7351773],[-82.0304978,26.7352389],[-82.03047,26.7353212],[-82.0304307,26.735414],[-82.0304143,26.7354912],[-82.0304093,26.7355785],[-82.0304272,26.7356555],[-82.0304852,26.7357475],[-82.0305661,26.7358291],[-82.0307218,26.7359667],[-82.03088096274499,26.736191690119668],[-82.03082737608202,26.73967649356625],[-82.0307126,26.7396233],[-82.0306935,26.7396008],[-82.0306804,26.7395499],[-82.030699,26.7395158],[-82.0307486,26.7394191],[-82.0307353,26.7393342],[-82.0306965,26.7392325],[-82.0306334,26.7391436],[-82.030633,26.739143],[-82.0305458,26.7389834],[-82.0305244,26.7389874],[-82.0304387,26.738981],[-82.0303682,26.7389466],[-82.0302899,26.7389052],[-82.030204,26.7388848],[-82.0300326,26.738879],[-82.0298769,26.7389012],[-82.0297294,26.7389652],[-82.0296446,26.7390638],[-82.0295996,26.73926],[-82.0295241,26.7395264],[-82.0294958,26.7398484],[-82.0294891,26.7399674],[-82.0294433,26.7400797],[-82.0294285,26.7401568],[-82.0294288,26.7401988],[-82.0294604,26.7402475],[-82.0295467,26.7403098],[-82.029625,26.7403443],[-82.0297109,26.7403646],[-82.0298288,26.7404757],[-82.0300494,26.740747],[-82.030068,26.7407579],[-82.0301434,26.7408023],[-82.0302371,26.7408296],[-82.0303542,26.7408427],[-82.0305177,26.7408345],[-82.0306729,26.7407634],[-82.0307505,26.7407209],[-82.0307891,26.7406856],[-82.03083006320132,26.740681656174456],[-82.03083037463405,26.740734954569415],[-82.03080423309952,26.74111381477436],[-82.02261282387965,26.741296921356245],[-82.02263154394129,26.740214927115257],[-82.02272,26.7401964],[-82.0229432,26.7400739],[-82.0231407,26.7399344],[-82.0234226,26.7399266],[-82.0236727,26.7399421],[-82.0239994,26.7399225],[-82.0241849,26.7398866],[-82.024338,26.7398049],[-82.0244476,26.7398847],[-82.02466,26.7399867],[-82.0248641,26.7399853],[-82.0248001,26.7398878],[-82.0248265,26.739885],[-82.0248825,26.7398267],[-82.0249061,26.7397613],[-82.0248974,26.7396963],[-82.024897,26.7396456],[-82.0248967,26.7396094],[-82.0249206,26.7395803],[-82.0249526,26.7395511],[-82.0250493,26.7395504],[-82.0251864,26.7395566],[-82.0252674,26.7395995],[-82.0253562,26.7396061],[-82.0254365,26.7395765],[-82.0254603,26.7395329],[-82.0254434,26.7394462],[-82.0254105,26.7393668],[-82.0254099,26.7393017],[-82.0254256,26.7392581],[-82.0254737,26.7392288],[-82.0255956,26.7391966],[-82.0255742,26.7391671],[-82.0255261,26.7389899],[-82.0253628,26.7389389],[-82.0251018,26.7390087],[-82.0251239,26.7388832],[-82.0253256,26.7386729],[-82.0253278,26.7386721],[-82.0252581,26.7386477],[-82.0252216,26.7386101],[-82.0252031,26.7385616],[-82.025202,26.7384426],[-82.0252785,26.7382312],[-82.0253969,26.7380086],[-82.0255284,26.7378941],[-82.0255754,26.737764],[-82.0255684,26.7376613],[-82.0255009,26.7375212],[-82.0253174,26.7371981],[-82.0252377,26.7370472],[-82.0252186,26.7369338],[-82.0252243,26.7368905],[-82.0252421,26.7368579],[-82.0252774,26.7367765],[-82.0253892,26.7366699],[-82.0254596,26.7366196],[-82.0253624,26.7365802],[-82.0252417,26.7365271],[-82.0251641,26.7364891],[-82.0250609,26.7364821],[-82.0249493,26.7364829],[-82.0248753,26.7365205],[-82.024855,26.736499],[-82.0247938,26.736427],[-82.024754,26.7364795],[-82.0246221,26.7365671],[-82.0244414,26.7366009],[-82.024357,26.7366015],[-82.0243146,26.736591],[-82.0242818,26.7365566],[-82.0241177,26.7363902],[-82.0240196,26.7362016],[-82.0239276,26.7360184],[-82.0238588,26.7357323],[-82.0237851,26.7355706],[-82.0237242,26.73549],[-82.023615,26.7354042],[-82.0235425,26.7353777],[-82.0234038,26.7353625],[-82.0232412,26.7353637],[-82.0231147,26.7353538],[-82.0228974,26.7353013],[-82.022725,26.7352416],[-82.02271763379261,26.73523905015898],[-82.02277246599114,26.73206982325344],[-82.0228343,26.732074],[-82.0229115,26.7320792],[-82.0230325,26.7320783],[-82.0232016,26.7320445],[-82.023431,26.7319776],[-82.0235994,26.7318678],[-82.0237434,26.7317363],[-82.0238152,26.731638],[-82.0239958,26.7315389],[-82.0241402,26.7314509],[-82.0242967,26.731352],[-82.0243593,26.7312372],[-82.0243919,26.7311774],[-82.0244295,26.730998],[-82.0244191,26.7307916],[-82.0244087,26.7305829],[-82.0244085,26.7305652],[-82.024408,26.7305061],[-82.0244331,26.7304444],[-82.0244842,26.7304132],[-82.0245438,26.7303744],[-82.0246206,26.730343],[-82.0246628,26.7302735],[-82.0246704,26.7301658],[-82.0245493,26.7300283],[-82.0245315,26.7299592],[-82.024531,26.7299054],[-82.0245904,26.7298434],[-82.0246672,26.7298121],[-82.0248882,26.729626],[-82.0249388,26.729541],[-82.0249717,26.729387],[-82.0249689,26.72908],[-82.0249689,26.7290718],[-82.0248453,26.7286574],[-82.0247737,26.7285315],[-82.0245525,26.7283556],[-82.024423,26.7282602],[-82.0242936,26.7281841],[-82.0241216,26.728134],[-82.0238784,26.7281229],[-82.0238281,26.7281253],[-82.0237254,26.7279102],[-82.0235376,26.7279825],[-82.0233161,26.7281148],[-82.0231522,26.72825],[-82.0230526,26.728332],[-82.0228417,26.7286796],[-82.02283180068777,26.728705874313974],[-82.02287279922943,26.72645424025595],[-82.02100468652753,26.72646635550185],[-82.0209876,26.7264013],[-82.0208196,26.7264025],[-82.0205172,26.7264435],[-82.02045126898834,26.72646994457309],[-82.0204157713175,26.72647017478565],[-82.01520121478943,26.726491143417107],[-82.0152357,26.7262845],[-82.0152348,26.7261872],[-82.0152087,26.726089],[-82.0152068,26.7260819],[-82.0151332,26.7259364],[-82.0150325,26.7257871],[-82.0147962,26.7256266],[-82.0146329,26.7255466],[-82.0144334,26.7254588],[-82.0143605,26.7253863],[-82.0143418,26.7253134],[-82.0143438,26.7252799],[-82.0142074,26.7253067],[-82.0141026,26.7253642],[-82.0139979,26.7254344],[-82.0138795,26.7255552],[-82.0139298,26.7257179],[-82.0139763,26.7258636],[-82.014068,26.7260171],[-82.0143064,26.726421],[-82.01432896847089,26.726494650870038],[-82.01426012062147,26.72649492771912],[-82.00621982260536,26.726538428737104],[-82.00621688319879,26.719094616443485],[-82.0062175,26.7191651],[-82.006243,26.719261],[-82.0063259,26.719327],[-82.0064661,26.7193482],[-82.0065648,26.7193475],[-82.0066466,26.7192877],[-82.0067197,26.7191763],[-82.0067684,26.7190873],[-82.0067923,26.7189984],[-82.00689,26.7188794],[-82.0070294,26.7188119],[-82.007144,26.718792],[-82.0069331,26.7185823],[-82.0066923,26.7184322],[-82.0064228,26.7182317],[-82.0062644,26.7178406],[-82.0062625,26.7176255],[-82.0064194,26.7175227],[-82.006333,26.7173707],[-82.0062557,26.717272],[-82.00621614920637,26.71723583927439],[-82.00621398270384,26.711749344721444],[-82.00537683114123,26.71174624063233],[-82.0053629,26.7117008],[-82.0052377,26.7116103],[-82.0052026,26.7114785],[-82.0043743,26.7116129],[-82.0037365,26.7115932],[-82.0030182,26.7115983],[-82.0026839,26.7113668],[-82.0023782,26.7113286],[-82.001956,26.7113154],[-82.0018021,26.7111633],[-82.0017369,26.7108976],[-82.0017084,26.710738],[-82.0016225,26.710604],[-82.0015499,26.7104933],[-82.0014514,26.7104121],[-82.0013271,26.7103603],[-82.0013019,26.7103588],[-82.0012869,26.7102769],[-82.0013052,26.7100791],[-82.0013427,26.7097914],[-82.0013108,26.7096167],[-82.0013207,26.7096229],[-82.0014252,26.7096573],[-82.0016079,26.7096794],[-82.001614,26.7096267],[-82.0016136,26.7095857],[-82.0016198,26.7095506],[-82.0017166,26.7094445],[-82.0017682,26.7093857],[-82.0018077,26.7092764],[-82.0023678,26.7091912],[-82.0031378,26.7091588],[-82.0034077,26.7091299],[-82.0035243,26.7091465],[-82.003531,26.709137],[-82.0037007,26.709146],[-82.0037931,26.7093688],[-82.0040657,26.7094989],[-82.0043144,26.7094971],[-82.0044378,26.7093744],[-82.0044591,26.709232],[-82.004458,26.7091],[-82.0044898,26.708856],[-82.0047796,26.7083766],[-82.0049798,26.7079994],[-82.0050566,26.7077246],[-82.0050661,26.7075214],[-82.0049515,26.7073496],[-82.0047237,26.7071684],[-82.0045076,26.7070277],[-82.0043356,26.7069095],[-82.0041186,26.706911],[-82.0040539,26.70697],[-82.0040156,26.707058],[-82.0039771,26.7071285],[-82.0039058,26.70717],[-82.0037298,26.7071654],[-82.0036123,26.7071428],[-82.0035275,26.7071317],[-82.0034754,26.7071379],[-82.0034366,26.7071733],[-82.0034175,26.7072261],[-82.0034247,26.7072963],[-82.0034448,26.7073606],[-82.0034647,26.7074014],[-82.0035368,26.7074536],[-82.0038965,26.7076032],[-82.0040472,26.7076957],[-82.0041004,26.7078124],[-82.0040821,26.7079589],[-82.0040314,26.7081172],[-82.0039544,26.7082524],[-82.0038897,26.7083114],[-82.0037922,26.7083413],[-82.0035837,26.7083369],[-82.0034203,26.7082854],[-82.0032307,26.7082165],[-82.0030866,26.7081298],[-82.0028707,26.7080318],[-82.0027205,26.7079919],[-82.0025574,26.7079755],[-82.0024009,26.707959],[-82.0023095,26.7079421],[-82.0022703,26.7079307],[-82.0021923,26.7079488],[-82.002147,26.7079842],[-82.0021473,26.7080193],[-82.0021541,26.7080544],[-82.0021741,26.7081011],[-82.0021924,26.7081293],[-82.0019398,26.7081437],[-82.0017966,26.7081623],[-82.0016666,26.7081983],[-82.0015822,26.708234],[-82.0015109,26.7082755],[-82.0014463,26.7083403],[-82.0013554,26.7083761],[-82.0012382,26.7083828],[-82.0010752,26.7083781],[-82.0009445,26.708338],[-82.0008265,26.7082569],[-82.000728,26.708164],[-82.000649,26.7080767],[-82.0005699,26.707972],[-82.0005297,26.7078493],[-82.0005288,26.7077498],[-82.0005346,26.7076562],[-82.000547,26.7075859],[-82.0005203,26.7075158],[-82.0004515,26.7074013],[-82.0002391,26.7071308],[-82.0001461,26.7067901],[-81.9999998,26.706688],[-81.9999548,26.7066567],[-81.9996735,26.7065149],[-81.9996452,26.7067128],[-81.9997262,26.70682],[-81.9998679,26.7070167],[-81.9998095,26.7071968],[-81.9998512,26.7073851],[-81.9999526,26.7075461],[-81.9999449,26.7078157],[-81.9998767,26.7080228],[-81.9998286,26.708126],[-81.9997985,26.708119],[-81.9996904,26.7081036],[-81.9996248,26.7081418],[-81.9995832,26.7081906],[-81.9995198,26.7084873],[-81.9994612,26.7086439],[-81.9993722,26.7087577],[-81.9993368,26.7088226],[-81.9992834,26.708893],[-81.9992365,26.7090172],[-81.9992197,26.7091466],[-81.9992205,26.7092436],[-81.9992571,26.7093134],[-81.9993362,26.7094367],[-81.9996349,26.7099841],[-81.999702,26.7101183],[-81.9997392,26.7102581],[-81.9997523,26.7103765],[-81.99973,26.7105706],[-81.9996415,26.710749],[-81.9996125,26.710857],[-81.9996073,26.7109432],[-81.9996081,26.7110348],[-81.9996208,26.7111155],[-81.9996512,26.7111692],[-81.9997916,26.711285],[-81.99978,26.7114969],[-81.9997603,26.7119819],[-81.9997705,26.7124666],[-81.999789,26.7125818],[-81.9997895,26.712585],[-81.999881,26.7127568],[-81.9999998,26.7130086],[-82.0000034,26.7130162],[-82.0001035,26.7131121],[-82.0002759,26.7132051],[-82.000448,26.7132638],[-82.0006962,26.7132963],[-82.0008773,26.713295],[-82.0010677,26.7132594],[-82.0011815,26.7131901],[-82.0012762,26.7131124],[-82.0013232,26.713035],[-82.0014082,26.7129488],[-82.0014461,26.7129228],[-82.0015605,26.712922],[-82.0016369,26.7129386],[-82.0017234,26.7130151],[-82.0017625,26.7131261],[-82.0018072,26.7132664],[-82.0017593,26.7133198],[-82.0016412,26.7134199],[-82.0015652,26.7134815],[-82.0013287,26.7136434],[-82.0012359,26.7137204],[-82.0011857,26.7138123],[-82.0011781,26.7139192],[-82.0011876,26.7140336],[-82.0013009,26.7143534],[-82.001417,26.7145166],[-82.0016313,26.7144713],[-82.0017169,26.714445],[-82.0018882,26.7144181],[-82.0020212,26.7143658],[-82.0021163,26.7143309],[-82.00212696784251,26.714330140296074],[-82.00212513141061,26.7154290591442],[-82.00416967487936,26.71543863719358],[-82.00417142570782,26.719134510399815],[-81.99802183862423,26.719102643332388],[-81.99802458276648,26.718386916403723],[-81.9980273,26.7183794],[-81.99805,26.7181942],[-81.9980948,26.7177803],[-81.99802801393598,26.71749199908613],[-81.99802928912221,26.717159405130015],[-81.9980868,26.7168551],[-81.9983026,26.7166214],[-81.9982626,26.7164713],[-81.9981908,26.7163619],[-81.9980931,26.7162411],[-81.99803306404719,26.7161748295444],[-81.99803599725593,26.71540979030979],[-81.99649959655844,26.71540241532745],[-81.9965139,26.7153673],[-81.9957698,26.7152387],[-81.9953219,26.7153071],[-81.9950556,26.7153525],[-81.9948005,26.7152781],[-81.9947773,26.7152696],[-81.99479040384324,26.715394210914294],[-81.99394761828944,26.715390165401566],[-81.99062744661563,26.715378433873322],[-81.9906127,26.7152119],[-81.9906178,26.7150557],[-81.9906231,26.7149226],[-81.9906415,26.7148126],[-81.9906404,26.7146911],[-81.9906396,26.7145996],[-81.9906396,26.7145928],[-81.9906061,26.7144484],[-81.990571,26.7143164],[-81.9905662,26.7142983],[-81.9904272,26.7138655],[-81.9903358,26.7137215],[-81.9902508,26.7135833],[-81.9901989,26.7135316],[-81.99016,26.7135087],[-81.9901213,26.7134974],[-81.9900181,26.7134808],[-81.9899087,26.7134873],[-81.9898631099114,26.71351048942223],[-81.98987657767647,26.711701726605177],[-81.98700766544138,26.711672840308456],[-81.98404233683438,26.713040012597844],[-81.98067776688937,26.71462017893467],[-81.98,26.714940445018605],[-81.98,26.71951877627428],[-81.98279130599063,26.718199785305657],[-81.98369214052279,26.717776708235903],[-81.9836846,26.717831],[-81.9836856,26.7179475],[-81.9837299,26.7180767],[-81.9838174,26.7181927],[-81.9839266,26.7183084],[-81.9840141,26.7184244],[-81.9841744,26.718624],[-81.9842845,26.7188498],[-81.9843948,26.7191016],[-81.9844752,26.719224],[-81.9845194,26.7193338],[-81.9845712,26.7194888],[-81.9845652,26.7196248],[-81.9845228,26.7197287],[-81.9843676,26.7201312],[-81.9843556,26.7204032],[-81.9843788,26.7205844],[-81.9844744,26.7208103],[-81.9846054,26.7209518],[-81.984844,26.7211979],[-81.9848673,26.7212219],[-81.9849267,26.7214158],[-81.9849348,26.7215258],[-81.9849067,26.7216102],[-81.9848641,26.7216817],[-81.9848141,26.7217403],[-81.9847208,26.7217863],[-81.9845841,26.7218196],[-81.9844327,26.7218206],[-81.9842377,26.7217896],[-81.9840135,26.721707],[-81.9839047,26.7216301],[-81.9838684,26.7216044],[-81.9837082,26.7214178],[-81.9836415,26.7212046],[-81.9835534,26.7210239],[-81.9835168,26.7209659],[-81.9834734,26.7209467],[-81.9834084,26.7209278],[-81.9832786,26.7209351],[-81.9830415,26.721021],[-81.9828191,26.7211484],[-81.9828196,26.7212103],[-81.9828059,26.721301],[-81.9827704,26.7213595],[-81.9827419,26.7213986],[-81.9827421,26.7214245],[-81.9827569,26.7214632],[-81.9827861,26.7215148],[-81.9828225,26.7215534],[-81.9828447,26.7216115],[-81.9828743,26.7217084],[-81.9828966,26.721786],[-81.9828898,26.7218744],[-81.9829335,26.7218764],[-81.9829768,26.721889],[-81.983049,26.721895],[-81.983114,26.7219139],[-81.983201,26.7219651],[-81.9834546,26.7221188],[-81.9837811,26.7223496],[-81.9838968,26.7223876],[-81.9840265,26.7223867],[-81.984041,26.7223931],[-81.9840844,26.7224122],[-81.9841063,26.7224315],[-81.9841355,26.7224831],[-81.9841728,26.7226253],[-81.9841811,26.7227547],[-81.9841815,26.7227936],[-81.9842184,26.7228969],[-81.9842623,26.7229743],[-81.9842917,26.7230324],[-81.9843355,26.7231033],[-81.9843503,26.723142],[-81.9843651,26.7231872],[-81.9843656,26.7232455],[-81.9843373,26.723304],[-81.9842587,26.7233952],[-81.9842304,26.7234536],[-81.9842093,26.7235185],[-81.9842249,26.7236479],[-81.9842543,26.7237125],[-81.9843564,26.7238477],[-81.9844946,26.7239957],[-81.9846251,26.7240725],[-81.9847984,26.7241101],[-81.9849861,26.7241347],[-81.9851449,26.724153],[-81.9853105,26.7241324],[-81.9853972,26.7241448],[-81.9854476,26.7241444],[-81.9855128,26.7241699],[-81.9855567,26.7242473],[-81.9855791,26.7243378],[-81.985616,26.7244346],[-81.9856427,26.7244874],[-81.9856453,26.7244927],[-81.9857108,26.724557],[-81.9858124,26.724634],[-81.9858417,26.7246856],[-81.9858493,26.7247308],[-81.9858284,26.7248216],[-81.9858073,26.7248865],[-81.9857789,26.7249385],[-81.9857218,26.7250037],[-81.9856789,26.7250428],[-81.9856286,26.7250626],[-81.9855492,26.7250502],[-81.9854841,26.7250247],[-81.985462,26.7249666],[-81.9854543,26.7249149],[-81.9854395,26.7248761],[-81.9854322,26.7248568],[-81.9853745,26.7248636],[-81.9853314,26.7248834],[-81.9852237,26.7249294],[-81.985152,26.7249817],[-81.9850878,26.7250599],[-81.9850094,26.725164],[-81.9849668,26.725242],[-81.9849604,26.7253327],[-81.9849467,26.725417],[-81.9849403,26.7255076],[-81.9849191,26.725566],[-81.9848978,26.7256051],[-81.9848336,26.7256832],[-81.9847479,26.7257809],[-81.984727,26.7258652],[-81.9847351,26.7259688],[-81.9847463,26.7261916],[-81.9848341,26.726546],[-81.984841,26.726574],[-81.984878,26.7267233],[-81.9848858,26.726812],[-81.9848445,26.7269328],[-81.9846484,26.7271244],[-81.9843958,26.7273164],[-81.9842418,26.72745],[-81.9841085,26.7275656],[-81.9840178,26.7276994],[-81.9840122,26.7278643],[-81.9840559,26.7280226],[-81.9841702,26.728174],[-81.9843624,26.7283565],[-81.9843982,26.7284133],[-81.9844271,26.7284892],[-81.984449,26.7285652],[-81.9844422,26.728595],[-81.9845767,26.7286404],[-81.9846762,26.7287158],[-81.9847263,26.7287915],[-81.9847347,26.7289436],[-81.9847214,26.7290389],[-81.9847223,26.7291467],[-81.9847229,26.7292101],[-81.9847302,26.7292417],[-81.9848085,26.7293173],[-81.9848582,26.7293423],[-81.9849571,26.7293479],[-81.9850062,26.7293095],[-81.9850482,26.7292712],[-81.9851514,26.7289471],[-81.9851649,26.7288836],[-81.9851928,26.7288327],[-81.9852773,26.7288067],[-81.9853833,26.7288187],[-81.985537,26.7288307],[-81.9857602,26.7283704],[-81.9857864,26.7282937],[-81.9858047,26.7282404],[-81.9858113,26.7281243],[-81.985755,26.7278992],[-81.9857135,26.7278081],[-81.9856283,26.7277453],[-81.9855007,26.7276955],[-81.9852251,26.727672],[-81.9850554,26.7276415],[-81.9850128,26.7276164],[-81.9849772,26.7275786],[-81.9849626,26.727528],[-81.9849692,26.7274709],[-81.9850112,26.7274326],[-81.9850746,26.7274068],[-81.9851378,26.7273746],[-81.9852152,26.727336],[-81.9852992,26.727253],[-81.9854242,26.7270048],[-81.9854444,26.7268969],[-81.9855066,26.7267379],[-81.9855275,26.7267208],[-81.9857565,26.7265185],[-81.9859069,26.7264009],[-81.9859932,26.7263679],[-81.9860796,26.7263608],[-81.986159,26.7263668],[-81.9862094,26.7263599],[-81.9862168,26.7263563],[-81.9862884,26.7263205],[-81.9863167,26.7262621],[-81.9863523,26.7262036],[-81.9863591,26.7261582],[-81.9864806,26.7260343],[-81.9866166,26.7259168],[-81.9867024,26.7258321],[-81.9867883,26.7257603],[-81.9870468,26.7256661],[-81.9871039,26.7255703],[-81.9871103,26.7254796],[-81.9871021,26.7253631],[-81.9870797,26.7252791],[-81.9870501,26.7251887],[-81.9869699,26.7250856],[-81.9869184,26.7249694],[-81.9868957,26.7248401],[-81.986895,26.7247559],[-81.9869015,26.7246782],[-81.9869081,26.7246069],[-81.9869002,26.7245293],[-81.9868709,26.7244712],[-81.9867618,26.7243684],[-81.9867182,26.7243299],[-81.9866529,26.7242785],[-81.9866309,26.7242398],[-81.9866305,26.7241945],[-81.9866298,26.7241039],[-81.9866581,26.7240454],[-81.9867093,26.7239651],[-81.9865773,26.7238776],[-81.9864462,26.7237231],[-81.9863369,26.7235879],[-81.9862711,26.7234848],[-81.9859372,26.7232217],[-81.985696,26.7230029],[-81.985524,26.7229655],[-81.9854301,26.7229403],[-81.9853865,26.7229082],[-81.9853501,26.7228631],[-81.985306,26.7227728],[-81.9852984,26.7227275],[-81.9852763,26.7226694],[-81.9852399,26.7226308],[-81.9852107,26.7225792],[-81.9851889,26.72256],[-81.9851454,26.7225408],[-81.9850661,26.7225349],[-81.9849796,26.7225355],[-81.9848927,26.7224973],[-81.9848201,26.7224395],[-81.9847979,26.7223684],[-81.9847974,26.7223102],[-81.984804,26.7222454],[-81.9848037,26.722208],[-81.9848384,26.7221568],[-81.9850435,26.7220071],[-81.9851884,26.7220032],[-81.9851986,26.722016],[-81.985264,26.7220739],[-81.9853439,26.7221445],[-81.985417,26.7222605],[-81.9854393,26.7223381],[-81.9855052,26.7224607],[-81.9855708,26.7225379],[-81.9856852,26.72267],[-81.985752,26.7226532],[-81.9858459,26.7226655],[-81.9859543,26.7226906],[-81.9860772,26.7227286],[-81.9861928,26.7227667],[-81.9862352,26.7227731],[-81.9863156,26.7227852],[-81.986467,26.7227842],[-81.9865966,26.7227638],[-81.9867044,26.7227307],[-81.9867978,26.7226912],[-81.9869633,26.7226512],[-81.9871002,26.7226438],[-81.9872302,26.7226623],[-81.987353,26.7226938],[-81.9874399,26.7227385],[-81.9875557,26.7227895],[-81.9876423,26.7227954],[-81.9877432,26.7227947],[-81.9878151,26.7227618],[-81.9878722,26.7227032],[-81.9879147,26.7226058],[-81.9879355,26.7225214],[-81.9878946,26.7223548],[-81.9878608,26.7222177],[-81.9877284,26.7219078],[-81.9877127,26.7217655],[-81.9877188,26.7216295],[-81.9877816,26.7213959],[-81.9877957,26.721357],[-81.9877952,26.7212987],[-81.9877729,26.7212212],[-81.9877504,26.7211242],[-81.987721,26.7210532],[-81.9876122,26.7209763],[-81.9873515,26.7208421],[-81.9869388,26.7206507],[-81.9868375,26.7206061],[-81.9867725,26.7205872],[-81.9866787,26.7205813],[-81.9865922,26.7205884],[-81.9864631,26.7206605],[-81.9863552,26.7206937],[-81.9862471,26.7206944],[-81.9861678,26.720695],[-81.9860739,26.7206762],[-81.9860088,26.7206572],[-81.9859001,26.7205932],[-81.9858204,26.720542],[-81.9857477,26.7204777],[-81.9856678,26.7204006],[-81.9856379,26.7202843],[-81.9855195,26.7199355],[-81.9855193,26.7199031],[-81.9855257,26.7198189],[-81.9855469,26.7197605],[-81.9856042,26.7197212],[-81.9856759,26.7196689],[-81.9858268,26.7196096],[-81.9859209,26.7195801],[-81.9858406,26.7195448],[-81.9858044,26.7195191],[-81.9857537,26.7195],[-81.9856095,26.719501],[-81.9854582,26.7195086],[-81.9854149,26.7195024],[-81.9853498,26.7194834],[-81.9852991,26.7194514],[-81.9852553,26.719387],[-81.9852186,26.719316],[-81.9851891,26.7192385],[-81.9851667,26.7191545],[-81.9851658,26.7190444],[-81.9851866,26.7189472],[-81.9852219,26.7188627],[-81.9852643,26.7187653],[-81.9853955,26.7185629],[-81.9853337,26.7184541],[-81.9847813,26.717927],[-81.9845266,26.7176568],[-81.9844756,26.7175989],[-81.9844321,26.7175668],[-81.9843238,26.7175481],[-81.9842446,26.7175552],[-81.9841365,26.7175689],[-81.9841334920192,26.71756942744108],[-81.98563988786765,26.716861948410575],[-81.98565316388724,26.71690192923506],[-81.98606795950064,26.71760495926735],[-81.9861958440153,26.717745722897575],[-81.9861928,26.7177488],[-81.9861718,26.7178137],[-81.9861724,26.7178849],[-81.9861949,26.7179819],[-81.9863479,26.7181751],[-81.9864651,26.7183879],[-81.9864875,26.7184719],[-81.9864813,26.7185885],[-81.9864532,26.7186794],[-81.9863198,26.7188288],[-81.9863691,26.7189584],[-81.9864062,26.7190811],[-81.9864573,26.7191585],[-81.9865227,26.7192098],[-81.9866237,26.7192221],[-81.9867102,26.719215],[-81.9867531,26.7191823],[-81.9868032,26.7191366],[-81.9868388,26.7190781],[-81.9868453,26.7190004],[-81.9868591,26.7189291],[-81.9868799,26.7188318],[-81.9869224,26.7187473],[-81.9869723,26.7186758],[-81.9870368,26.71863],[-81.9871231,26.71861],[-81.98716199570356,26.71861719435862],[-81.98731337859235,26.718729340041786],[-81.98743929970294,26.718790159208027],[-81.987442,26.7187955],[-81.9874354,26.7188733],[-81.9874291,26.7189769],[-81.987387,26.7191067],[-81.9872222,26.7193393],[-81.9872879,26.7193275],[-81.9874031,26.7193073],[-81.9875688,26.7192867],[-81.9876768,26.719273],[-81.9878138,26.7192785],[-81.9879222,26.7193101],[-81.9880019,26.7193549],[-81.9880455,26.7193934],[-81.9881399,26.7194705],[-81.9882487,26.7195474],[-81.9883284,26.7195857],[-81.9884439,26.7196043],[-81.9886169,26.7195966],[-81.9887899,26.7196019],[-81.988826,26.7196017],[-81.9889198,26.719614],[-81.9889416,26.7196332],[-81.9889778,26.7196524],[-81.9890438,26.719775],[-81.9890659,26.7198266],[-81.9891171,26.7199104],[-81.9891753,26.7199812],[-81.9892696,26.7200453],[-81.9893492,26.7200707],[-81.9895295,26.7200824],[-81.9895328,26.7200893],[-81.98976,26.7200613],[-81.9898605,26.7200088],[-81.9899393,26.71995],[-81.9899745,26.7198526],[-81.9899591,26.7197362],[-81.9899153,26.7196718],[-81.9898716,26.7196203],[-81.9898135,26.7195754],[-81.9897483,26.719537],[-81.98955699460231,26.71939744330568],[-81.98983122706845,26.71942259379683],[-81.99352798252582,26.71943566115167],[-81.9935748790319,26.71987730317609],[-81.99382899400135,26.720636217988595],[-81.99424375348009,26.721336379344216],[-81.99480326902253,26.721950961040967],[-81.99483266455337,26.721972720439727],[-81.9946407,26.7220286],[-81.9943795,26.7219719],[-81.9941703,26.7219031],[-81.9939881,26.7219395],[-81.9936771,26.7217351],[-81.9937205,26.7217812],[-81.9937557,26.721866],[-81.9937653,26.7219819],[-81.9937319,26.7220981],[-81.9936551,26.722176],[-81.9933723,26.7223326],[-81.9932439,26.7224108],[-81.9931413,26.7224966],[-81.9930478,26.7226364],[-81.9930409,26.7228297],[-81.9930171,26.7230618],[-81.9931472,26.7231769],[-81.9932517,26.7233076],[-81.99333,26.7234076],[-81.9934,26.7235385],[-81.9934351,26.7236156],[-81.9934554,26.723703],[-81.9935136,26.723731],[-81.9938694,26.7240455],[-81.9942154,26.7242286],[-81.994362,26.7242585],[-81.9944996,26.7242421],[-81.9945424,26.7242186],[-81.9945937,26.7241719],[-81.9946447,26.7240942],[-81.9946523,26.7239859],[-81.9946415,26.7237231],[-81.9944749,26.7233841],[-81.9943964,26.7232609],[-81.9943609,26.7231452],[-81.9943081,26.7230064],[-81.9942643,26.7229217],[-81.9942033,26.7228448],[-81.994108,26.7227759],[-81.994056,26.7227376],[-81.9939952,26.7226684],[-81.9939428,26.7225915],[-81.9939424,26.7225451],[-81.9939937,26.7225061],[-81.9940625,26.7224901],[-81.9940969,26.7224899],[-81.9942003,26.7224969],[-81.9942693,26.7225119],[-81.99433,26.7225578],[-81.9947992,26.7230494],[-81.9951642,26.7234411],[-81.9953374,26.7235559],[-81.9954236,26.7235707],[-81.9954565,26.7235754],[-81.9956305,26.7236002],[-81.9957252,26.7235995],[-81.9958884,26.723552],[-81.9959828,26.7235127],[-81.9960169,26.7234815],[-81.9960594,26.7234194],[-81.9960846,26.7233419],[-81.9960922,26.7232258],[-81.9960391,26.7230639],[-81.9959598,26.7228557],[-81.9958135,26.7227335],[-81.9958037,26.7227253],[-81.9957001,26.7226951],[-81.9955448,26.7226498],[-81.9953983,26.7226354],[-81.9952433,26.7226365],[-81.9950625,26.7226377],[-81.9948985,26.7225925],[-81.9948209,26.7225698],[-81.9947775,26.7225392],[-81.9947427,26.7224931],[-81.9947335,26.7224313],[-81.9947418,26.7223848],[-81.9947411,26.7223153],[-81.9947666,26.7222687],[-81.9948866,26.722206],[-81.9950594921439,26.722140624602428],[-81.99548610494918,26.722456415400632],[-81.99626609948969,26.722833375673652],[-81.99711336720416,26.723067398263375],[-81.99799544426271,26.723149516297305],[-82.00168760542388,26.723168680765433],[-82.00168880267174,26.726539784168423],[-82.0017767749562,26.72733209299604],[-82.00203672620665,26.728093684161966],[-82.00245859758414,26.728795078136617],[-82.00302606186271,26.729409124976204],[-82.00371715509559,26.729912055411784],[-82.00450512666029,26.730284401120393],[-82.00535947479716,26.73051174852042],[-82.00624712754149,26.730585296877205],[-82.01428406159434,26.730541814125793],[-82.01826746078021,26.730525826342102],[-82.01822081437015,26.73321570380287],[-82.0180719,26.7332791],[-82.0176919,26.7334913],[-82.0174286,26.7336932],[-82.0171863,26.7338759],[-82.0169335,26.7340777],[-82.0168065,26.7341072],[-82.016584,26.7341278],[-82.0163291,26.7340916],[-82.0161697,26.7340641],[-82.0160316,26.7340365],[-82.0159041,26.7340089],[-82.015692,26.7340104],[-82.0155224,26.7340211],[-82.0153427,26.7340891],[-82.014013,26.7348414],[-82.0136958,26.734958],[-82.0141448,26.7348229],[-82.0148771,26.7344907],[-82.0156167,26.7342249],[-82.0162371,26.7342084],[-82.0168034,26.734174],[-82.0170867,26.7341781],[-82.0171764,26.7342836],[-82.017253,26.7342183],[-82.0172558,26.7342163],[-82.0176102,26.7339775],[-82.0176958,26.7339199],[-82.0178538,26.7338044],[-82.0180753,26.7336695],[-82.01821368204264,26.73362699133851],[-82.0180817598249,26.74123432059817],[-82.0181593104686,26.742045065847723],[-82.01817557407666,26.742094343591354],[-82.0180877,26.7421092],[-82.0176857,26.7421216],[-82.0173685,26.7421428],[-82.0172304,26.7421108],[-82.0172546,26.7421337],[-82.0173877,26.7422513],[-82.0174702,26.7424394],[-82.0175646,26.74245],[-82.0176644,26.7424493],[-82.0177497,26.742423],[-82.018006,26.74237],[-82.0180914,26.7423502],[-82.0182014,26.7423348],[-82.0182414,26.7424882],[-82.0181832,26.7426249],[-82.0180375,26.7428315],[-82.0181682,26.7428306],[-82.0182762,26.7428419],[-82.0184224,26.7428573],[-82.01843707503753,26.742859495368993],[-82.01884413942916,26.743544273699477],[-82.01942373750096,26.744172125327175],[-82.02013227070441,26.744683739319807],[-82.02094109429342,26.74505843092891],[-82.02181750765949,26.745281051056104],[-82.02272607667788,26.745342598912163],[-82.03091777684492,26.74515948574681],[-82.03175150291753,26.745071353931937],[-82.03255271467083,26.744847392024877],[-82.03329391147035,26.74449528732569],[-82.03394965323187,26.74402712543436],[-82.03449743377304,26.743458975312116],[-82.03478081175278,26.743022394065743],[-82.03476119288794,26.743828517135196],[-82.03466072670855,26.746538519222728],[-82.03466039489824,26.74654779064673],[-82.0345895983719,26.748599598419972],[-82.03455379215487,26.749597029215586],[-82.0341465,26.7495938],[-82.0335823,26.7495979],[-82.033124,26.7496223],[-82.0329957,26.7497288],[-82.0329384,26.7498981],[-82.0329649,26.7502251],[-82.0329553,26.7504679],[-82.033065,26.7508998],[-82.032948,26.7509534],[-82.0327772,26.7502687],[-82.0326926,26.750016],[-82.0326125,26.7502593],[-82.0324364,26.7502817],[-82.0322939,26.7501244],[-82.0321292,26.7501151],[-82.0320635,26.7506433],[-82.032042,26.7508756],[-82.0320085,26.7510658],[-82.0319404,26.7513407],[-82.0321292,26.7514132],[-82.0324233,26.7514322],[-82.032612,26.7515047],[-82.0328236,26.7515032],[-82.0329286,26.7514074],[-82.0329745,26.751291],[-82.0330215,26.7512906],[-82.0331051,26.7514272],[-82.0332466,26.751479],[-82.0334234,26.7515305],[-82.0336467,26.7515183],[-82.0339758,26.7515159],[-82.0341405,26.7515252],[-82.0343402,26.7515132],[-82.03448699663565,26.75145770910309],[-82.03445799760233,26.752265516553372],[-82.03445767096147,26.752274959454283],[-82.03439692748357,26.754100000878015],[-82.03439492831627,26.754217318543102],[-82.0343931276574,26.756455404312334],[-82.03437953025951,26.758729848395713],[-82.03446501379034,26.759534028609796],[-82.03472767128392,26.760307028590578],[-82.03515704091645,26.761018049056243],[-82.03573601755063,26.761638759680377],[-82.03644153392182,26.762144428068595],[-82.03724547959058,26.762514905423252],[-82.03811582106529,26.76273542958382],[-82.03901787844586,26.7627972134065],[-82.05468153272656,26.762468836058634],[-82.05533018324209,26.76247263038402],[-82.05712243377955,26.76248276266567],[-82.06069704984532,26.76250277918619],[-82.06323543858699,26.762517149385246],[-82.06412834943885,26.76244298028719],[-82.06498742550555,26.76221328916256],[-82.06577903393193,26.761837068508246],[-82.06647218400175,26.761329047391445],[-82.06703974063258,26.760709114647533],[-82.06745948672877,26.760001540053096],[-82.0685774657659,26.757559250477087],[-82.06879150641757,26.756964032876148],[-82.069600419627,26.753925414835276],[-82.0697006382753,26.753393513373453],[-82.06978093194417,26.752678880013885],[-82.06997984039671,26.75090711490203],[-82.06999223585436,26.750774896345757],[-82.07011736326531,26.749112852193218],[-82.07025783583845,26.7489328209314],[-82.07063367684803,26.748116240615005],[-82.07213507828075,26.74346511436088],[-82.07247306579615,26.74254832643185],[-82.07249091166533,26.74249885183398],[-82.07594663188989,26.73270246969839],[-82.07607627260178,26.732336382228663],[-82.0789176357722,26.728457361290438],[-82.07897623317237,26.728377276832433],[-82.07908055531233,26.728227684184258],[-82.07941407843018,26.7277253738363],[-82.08046006852037,26.7261501713009],[-82.09,26.75],[-82.16,26.78],[-82.24,26.72],[-82.27,26.6]],[[-82.06967704511682,26.698923483722712],[-82.067947,26.698884],[-82.067163,26.698284],[-82.067132,26.698201],[-82.067138,26.698135],[-82.06731,26.698333],[-82.067408,26.69835],[-82.067494,26.6983],[-82.067592,26.698218],[-82.067604,26.698185],[-82.06761,26.698278],[-82.067966,26.698245],[-82.068505,26.698262],[-82.068848,26.698322],[-82.069032,26.698333],[-82.069222,26.698372],[-82.069491,26.698482],[-82.06954059430605,26.698468647686834],[-82.06967704511682,26.698923483722712]],[[-82.05203323432879,26.635166171643938],[-82.0518312972886,26.63519969002682],[-82.05169983536676,26.63501443159279],[-82.05113897358703,26.634473794686166],[-82.05047769117611,26.634033088400695],[-82.04973793760578,26.633706940102424],[-82.04915949429092,26.63356061890877],[-82.04911603452086,26.633139146357756],[-82.0488663483214,26.63238302111798],[-82.04845740462828,26.63168451590111],[-82.04790472499506,26.631070137951056],[-82.04722928456421,26.63056320160949],[-82.04645671594042,26.630182943757614],[-82.04561633651527,26.629943794000706],[-82.04474003614263,26.629854827257688],[-82.04340454300177,26.62983627572404],[-82.04260797497494,26.62982520440319],[-82.04221695254934,26.62981976738645],[-82.04213902520367,26.62981928335436],[-82.04088116595095,26.62982114248786],[-82.04049247657484,26.629855147992558],[-82.04013703993516,26.629822272551955],[-82.03855676475033,26.629818692293192],[-82.03803291247513,26.629817557534132],[-82.03800757780057,26.629817565975856],[-82.03748018291441,26.629819059840706],[-82.03702569889685,26.629860303788707],[-82.0365013257267,26.629810563009443],[-82.03619410629749,26.629808287758795],[-82.03609964085429,26.625494600646245],[-82.0360506174009,26.622558819881313],[-82.03605987485967,26.618877756186222],[-82.03859509108061,26.61884631686297],[-82.0396523243162,26.618910066393273],[-82.0402580638929,26.618890259503313],[-82.0402516,26.6195358],[-82.0402458,26.6195984],[-82.0402338,26.6196126],[-82.0399306,26.6198008],[-82.0397595,26.6199884],[-82.039777,26.6200128],[-82.0397787,26.6200228],[-82.0397775,26.6200988],[-82.0397687,26.6201129],[-82.0397038,26.620171],[-82.0396857,26.6201785],[-82.0394443,26.6201941],[-82.0394025,26.6202206],[-82.0393961,26.6203438],[-82.0393722,26.6204137],[-82.0394228,26.6204373],[-82.0395523,26.6205248],[-82.039674,26.6205784],[-82.0397268,26.6205508],[-82.0397183,26.6204487],[-82.0397249,26.6203466],[-82.039777,26.6202441],[-82.039852,26.6201618],[-82.0399188,26.6200116],[-82.0402755,26.6200907],[-82.0404656,26.620171],[-82.0404630295417,26.618883557395332],[-82.04059063446137,26.618879384881765],[-82.0415016775009,26.61867630042226],[-82.04234625389311,26.618309551207506],[-82.04308802480698,26.61779491737818],[-82.0436950759712,26.617154541861577],[-82.04414129090006,26.61641597740543],[-82.04440747438562,26.615611000859474],[-82.04448217794067,26.61477424577158],[-82.04437577681297,26.61085188510663],[-82.04644706696024,26.610838599642374],[-82.04715299478406,26.610764973920283],[-82.05203323432879,26.635166171643938]],[[-82.0252114,26.7374692],[-82.0252005,26.7375991],[-82.0251773,26.7376966],[-82.025124,26.7377997],[-82.025077,26.7379244],[-82.025042,26.7380544],[-82.0250191,26.7381844],[-82.0249721,26.7383199],[-82.0249189,26.7384284],[-82.0248235,26.7385427],[-82.0247812,26.7385739],[-82.024618,26.738694],[-82.024587,26.7386998],[-82.0243369,26.7387413],[-82.0242356,26.7387957],[-82.0241573,26.7388016],[-82.024091,26.7387967],[-82.0240365,26.7387539],[-82.0239759,26.7387218],[-82.0238796,26.7387279],[-82.0238197,26.7387662],[-82.0237776,26.7387719],[-82.0237415,26.7387722],[-82.0237053,26.7387671],[-82.0236749,26.7387348],[-82.0236683,26.73867],[-82.0236557,26.7386106],[-82.0236489,26.7385133],[-82.0236839,26.7383941],[-82.0236893,26.7383184],[-82.0236826,26.7382481],[-82.0236338,26.7381728],[-82.0236095,26.7381513],[-82.023555,26.7381192],[-82.0234824,26.7380873],[-82.0234278,26.738039],[-82.0234092,26.7379743],[-82.0234548,26.7376874],[-82.0234891,26.737487],[-82.0236018,26.737297],[-82.0236672,26.7371992],[-82.0237748,26.7371119],[-82.0239069,26.7370676],[-82.0240692,26.737034],[-82.0242977,26.7369945],[-82.02461,26.7368895],[-82.0247476,26.7367858],[-82.0248375,26.7367365],[-82.0248973,26.7366982],[-82.0249092,26.7366981],[-82.0249455,26.7366978],[-82.0249997,26.7366974],[-82.0250361,26.7367296],[-82.0250367,26.7367891],[-82.025037,26.7368216],[-82.0250438,26.736908],[-82.0250932,26.7370483],[-82.0251487,26.7371939],[-82.025192,26.7373233],[-82.0252114,26.7374692]],[[-82.0240992,26.7300644],[-82.0240582,26.7302266],[-82.0240483,26.7303029],[-82.0240199,26.7303637],[-82.0240171,26.7303698],[-82.0239221,26.7304276],[-82.0238268,26.7304473],[-82.0237107,26.7305053],[-82.0235842,26.7305919],[-82.0235216,26.7307067],[-82.0234485,26.730831],[-82.0234316,26.7308498],[-82.023354,26.7309364],[-82.0232697,26.7310037],[-82.0231323,26.7310523],[-82.0230051,26.7310628],[-82.0228775,26.7310256],[-82.0227924,26.7309976],[-82.02279101681246,26.730997610874116],[-82.022809042423,26.72995575496746],[-82.02281268624057,26.72975563702621],[-82.0230354,26.7297102],[-82.023099,26.7297002],[-82.0231838,26.7296996],[-82.0232794,26.729718],[-82.0234391,26.7297835],[-82.0237897,26.7298571],[-82.0240348,26.7299792],[-82.0240992,26.7300644]],[[-82.023778,26.7367982],[-82.0237488,26.7368957],[-82.0236418,26.7370479],[-82.0234984,26.7371787],[-82.0233199,26.737418],[-82.0232071,26.7376026],[-82.0230456,26.7377336],[-82.0229378,26.7377992],[-82.0227276,26.7378602],[-82.02267217585326,26.737866457564955],[-82.02270616354102,26.735902015186213],[-82.0228832,26.7361136],[-82.0228742,26.7360747],[-82.0228797,26.7360098],[-82.0229153,26.7359609],[-82.0229632,26.7359281],[-82.0230234,26.7359168],[-82.0230956,26.7359163],[-82.0231501,26.7359483],[-82.0232106,26.7359804],[-82.0232956,26.7360554],[-82.0233685,26.7361198],[-82.0234293,26.7361843],[-82.0235569,26.7363185],[-82.0237408,26.7366741],[-82.0237592,26.7367064],[-82.023778,26.7367982]],[[-82.0228772,26.7357394],[-82.0228717,26.7357935],[-82.0227999,26.7358427],[-82.022728,26.7358865],[-82.02270636526704,26.735890355694984],[-82.02271217451997,26.735554588733255],[-82.0227796,26.7355995],[-82.0228585,26.7356639],[-82.0228772,26.7357394]],[[-82.00213116275435,26.711819909615297],[-82.00213044949355,26.712246724108116],[-82.0020184,26.7120494],[-82.0020391,26.7118259],[-82.00213116275435,26.711819909615297]],[[-81.99812129093355,26.540772904600487],[-81.9979717,26.5406812],[-81.9978429,26.540656],[-81.9976554,26.540631],[-81.997697,26.539853],[-81.99768965396046,26.53980172141102],[-81.99812129093355,26.540772904600487]],[[-81.9973162305996,26.53896151884907],[-81.997231,26.53894],[-81.9970804,26.5389708],[-81.9968646,26.5390024],[-81.9967629,26.539055],[-81.9963502,26.5391112],[-81.9961957,26.5391413],[-81.995992,26.5390376],[-81.9959689,26.5390258],[-81.9958907,26.5390682],[-81.9957657,26.5390275],[-81.9956579,26.5390961],[-81.995475,26.5391342],[-81.995292,26.539101],[-81.99523,26.539172],[-81.995169,26.539194],[-81.995041,26.539315],[-81.99492,26.5394073],[-81.994796,26.539447],[-81.99457,26.53942],[-81.994417,26.539453],[-81.994043,26.539437],[-81.99386,26.539585],[-81.993774,26.539596],[-81.993701,26.53953],[-81.993664,26.53936],[-81.993603,26.539294],[-81.99348,26.539288],[-81.993413,26.539305],[-81.993364,26.539343],[-81.993334,26.539398],[-81.99326,26.53958],[-81.993187,26.539646],[-81.992808,26.539811],[-81.992795,26.539834],[-81.992704,26.539878],[-81.992428,26.540043],[-81.992067,26.54018],[-81.991841,26.540412],[-81.991015,26.540665],[-81.990752,26.540775],[-81.990263,26.540891],[-81.990085,26.540809],[-81.989712,26.540743],[-81.989388,26.540754],[-81.989119,26.540798],[-81.988758,26.541013],[-81.988336,26.541723],[-81.988287,26.541629],[-81.988696,26.540749],[-81.988635,26.540721],[-81.988629,26.540694],[-81.988666,26.540655],[-81.988739,26.54061],[-81.988892,26.540517],[-81.989155,26.54049],[-81.989394,26.54049],[-81.989944,26.540506],[-81.990269,26.540533],[-81.990507,26.540434],[-81.991137,26.540021],[-81.991358,26.539983],[-81.991627,26.539691],[-81.991975,26.539355],[-81.992232,26.539179],[-81.992826,26.538898],[-81.993046,26.53876],[-81.993449,26.538402],[-81.993731,26.538292],[-81.994153,26.537951],[-81.994287,26.537879],[-81.994355,26.537802],[-81.994526,26.537708],[-81.994703,26.537587],[-81.994795,26.537466],[-81.994899,26.537378],[-81.995015,26.537086],[-81.995137,26.536393],[-81.995357,26.535903],[-81.995455,26.535633],[-81.995516,26.535496],[-81.99568229794826,26.53528517038358],[-81.9973162305996,26.53896151884907]],[[-81.99436434038878,26.53231976587473],[-81.994187,26.532381],[-81.993954,26.532524],[-81.993698,26.5325829],[-81.993667,26.53259],[-81.993275,26.532684],[-81.992969,26.532789],[-81.992731,26.53291],[-81.992315,26.533009],[-81.992125,26.533081],[-81.991844,26.533147],[-81.99166,26.533219],[-81.991544,26.533219],[-81.991128,26.533312],[-81.990926,26.533307],[-81.990657,26.533313],[-81.990394,26.533346],[-81.989959,26.533533],[-81.989654,26.533561],[-81.989152,26.533737],[-81.988797,26.533814],[-81.988265,26.533798],[-81.987219,26.533903],[-81.986968,26.533963],[-81.986839,26.53398],[-81.986656,26.534041],[-81.986521,26.534057],[-81.985475,26.533909],[-81.985065,26.533909],[-81.984894,26.533931],[-81.984526,26.533948],[-81.983755,26.533832],[-81.983578,26.533833],[-81.983076,26.533904],[-81.98285,26.533888],[-81.982605,26.533844],[-81.982385,26.533838],[-81.98214,26.533794],[-81.981883,26.533789],[-81.9817,26.5338],[-81.98151,26.53385],[-81.981296,26.533883],[-81.9811,26.533982],[-81.980751,26.534098],[-81.980433,26.534257],[-81.980103,26.534516],[-81.97982437667834,26.534751758195252],[-81.98052124141518,26.53405739924911],[-81.98012956638742,26.533690296610775],[-81.9803552075465,26.533466036433218],[-81.98339433727493,26.53318754315517],[-81.9835246726014,26.533308998827184],[-81.98775218246713,26.533015786250246],[-81.99174281819329,26.5324225228943],[-81.99430563423657,26.532187677032258],[-81.99436434038878,26.53231976587473]],[[-81.97305766168472,26.534436249093712],[-81.97064288166538,26.538064226984055],[-81.97029664407589,26.538707478866183],[-81.97008214246897,26.539395153665588],[-81.97000605496989,26.54010584956905],[-81.97000243016906,26.540558438611928],[-81.9699222454285,26.540615949627334],[-81.96945729214495,26.5407800645366],[-81.96918557166975,26.54089193689012],[-81.96914155677375,26.540910315385712],[-81.96879431240991,26.541057343449612],[-81.96875173646464,26.541055193914836],[-81.9684795680968,26.541048794067155],[-81.96834183524321,26.541049264492973],[-81.9678865421964,26.541071376489885],[-81.96742406061327,26.54111483329834],[-81.96740371480442,26.541116786676476],[-81.96649540746508,26.54120584868785],[-81.9664444813347,26.541210842151468],[-81.96640254986482,26.54120300803293],[-81.96630844371361,26.5411863555753],[-81.96610612080886,26.54115254369205],[-81.96569318104437,26.541101019442895],[-81.96552579524129,26.5410871312222],[-81.96464907508741,26.541090717273427],[-81.96442895416386,26.541110798746896],[-81.96414561411623,26.541111721249052],[-81.96354068924678,26.54098606717833],[-81.96343121663716,26.540947639101454],[-81.96317780556127,26.54086638157925],[-81.96294883308785,26.540799768322607],[-81.96272099760677,26.540739356998206],[-81.96248894629113,26.540683715223345],[-81.96221862049822,26.54062679082537],[-81.9620866718964,26.540602803812614],[-81.96196635752953,26.540562729171903],[-81.96167395807474,26.540475362862033],[-81.96149864872349,26.540428858297403],[-81.96089190531384,26.540307763461303],[-81.96074931000287,26.54028838766096],[-81.96052709979158,26.5402632113069],[-81.96034080559164,26.54024628440745],[-81.96000293148613,26.54022697689738],[-81.95990384426962,26.540224639661716],[-81.95959103511333,26.54018853826184],[-81.95952497963992,26.540181736447966],[-81.95935515179441,26.540112424177128],[-81.95874567543545,26.53990425531099],[-81.95872425795355,26.539896995553303],[-81.95849161937471,26.539818741089817],[-81.95842806089472,26.53978799064068],[-81.95830406146153,26.53971006236799],[-81.95818363093191,26.539643532727542],[-81.9576944979825,26.53940910375946],[-81.95751309782524,26.539334588107558],[-81.95700049064497,26.53915690141091],[-81.95692208398388,26.539134520885124],[-81.95677898282385,26.539076442119097],[-81.95636356845274,26.53891753808423],[-81.95593748985715,26.538746506320322],[-81.95568632380063,26.538643298828656],[-81.95555219238749,26.538590518694228],[-81.95542859384695,26.538544005620828],[-81.95523902291225,26.538483709037266],[-81.95489815483872,26.53820590938478],[-81.95473172176669,26.53808735476687],[-81.95437567322806,26.537862654293725],[-81.95677587134388,26.537090145903527],[-81.97305766168472,26.534436249093712]],[[-81.94146366437256,26.548750143595743],[-81.9414585408768,26.548808375119744],[-81.94142178795575,26.548898178683796],[-81.94139394246217,26.548973325711177],[-81.94133509902979,26.549045260711537],[-81.94146366437256,26.548750143595743]],[[-81.93893444389478,26.55403268322107],[-81.93890989836741,26.554102402188505],[-81.93889382146509,26.55410322745091],[-81.93893444389478,26.55403268322107]],[[-81.90654353763172,26.673482603105185],[-81.9064967,26.6733517],[-81.9064236,26.6732015],[-81.9064083,26.673081],[-81.9063256,26.6729351],[-81.90615906932562,26.672706700344435],[-81.90628052537919,26.672815323449992],[-81.90632060274554,26.672869558699126],[-81.90642963477107,26.673030008642186],[-81.90643340991794,26.673042844191787],[-81.9064437294626,26.673077925740643],[-81.90645826600077,26.673127347750338],[-81.90646261901779,26.673144896116],[-81.90646747072196,26.673164459396663],[-81.90647200098726,26.673182721829438],[-81.90646701511879,26.67319338177724],[-81.906454861997,26.673195274635933],[-81.90643734622734,26.67319800337324],[-81.90645995412986,26.67323416348722],[-81.90650637524195,26.673314306365317],[-81.90652896105054,26.673386252447763],[-81.90653872789761,26.673462235513924],[-81.90654353763172,26.673482603105185]],[[-81.90600681042456,26.672640027561677],[-81.9059926,26.6726444],[-81.9059782,26.6726402],[-81.9059588,26.6726144],[-81.905905,26.672477],[-81.9058323,26.672387],[-81.9057023,26.6723103],[-81.90570222795914,26.672310256571595],[-81.90572824928475,26.67231858078142],[-81.9057952281072,26.672340007631902],[-81.90589062904482,26.672392084571932],[-81.90594589379468,26.672451096581113],[-81.90600257803257,26.672623073505903],[-81.90600681042456,26.672640027561677]],[[-81.90555884575373,26.673479608873887],[-81.9055399261412,26.6734793370609],[-81.90549801092925,26.67348171640065],[-81.90542988333478,26.673469807389655],[-81.90540368022798,26.673449156677016],[-81.90531119806025,26.673498270121122],[-81.90518180302595,26.673514347450418],[-81.90510888648174,26.673510516001222],[-81.90505316042422,26.67354624310052],[-81.90499459303702,26.67354929893747],[-81.90495786637292,26.67352451445172],[-81.9049251708479,26.6734847730838],[-81.90492577146398,26.673452277442923],[-81.90491105564516,26.673427161979866],[-81.90488619444555,26.67340341798244],[-81.90490250442501,26.6733537366623],[-81.90491651540698,26.673305602650313],[-81.90490469891445,26.67324438090693],[-81.90488903594235,26.67320809070968],[-81.90489174736942,26.673170780246217],[-81.9049021018622,26.673144995591745],[-81.90493063401712,26.67312885196014],[-81.90496108362089,26.673106004244396],[-81.90502561232263,26.67307045455604],[-81.90507407768357,26.673018560788798],[-81.90509823645051,26.67296475803334],[-81.90512297486526,26.672907345289563],[-81.9051366184247,26.672840467766715],[-81.90514028193499,26.672807113093455],[-81.90510048568979,26.67279143916907],[-81.905070264522,26.672769066270284],[-81.90503335418016,26.6727358568785],[-81.9049863161979,26.672681490248678],[-81.90491034236133,26.67267112278472],[-81.90485498442433,26.672678862770102],[-81.9048758,26.6726644],[-81.9049189,26.6726555],[-81.9050053,26.6726722],[-81.9050378,26.6726865],[-81.9050882,26.6726829],[-81.9052061,26.6727131],[-81.9052177,26.6727254],[-81.9052487,26.6727864],[-81.9052518,26.6727966],[-81.9052467,26.672817],[-81.9051973,26.6728891],[-81.9051854,26.6730199],[-81.9051799,26.6730309],[-81.9051849,26.6730558],[-81.9051818,26.6730664],[-81.9051502,26.6731252],[-81.9050522,26.6731654],[-81.905007,26.6732376],[-81.905007,26.6733151],[-81.905017,26.6733936],[-81.9050722,26.6734301],[-81.9055044,26.673436],[-81.9055224,26.6734423],[-81.905534,26.673457],[-81.9055581,26.6734783],[-81.90555884575373,26.673479608873887]],[[-81.90506882477064,26.67235897914052],[-81.90504293098772,26.672380784431393],[-81.905047770738,26.672366416343664],[-81.90506882477064,26.67235897914052]],[[-81.90485835160985,26.672582407965887],[-81.9048033,26.6726432],[-81.9045828,26.6727138],[-81.9044052,26.6727359],[-81.9042211,26.6727249],[-81.9040493,26.6727077],[-81.9038729,26.6726546],[-81.9038594,26.6726536],[-81.9038289,26.6726413],[-81.9038158,26.6726374],[-81.9037782,26.6726404],[-81.9037543,26.672694],[-81.9039656,26.6730995],[-81.9043168,26.6733777],[-81.904509,26.67343],[-81.9045927,26.67343],[-81.9046278,26.6734028],[-81.9046451,26.6733647],[-81.9046311,26.6733159],[-81.9045908,26.6732706],[-81.90448701301631,26.673222739681094],[-81.90454508443396,26.673232276968864],[-81.90458661851818,26.673231444697908],[-81.90462410813765,26.67325794923151],[-81.9046483415333,26.673346687648298],[-81.90465767159745,26.67340515573833],[-81.9046467329042,26.67343988196708],[-81.90462087739897,26.67346049697645],[-81.90455483082064,26.67348091349314],[-81.90446639047839,26.67350183210792],[-81.90439118027955,26.673493183416394],[-81.90430928308403,26.67347111945995],[-81.90418836390799,26.67342169051721],[-81.90414878089005,26.673380397281782],[-81.90408278360789,26.67334183730676],[-81.90397068003598,26.673278830110412],[-81.90400169597477,26.673161816394508],[-81.90384392300106,26.67300658560959],[-81.9038145130269,26.672957587412117],[-81.9038120692083,26.672874281867596],[-81.90379431851304,26.672831290189443],[-81.90378548998076,26.67281147952174],[-81.90377758597126,26.67279499914408],[-81.90376524805536,26.672769277726314],[-81.90374789441638,26.67271530356258],[-81.90373924698622,26.672690415027766],[-81.90372667470683,26.672657864430935],[-81.90372442441581,26.672631328485085],[-81.90373958670891,26.672613648844052],[-81.90376988915115,26.672603462853292],[-81.90380167133031,26.6726006294758],[-81.90383878749368,26.67260117630097],[-81.90385849663006,26.672604204299244],[-81.903876840055,26.672625642457387],[-81.9038879971909,26.672645727278244],[-81.90391222049429,26.672659352053653],[-81.90394099990748,26.67265869096005],[-81.9039713007685,26.672649186382824],[-81.90403567357767,26.67264991043329],[-81.90404889135921,26.672656751085068],[-81.90409548675726,26.67267036205382],[-81.90414853965068,26.67267622409253],[-81.90422919939192,26.672676758666977],[-81.90436131176318,26.672668501386678],[-81.90456284081935,26.672680978056214],[-81.90473290078626,26.672638736221916],[-81.90476927145065,26.672622405624995],[-81.90485835160985,26.672582407965887]],[[-81.9046734372105,26.672804117049452],[-81.90467252403741,26.672805424458097],[-81.90461316942697,26.672833755817102],[-81.90454578239763,26.672853656051682],[-81.9044877757006,26.672872703292434],[-81.90443528809917,26.67287000785205],[-81.9044364,26.6728696],[-81.9045368,26.6728431],[-81.9046734372105,26.672804117049452]],[[-81.90429756092618,26.673147956351933],[-81.904213,26.6731165],[-81.9041262,26.6730525],[-81.9041067,26.6730052],[-81.9041065,26.6729794],[-81.9041159,26.6729621],[-81.9041446,26.672949],[-81.9041925,26.6729487],[-81.9042453,26.6729483],[-81.90425831777443,26.672945635897324],[-81.90425191703478,26.672951122449607],[-81.9042090349122,26.672963817392432],[-81.90418533061025,26.67296139238816],[-81.90416487168451,26.672973066261804],[-81.90414861103815,26.673011489494087],[-81.90415773222642,26.673031040389546],[-81.90416710313478,26.67305112669031],[-81.90424450649428,26.673116011210173],[-81.90429756092618,26.673147956351933]],[[-81.9035414499875,26.67194266148197],[-81.90352285985853,26.67200449000575],[-81.90351326639953,26.67203182302693],[-81.90348338812615,26.67205983004437],[-81.9034709586573,26.672074546336738],[-81.903502,26.6719897],[-81.9035017,26.6719485],[-81.903474,26.6718936],[-81.9034328,26.6718572],[-81.9033784,26.6718636],[-81.9033375,26.67187],[-81.9033174,26.6719069],[-81.9032767,26.6719377],[-81.9031682,26.6719935],[-81.903146822089,26.67199815620879],[-81.90320251356388,26.671956987983215],[-81.90322932977926,26.671931214661274],[-81.90329548578941,26.671900576965914],[-81.90332627177983,26.671857676920897],[-81.90334738423184,26.67184051404099],[-81.90343835014633,26.671794637530173],[-81.90348389245709,26.671827079681332],[-81.90352309638027,26.671888152271087],[-81.9035414499875,26.67194266148197]],[[-81.90340036700904,26.672229692096632],[-81.90339922049829,26.67223463936244],[-81.9033758324616,26.672279158288188],[-81.9033656345,26.67229520871772],[-81.90340036700904,26.672229692096632]],[[-81.90311491434576,26.67200510586419],[-81.9030525,26.6720187],[-81.90299614936878,26.672019067703957],[-81.90305891590788,26.672002880790014],[-81.90311491434576,26.67200510586419]],[[-81.90290406225573,26.67202354967094],[-81.9028074,26.6720387],[-81.9027056,26.6720883],[-81.90269295601544,26.672094541457344],[-81.90274421433551,26.672058078593697],[-81.90287078449026,26.67201763063942],[-81.90290406225573,26.67202354967094]],[[-81.90230372274792,26.672318412830453],[-81.9022511,26.6723544],[-81.90212809029184,26.672393406122577],[-81.90221077482576,26.67235745536565],[-81.90230372274792,26.672318412830453]],[[-81.90210001533492,26.672402308633014],[-81.902054,26.6724169],[-81.90191693692651,26.672461481214278],[-81.90203235519171,26.67241063506206],[-81.90210001533492,26.672402308633014]],[[-81.90188641560034,26.672471408598415],[-81.9017278,26.672523],[-81.9014624,26.6725614],[-81.90143308761074,26.67256347507737],[-81.90143301649636,26.672561764936205],[-81.9015323054025,26.672524125267486],[-81.9017322753787,26.672513460588476],[-81.90188641560034,26.672471408598415]],[[-81.90043332020093,26.67285871477416],[-81.900431,26.6728612],[-81.90032089049993,26.673041651432445],[-81.90031268834942,26.672857803570587],[-81.90043332020093,26.67285871477416]]],[[[-82.05230080203438,26.715331536553016],[-82.05129566897811,26.715332229250958],[-82.05029053690212,26.715332914829695],[-82.04928540480138,26.715333592386976],[-82.04828027167193,26.715334263728277],[-82.04826820985765,26.717085325995228],[-82.05128204773239,26.717077733253017],[-82.05228665957348,26.717075188717335],[-82.05230080203438,26.715331536553016]]],[[[-82.0472168,26.6379931],[-82.047214,26.6378833],[-82.047214,26.6377502],[-82.0471796,26.6376786],[-82.047151,26.6376683],[-82.0427508,26.6376709],[-82.0426935,26.6376888],[-82.0426478,26.6377195],[-82.0426277,26.6377911],[-82.0426163,26.6379369],[-82.0426392,26.6380033],[-82.042705,26.6380391],[-82.0455355,26.6380399],[-82.0471598,26.6380424],[-82.0472025,26.6380212],[-82.0472168,26.6379931]]],[[[-82.036615,26.613799],[-82.036468,26.613111],[-82.036401,26.612709],[-82.036193,26.612467],[-82.035997,26.612307],[-82.035562,26.612125],[-82.03536,26.612142],[-82.035268,26.612219],[-82.035103,26.612302],[-82.03495,26.612153],[-82.03495,26.612076],[-82.034834,26.612076],[-82.03468,26.612109],[-82.034478,26.612125],[-82.034411,26.612147],[-82.03427,26.612241],[-82.03416,26.612274],[-82.032942,26.612252],[-82.032752,26.612285],[-82.032648,26.612334],[-82.032623,26.6124],[-82.03274,26.612422],[-82.032776,26.612455],[-82.032691,26.61262],[-82.032421,26.612609],[-82.032305,26.612631],[-82.032231,26.612818],[-82.032072,26.613715],[-82.03209,26.614293],[-82.032109,26.614557],[-82.032206,26.614519],[-82.032286,26.614453],[-82.032617,26.614447],[-82.032813,26.614524],[-82.03367,26.614519],[-82.033909,26.614541],[-82.035249,26.61453],[-82.03539,26.614508],[-82.03547,26.614486],[-82.03566,26.614404],[-82.035825,26.614343],[-82.035654,26.613931],[-82.035641,26.613876],[-82.035709,26.613848],[-82.035819,26.613887],[-82.035874,26.613975],[-82.036321,26.613964],[-82.036554,26.613903],[-82.036615,26.613799]]],[[[-82.0319832,26.6133879],[-82.0319564,26.6132967],[-82.0318491,26.613292],[-82.0317043,26.6132776],[-82.031435,26.6132641],[-82.031377,26.6132967],[-82.0313438,26.6133696],[-82.0313331,26.613456],[-82.0313073,26.6135078],[-82.0312054,26.6135078],[-82.0311078,26.6134896],[-82.0310058,26.6135183],[-82.0309479,26.6135605],[-82.0309157,26.6136469],[-82.0307912,26.6138013],[-82.0307912,26.6138493],[-82.0308084,26.6139154],[-82.0308245,26.613949],[-82.0308824,26.6139692],[-82.030861,26.6140123],[-82.0308191,26.6140305],[-82.0307537,26.6140891],[-82.030626,26.6140689],[-82.0305295,26.6141025],[-82.0304908,26.6141514],[-82.0304651,26.6142895],[-82.0304329,26.6144142],[-82.0303943,26.6144967],[-82.0303149,26.6145869],[-82.0302494,26.6146262],[-82.0301153,26.6147029],[-82.0298149,26.6147221],[-82.0297291,26.6147317],[-82.0296712,26.6147595],[-82.0296551,26.6147979],[-82.0296755,26.6148468],[-82.0297409,26.6148603],[-82.029816,26.6148603],[-82.0302773,26.6148411],[-82.0314779,26.6147317],[-82.0315584,26.6146838],[-82.0316656,26.6146406],[-82.0317794,26.6146109],[-82.0318867,26.6145917],[-82.0319403,26.6145341],[-82.0319135,26.6143807],[-82.0318491,26.6141361],[-82.0318598,26.613949],[-82.0319403,26.6136037],[-82.0319832,26.6133879]]],[[[-82.0318812,26.7499902],[-82.0317985,26.7499381],[-82.03161,26.7498972],[-82.0314449,26.7498456],[-82.0312908,26.749699],[-82.0311488,26.7495945],[-82.0309838,26.7495535],[-82.0306779,26.749524],[-82.0304897,26.7495148],[-82.030408,26.7495788],[-82.0302318,26.7495906],[-82.0300909,26.7496127],[-82.0298437,26.7495723],[-82.0294435,26.7495224],[-82.0292788,26.7495131],[-82.0287851,26.7495167],[-82.0286566,26.749602],[-82.0285991,26.7497502],[-82.0285075,26.7500147],[-82.0284733,26.7501416],[-82.028486,26.7502365],[-82.0285822,26.7504786],[-82.0287488,26.750699],[-82.0288435,26.7507722],[-82.0292557,26.7508536],[-82.0294909,26.7508625],[-82.0299268,26.7509649],[-82.0301749,26.7511108],[-82.0302572,26.7511102],[-82.0304448,26.7510455],[-82.0307158,26.7511175],[-82.0311106,26.7511225],[-82.0311746,26.7511563],[-82.0313155,26.7511342],[-82.0313853,26.7510493],[-82.0313832,26.7508171],[-82.031277,26.7507756],[-82.0311008,26.7507875],[-82.0307832,26.7507687],[-82.0307706,26.7506738],[-82.0306169,26.7505799],[-82.0304638,26.7505494],[-82.0305075,26.750328],[-82.0301674,26.7502289],[-82.0300253,26.7501475],[-82.0300034,26.7500652],[-82.0301716,26.7499117],[-82.0303773,26.7499999],[-82.0306189,26.7501432],[-82.0308873,26.7501222],[-82.0309931,26.750096],[-82.0310348,26.7499999],[-82.0308974,26.7498067],[-82.0309038,26.7498074],[-82.031022,26.7498804],[-82.0312116,26.7500373],[-82.0315299,26.7501405],[-82.0317419,26.7501812],[-82.0318705,26.7501064],[-82.0318812,26.7499902]]],[[[-82.0313932,26.6185101],[-82.031361,26.6184478],[-82.0313001,26.6184091],[-82.0312054,26.6184238],[-82.0309801,26.6184765],[-82.0308514,26.6184861],[-82.0307548,26.6184765],[-82.0306743,26.6184573],[-82.0305671,26.6183998],[-82.0304598,26.6183518],[-82.0304169,26.6183087],[-82.030356,26.6182269],[-82.0303418,26.6181744],[-82.0302594,26.618059],[-82.0302433,26.6180015],[-82.0302291,26.6179058],[-82.0302345,26.6178339],[-82.0302881,26.6176756],[-82.0303291,26.6176034],[-82.0303471,26.6175126],[-82.0303471,26.6174214],[-82.0303184,26.6173397],[-82.0302774,26.6172584],[-82.0301414,26.6170999],[-82.0299931,26.6170186],[-82.0299126,26.6169946],[-82.0297302,26.6169323],[-82.0295371,26.6169179],[-82.0287807,26.6169371],[-82.0279795,26.6170999],[-82.0277186,26.6171768],[-82.0276255,26.617239],[-82.0276094,26.6173541],[-82.0276684,26.6175267],[-82.027781,26.6178816],[-82.0278401,26.6182077],[-82.0278883,26.6183468],[-82.0279599,26.6183998],[-82.028119,26.6184139],[-82.0284374,26.6184286],[-82.0285482,26.6184043],[-82.0285803,26.6183228],[-82.0285071,26.6180593],[-82.0284087,26.6178816],[-82.0283998,26.6177188],[-82.0284642,26.6175174],[-82.0285321,26.6174116],[-82.0286251,26.6172967],[-82.0287753,26.617196],[-82.0288934,26.617172],[-82.0291597,26.6171574],[-82.0293922,26.6172584],[-82.0295532,26.6173591],[-82.02968,26.6175699],[-82.0297034,26.6177524],[-82.0296444,26.6179873],[-82.0296176,26.6182319],[-82.0296157,26.6183372],[-82.02968,26.6184235],[-82.0298463,26.6184859],[-82.0300574,26.6185197],[-82.0302326,26.6185914],[-82.0305241,26.6187019],[-82.0306636,26.6187403],[-82.0307529,26.6187544],[-82.0308602,26.6187544],[-82.0309675,26.6187353],[-82.0310802,26.6187305],[-82.0312001,26.6186875],[-82.0312894,26.6186729],[-82.031343,26.6186298],[-82.0313829,26.6185768],[-82.0313932,26.6185101]]],[[[-82.0313932,26.619968],[-82.0313717,26.6199201],[-82.0313181,26.6198673],[-82.0312483,26.6198337],[-82.0310928,26.6198146],[-82.0304364,26.6196704],[-82.0301808,26.6195844],[-82.0299072,26.6194741],[-82.0297391,26.6194115],[-82.0295639,26.6193829],[-82.0294172,26.6193731],[-82.0292348,26.6193971],[-82.0291562,26.6193973],[-82.0290382,26.6194405],[-82.0289934,26.619517],[-82.0290202,26.6195793],[-82.0291061,26.6196225],[-82.0293064,26.6196995],[-82.0299966,26.6200157],[-82.0305276,26.6203179],[-82.0309962,26.6206634],[-82.0311732,26.6208073],[-82.0312644,26.6208361],[-82.0313342,26.6208025],[-82.0313771,26.6207449],[-82.0313878,26.6206155],[-82.0313932,26.619968]]],[[[-82.02767093716409,26.633780197525798],[-82.02766227421371,26.63285615143838],[-82.02765354988226,26.631935179493006],[-82.02763610266464,26.63009323524225],[-82.02757260024941,26.627852610596715],[-82.02755127780422,26.627125820219046],[-82.02753177407693,26.626439742055734],[-82.02549965558609,26.62641931414484],[-82.02553065698942,26.62735765888694],[-82.02554512393256,26.627810827860667],[-82.02555959099142,26.62826399680397],[-82.02454727624657,26.628258526646864],[-82.02353496159205,26.628253049284908],[-82.02357800465639,26.62921416660269],[-82.02361389036493,26.63007062592163],[-82.02152813142364,26.63009068953436],[-82.02148932964795,26.629056641068008],[-82.0203397922223,26.629077097817497],[-82.01938359218335,26.629094107235737],[-82.01938491579322,26.629308097929012],[-82.01938806423648,26.629528168273538],[-82.01939598448982,26.62995271813006],[-82.01939641812871,26.630112027674638],[-82.01946709694393,26.630106650262896],[-82.0194720164773,26.631039639798022],[-82.01947250723903,26.63192039643425],[-82.01944095900531,26.632830613647286],[-82.01947000815983,26.63384411761946],[-82.01974206412031,26.63383783142498],[-82.02360802325212,26.633750500708253],[-82.02390071685052,26.633739613418367],[-82.0262818189708,26.633769770645944],[-82.02767093716409,26.633780197525798]]],[[[-82.0240897665231,26.63768542104831],[-82.02408968716198,26.63768534434094],[-82.02357412453277,26.637682410652513],[-82.02356449766937,26.641147792477916],[-82.0239104201774,26.6411516926185],[-82.02408252897364,26.641152523748058],[-82.0240897665231,26.63768542104831]]],[[[-82.0183947677232,26.637868089286684],[-82.01786199097018,26.637887406912178],[-82.01786201240179,26.637889592098954],[-82.01785831701326,26.63931495784351],[-82.01839381521928,26.639295550523947],[-82.0183947677232,26.637868089286684]]],[[[-81.99271507555,26.65592781784256],[-81.9926939292446,26.65592781675716],[-81.99244658766406,26.655925113190616],[-81.99240646885178,26.655925105637376],[-81.9920989105968,26.65592672166899],[-81.99208156643742,26.65592657899628],[-81.99183662050505,26.655926220347716],[-81.99158928396818,26.655923556808975],[-81.99148654695104,26.655923419816155],[-81.99134673066725,26.65592533119373],[-81.99117127810202,26.65592288068793],[-81.99117217553284,26.65637486270186],[-81.99271239408124,26.656376776871507],[-81.99271507555,26.65592781784256]]],[[[-81.99170601619866,26.645009434147557],[-81.99170383737044,26.64481781628577],[-81.9906970417446,26.645277208335315],[-81.99069557313709,26.64651808940769],[-81.99170228711976,26.646519011000475],[-81.99170469890112,26.645947566249607],[-81.99170601619866,26.645009434147557]]],[[[-81.9878053,26.7275303],[-81.9877964,26.727387],[-81.9877202,26.7273602],[-81.9875211,26.7273695],[-81.9872035,26.7273843],[-81.9871125,26.7274054],[-81.9870823,26.7274261],[-81.9870674,26.7274603],[-81.9870678,26.7275081],[-81.987091,26.7275625],[-81.9871142,26.7276033],[-81.9871906,26.7276438],[-81.9872514,26.7276501],[-81.9872973,26.727684],[-81.9872749,26.7277319],[-81.9869964,26.728041],[-81.9869509,26.7280618],[-81.9869054,26.7280757],[-81.9868446,26.7280762],[-81.9867912,26.7280561],[-81.9867682,26.7280289],[-81.9867525,26.7279676],[-81.9867519,26.7279062],[-81.9867438,26.7278448],[-81.9867207,26.7278108],[-81.9866827,26.7278043],[-81.9866139,26.7277706],[-81.9865833,26.7277435],[-81.9865598,26.7276618],[-81.9865358,26.7275254],[-81.9863306,26.7275269],[-81.9862559,26.7276776],[-81.9857872,26.7288548],[-81.9857356,26.7290463],[-81.9857437,26.7291008],[-81.9857819,26.7291279],[-81.9858733,26.7291477],[-81.9862536,26.7291724],[-81.9873863,26.729185],[-81.9875231,26.7291772],[-81.9875685,26.7291564],[-81.987629,26.7291219],[-81.9876742,26.7290738],[-81.9877036,26.7289575],[-81.9877475,26.7287661],[-81.9878053,26.7275303]]],[[[-81.93153913416268,26.6702624626066],[-81.93108478640649,26.6702586334866],[-81.93107879069949,26.670676455493656],[-81.93153295141835,26.670681660999723],[-81.93153913416268,26.6702624626066]]],[[[-81.93110767843001,26.667703082686625],[-81.93045383044583,26.66768584685408],[-81.93045248379427,26.667933444797985],[-81.93045121379255,26.66816728634078],[-81.93044938319937,26.668401124893673],[-81.93044776518572,26.668607452489844],[-81.92999718170746,26.66860472381005],[-81.92999470290684,26.668811048262093],[-81.93044542483067,26.66881377792123],[-81.9304400829005,26.669639095093082],[-81.92998483309113,26.669632602977014],[-81.92997982244114,26.67004968803528],[-81.93043545535103,26.67005174230515],[-81.93043220706018,26.670209498698984],[-81.93042943733404,26.67046437166297],[-81.92997487735681,26.670461340391714],[-81.92997239320644,26.670668054707],[-81.93042615047602,26.670670759758064],[-81.9304150716144,26.671188196635597],[-81.93041421056911,26.671342258053482],[-81.93041698189013,26.671498788034334],[-81.93041523911927,26.671668795128024],[-81.93041491444033,26.671700536464556],[-81.93040113558465,26.672337625105342],[-81.9303932138708,26.672507912565784],[-81.93060535162705,26.672424520159208],[-81.93060316409455,26.67199348843998],[-81.93106364354001,26.671998355553594],[-81.93106406900792,26.67192901403854],[-81.9310647884154,26.671811916459077],[-81.93106534196805,26.671721698023266],[-81.93060524498932,26.671717519782007],[-81.93063180922903,26.66987910358401],[-81.93109055782276,26.669889643456898],[-81.93109415979511,26.66962828933708],[-81.93063364723005,26.669625809678134],[-81.9306366139909,26.66921711949568],[-81.9306399302885,26.66879688889866],[-81.93064139546706,26.66858522690245],[-81.930647169785,26.66789796783502],[-81.93110629704319,26.66790214454774],[-81.93110767843001,26.667703082686625]]],[[[-81.92890720842823,26.664653801080572],[-81.92849899581256,26.664660409952113],[-81.92762112625108,26.664674639903286],[-81.92761955267925,26.667310030075743],[-81.92849732252407,26.667318902006837],[-81.92890553903742,26.66732289051194],[-81.92890584484054,26.666834396981848],[-81.92890657471676,26.66566655277921],[-81.92890698636039,26.66500886613135],[-81.92890720842823,26.664653801080572]]],[[[-81.92670326479839,26.663669156149414],[-81.92665542055472,26.66366981833812],[-81.9265329380888,26.66367181839956],[-81.92641045662403,26.66367381745338],[-81.92628806958653,26.66367581735316],[-81.92616558811321,26.663677817098474],[-81.92604310563125,26.663679816737726],[-81.9259206231459,26.66368181536877],[-81.92559855416283,26.663684797164695],[-81.92529440879942,26.66430380273218],[-81.92495176665153,26.665001151377453],[-81.92420968122944,26.664649674627064],[-81.92417384895411,26.664643729079053],[-81.9241729658091,26.664522299021094],[-81.92376724587115,26.664524314965696],[-81.92376892240534,26.664618260560285],[-81.92351099456219,26.66474942592354],[-81.92336484686834,26.66475078501435],[-81.92339404955112,26.667267569984322],[-81.9242074095258,26.667269706644788],[-81.92420888489319,26.66681577499353],[-81.92453805882765,26.666816638867118],[-81.92453658375838,26.66727057052396],[-81.92468969153663,26.66727097127263],[-81.9246914783665,26.666720751977685],[-81.92534764869984,26.66672247016603],[-81.92534509547546,26.66727268726618],[-81.9254964943948,26.66727308353988],[-81.92548303016724,26.665374492007334],[-81.92670215336379,26.665392825949663],[-81.92670260678814,26.664689525830386],[-81.92670289988818,26.664235540109978],[-81.92670326479839,26.663669156149414]]]]}}]}